000 (11630180.000.000) 2025-04-13 17:54:06 Job submitted from host: <131.225.189.251:9618?addrs=131.225.189.251-9618+[2620-6a-0-8421--e8]-9618&alias=lpcschedd4.fnal.gov&noUDP&sock=schedd_1977_a2d3>
...
000 (11630180.001.000) 2025-04-13 17:54:06 Job submitted from host: <131.225.189.251:9618?addrs=131.225.189.251-9618+[2620-6a-0-8421--e8]-9618&alias=lpcschedd4.fnal.gov&noUDP&sock=schedd_1977_a2d3>
...
000 (11630180.002.000) 2025-04-13 17:54:06 Job submitted from host: <131.225.189.251:9618?addrs=131.225.189.251-9618+[2620-6a-0-8421--e8]-9618&alias=lpcschedd4.fnal.gov&noUDP&sock=schedd_1977_a2d3>
...
000 (11630180.003.000) 2025-04-13 17:54:06 Job submitted from host: <131.225.189.251:9618?addrs=131.225.189.251-9618+[2620-6a-0-8421--e8]-9618&alias=lpcschedd4.fnal.gov&noUDP&sock=schedd_1977_a2d3>
...
000 (11630180.004.000) 2025-04-13 17:54:06 Job submitted from host: <131.225.189.251:9618?addrs=131.225.189.251-9618+[2620-6a-0-8421--e8]-9618&alias=lpcschedd4.fnal.gov&noUDP&sock=schedd_1977_a2d3>
...
040 (11630180.001.000) 2025-04-13 17:54:30 Started transferring input files
	Transferring to host: <131.225.188.17:9618?addrs=[2620-6a-0-8421-f0-0-188-17]-9618+131.225.188.17-9618&alias=cmswn2020.fnal.gov&noUDP&sock=slot1_10_1876735_55b6_1619>
...
040 (11630180.000.000) 2025-04-13 17:54:30 Started transferring input files
	Transferring to host: <131.225.188.179:9618?addrs=[2620-6a-0-8421-f0-0-188-179]-9618+131.225.188.179-9618&alias=cmswn2059.fnal.gov&noUDP&sock=slot1_9_810271_f84e_5350>
...
040 (11630180.003.000) 2025-04-13 17:54:31 Started transferring input files
	Transferring to host: <131.225.189.155:9618?addrs=[2620-6a-0-8421-f0-0-189-155]-9618+131.225.189.155-9618&alias=cmswn2112.fnal.gov&noUDP&sock=slot1_10_3151376_3a8f_13619>
...
040 (11630180.002.000) 2025-04-13 17:54:31 Started transferring input files
	Transferring to host: <131.225.189.244:9618?addrs=[2620-6a-0-8421-f0-0-189-244]-9618+131.225.189.244-9618&alias=cmswn2162.fnal.gov&noUDP&sock=slot1_9_2036385_33d2_10866>
...
040 (11630180.004.000) 2025-04-13 17:54:31 Started transferring input files
	Transferring to host: <131.225.188.68:9618?addrs=[2620-6a-0-8421-f0-0-188-68]-9618+131.225.188.68-9618&alias=cmswn2037.fnal.gov&noUDP&sock=slot1_10_2328_0958_18639>
...
040 (11630180.000.000) 2025-04-13 17:54:35 Finished transferring input files
...
040 (11630180.003.000) 2025-04-13 17:54:36 Finished transferring input files
...
001 (11630180.000.000) 2025-04-13 17:54:36 Job executing on host: <131.225.188.179:9618?addrs=[2620-6a-0-8421-f0-0-188-179]-9618+131.225.188.179-9618&alias=cmswn2059.fnal.gov&noUDP&sock=startd_2275_0a0c>
	SlotName: slot1_9@cmswn2059.fnal.gov
	CondorScratchDir = "/storage/local/data1/condor/execute/dir_997087"
	Cpus = 1
	Disk = 52430336
	GPUs = 0
	Memory = 8192
...
040 (11630180.002.000) 2025-04-13 17:54:37 Finished transferring input files
...
001 (11630180.003.000) 2025-04-13 17:54:37 Job executing on host: <131.225.189.155:9618?addrs=[2620-6a-0-8421-f0-0-189-155]-9618+131.225.189.155-9618&alias=cmswn2112.fnal.gov&noUDP&sock=startd_2322_46ff>
	SlotName: slot1_10@cmswn2112.fnal.gov
	CondorScratchDir = "/storage/local/data1/condor/execute/dir_2296190"
	Cpus = 1
	Disk = 52432099
	GPUs = 0
	Memory = 8192
...
001 (11630180.002.000) 2025-04-13 17:54:38 Job executing on host: <131.225.189.244:9618?addrs=[2620-6a-0-8421-f0-0-189-244]-9618+131.225.189.244-9618&alias=cmswn2162.fnal.gov&noUDP&sock=startd_2233_3b11>
	SlotName: slot1_9@cmswn2162.fnal.gov
	CondorScratchDir = "/storage/local/data1/condor/execute/dir_973892"
	Cpus = 1
	Disk = 52432295
	GPUs = 0
	Memory = 8192
...
040 (11630180.001.000) 2025-04-13 17:54:39 Finished transferring input files
...
001 (11630180.001.000) 2025-04-13 17:54:40 Job executing on host: <131.225.188.17:9618?addrs=[2620-6a-0-8421-f0-0-188-17]-9618+131.225.188.17-9618&alias=cmswn2020.fnal.gov&noUDP&sock=startd_2098_a1c8>
	SlotName: slot1_10@cmswn2020.fnal.gov
	CondorScratchDir = "/storage/local/data1/condor/execute/dir_1849703"
	Cpus = 1
	Disk = 52430455
	GPUs = 0
	Memory = 8192
...
040 (11630180.004.000) 2025-04-13 17:54:43 Finished transferring input files
...
001 (11630180.004.000) 2025-04-13 17:54:44 Job executing on host: <131.225.188.68:9618?addrs=[2620-6a-0-8421-f0-0-188-68]-9618+131.225.188.68-9618&alias=cmswn2037.fnal.gov&noUDP&sock=startd_2267_8d4a>
	SlotName: slot1_10@cmswn2037.fnal.gov
	CondorScratchDir = "/storage/local/data1/condor/execute/dir_1397502"
	Cpus = 1
	Disk = 52430447
	GPUs = 0
	Memory = 8192
...
006 (11630180.003.000) 2025-04-13 17:54:46 Image size of job updated: 44
	44  -  MemoryUsage of job (MB)
	45700  -  ResidentSetSize of job (KB)
...
006 (11630180.002.000) 2025-04-13 17:54:47 Image size of job updated: 48
	48  -  MemoryUsage of job (MB)
	49736  -  ResidentSetSize of job (KB)
...
006 (11630180.000.000) 2025-04-13 17:55:45 Image size of job updated: 513
	513  -  MemoryUsage of job (MB)
	525712  -  ResidentSetSize of job (KB)
...
006 (11630180.003.000) 2025-04-13 17:55:47 Image size of job updated: 509
	509  -  MemoryUsage of job (MB)
	521292  -  ResidentSetSize of job (KB)
...
006 (11630180.002.000) 2025-04-13 17:55:48 Image size of job updated: 479
	479  -  MemoryUsage of job (MB)
	491016  -  ResidentSetSize of job (KB)
...
006 (11630180.001.000) 2025-04-13 17:55:49 Image size of job updated: 521
	521  -  MemoryUsage of job (MB)
	534244  -  ResidentSetSize of job (KB)
...
006 (11630180.004.000) 2025-04-13 17:55:55 Image size of job updated: 368
	368  -  MemoryUsage of job (MB)
	376852  -  ResidentSetSize of job (KB)
...
006 (11630180.000.000) 2025-04-13 17:56:45 Image size of job updated: 513
	513  -  MemoryUsage of job (MB)
	526128  -  ResidentSetSize of job (KB)
...
006 (11630180.003.000) 2025-04-13 17:56:48 Image size of job updated: 509
	509  -  MemoryUsage of job (MB)
	521616  -  ResidentSetSize of job (KB)
...
006 (11630180.001.000) 2025-04-13 17:56:49 Image size of job updated: 522
	522  -  MemoryUsage of job (MB)
	535544  -  ResidentSetSize of job (KB)
...
006 (11630180.004.000) 2025-04-13 17:56:55 Image size of job updated: 368
	368  -  MemoryUsage of job (MB)
	377372  -  ResidentSetSize of job (KB)
...
006 (11630180.000.000) 2025-04-13 17:57:45 Image size of job updated: 513
	513  -  MemoryUsage of job (MB)
	526328  -  ResidentSetSize of job (KB)
...
006 (11630180.001.000) 2025-04-13 17:57:50 Image size of job updated: 523
	523  -  MemoryUsage of job (MB)
	536048  -  ResidentSetSize of job (KB)
...
006 (11630180.004.000) 2025-04-13 17:57:56 Image size of job updated: 368
	368  -  MemoryUsage of job (MB)
	377732  -  ResidentSetSize of job (KB)
...
006 (11630180.000.000) 2025-04-13 17:58:45 Image size of job updated: 514
	514  -  MemoryUsage of job (MB)
	527188  -  ResidentSetSize of job (KB)
...
006 (11630180.003.000) 2025-04-13 17:58:49 Image size of job updated: 509
	509  -  MemoryUsage of job (MB)
	521720  -  ResidentSetSize of job (KB)
...
006 (11630180.004.000) 2025-04-13 17:58:56 Image size of job updated: 369
	369  -  MemoryUsage of job (MB)
	378316  -  ResidentSetSize of job (KB)
...
006 (11630180.000.000) 2025-04-13 17:59:46 Image size of job updated: 515
	515  -  MemoryUsage of job (MB)
	527984  -  ResidentSetSize of job (KB)
...
006 (11630180.003.000) 2025-04-13 17:59:50 Image size of job updated: 510
	510  -  MemoryUsage of job (MB)
	522592  -  ResidentSetSize of job (KB)
...
006 (11630180.002.000) 2025-04-13 17:59:50 Image size of job updated: 480
	480  -  MemoryUsage of job (MB)
	491892  -  ResidentSetSize of job (KB)
...
006 (11630180.004.000) 2025-04-13 17:59:56 Image size of job updated: 370
	370  -  MemoryUsage of job (MB)
	379484  -  ResidentSetSize of job (KB)
...
006 (11630180.002.000) 2025-04-13 18:00:51 Image size of job updated: 481
	481  -  MemoryUsage of job (MB)
	492732  -  ResidentSetSize of job (KB)
...
006 (11630180.004.000) 2025-04-13 18:00:57 Image size of job updated: 371
	371  -  MemoryUsage of job (MB)
	380492  -  ResidentSetSize of job (KB)
...
006 (11630180.004.000) 2025-04-13 18:01:57 Image size of job updated: 372
	372  -  MemoryUsage of job (MB)
	381020  -  ResidentSetSize of job (KB)
...
006 (11630180.002.000) 2025-04-13 18:02:51 Image size of job updated: 588
	588  -  MemoryUsage of job (MB)
	602700  -  ResidentSetSize of job (KB)
...
006 (11630180.004.000) 2025-04-13 18:02:57 Image size of job updated: 434
	434  -  MemoryUsage of job (MB)
	444572  -  ResidentSetSize of job (KB)
...
006 (11630180.000.000) 2025-04-13 18:03:48 Image size of job updated: 808
	808  -  MemoryUsage of job (MB)
	827972  -  ResidentSetSize of job (KB)
...
006 (11630180.003.000) 2025-04-13 18:03:51 Image size of job updated: 800
	800  -  MemoryUsage of job (MB)
	819368  -  ResidentSetSize of job (KB)
...
006 (11630180.002.000) 2025-04-13 18:03:52 Image size of job updated: 810
	810  -  MemoryUsage of job (MB)
	829532  -  ResidentSetSize of job (KB)
...
006 (11630180.001.000) 2025-04-13 18:03:52 Image size of job updated: 726
	726  -  MemoryUsage of job (MB)
	743616  -  ResidentSetSize of job (KB)
...
006 (11630180.004.000) 2025-04-13 18:03:58 Image size of job updated: 793
	793  -  MemoryUsage of job (MB)
	812340  -  ResidentSetSize of job (KB)
...
006 (11630180.000.000) 2025-04-13 18:04:49 Image size of job updated: 810
	810  -  MemoryUsage of job (MB)
	829556  -  ResidentSetSize of job (KB)
...
006 (11630180.003.000) 2025-04-13 18:04:51 Image size of job updated: 800
	800  -  MemoryUsage of job (MB)
	819528  -  ResidentSetSize of job (KB)
...
006 (11630180.001.000) 2025-04-13 18:04:53 Image size of job updated: 811
	811  -  MemoryUsage of job (MB)
	830768  -  ResidentSetSize of job (KB)
...
006 (11630180.004.000) 2025-04-13 18:04:58 Image size of job updated: 818
	818  -  MemoryUsage of job (MB)
	838596  -  ResidentSetSize of job (KB)
...
006 (11630180.000.000) 2025-04-13 18:05:49 Image size of job updated: 810
	810  -  MemoryUsage of job (MB)
	829960  -  ResidentSetSize of job (KB)
...
006 (11630180.002.000) 2025-04-13 18:05:52 Image size of job updated: 810
	810  -  MemoryUsage of job (MB)
	829796  -  ResidentSetSize of job (KB)
...
006 (11630180.004.000) 2025-04-13 18:05:59 Image size of job updated: 819
	819  -  MemoryUsage of job (MB)
	838752  -  ResidentSetSize of job (KB)
...
006 (11630180.002.000) 2025-04-13 18:06:53 Image size of job updated: 821
	821  -  MemoryUsage of job (MB)
	841208  -  ResidentSetSize of job (KB)
...
006 (11630180.003.000) 2025-04-13 18:06:53 Image size of job updated: 800
	800  -  MemoryUsage of job (MB)
	819544  -  ResidentSetSize of job (KB)
...
006 (11630180.004.000) 2025-04-13 18:07:00 Image size of job updated: 847
	847  -  MemoryUsage of job (MB)
	868012  -  ResidentSetSize of job (KB)
...
006 (11630180.000.000) 2025-04-13 18:07:50 Image size of job updated: 811
	811  -  MemoryUsage of job (MB)
	831268  -  ResidentSetSize of job (KB)
...
006 (11630180.003.000) 2025-04-13 18:07:53 Image size of job updated: 800
	800  -  MemoryUsage of job (MB)
	819648  -  ResidentSetSize of job (KB)
...
006 (11630180.004.000) 2025-04-13 18:08:00 Image size of job updated: 847
	847  -  MemoryUsage of job (MB)
	868232  -  ResidentSetSize of job (KB)
...
006 (11630180.001.000) 2025-04-13 18:08:54 Image size of job updated: 811
	811  -  MemoryUsage of job (MB)
	831124  -  ResidentSetSize of job (KB)
...
006 (11630180.000.000) 2025-04-13 18:09:51 Image size of job updated: 813
	813  -  MemoryUsage of job (MB)
	833248  -  ResidentSetSize of job (KB)
...
006 (11630180.001.000) 2025-04-13 18:09:54 Image size of job updated: 812
	812  -  MemoryUsage of job (MB)
	831692  -  ResidentSetSize of job (KB)
...
006 (11630180.003.000) 2025-04-13 18:09:55 Image size of job updated: 824
	824  -  MemoryUsage of job (MB)
	843924  -  ResidentSetSize of job (KB)
...
006 (11630180.002.000) 2025-04-13 18:09:55 Image size of job updated: 823
	823  -  MemoryUsage of job (MB)
	843220  -  ResidentSetSize of job (KB)
...
006 (11630180.004.000) 2025-04-13 18:10:01 Image size of job updated: 847
	847  -  MemoryUsage of job (MB)
	868328  -  ResidentSetSize of job (KB)
...
006 (11630180.001.000) 2025-04-13 18:10:55 Image size of job updated: 826
	826  -  MemoryUsage of job (MB)
	845832  -  ResidentSetSize of job (KB)
...
006 (11630180.000.000) 2025-04-13 18:11:52 Image size of job updated: 820
	820  -  MemoryUsage of job (MB)
	840008  -  ResidentSetSize of job (KB)
...
006 (11630180.001.000) 2025-04-13 18:11:56 Image size of job updated: 837
	837  -  MemoryUsage of job (MB)
	857348  -  ResidentSetSize of job (KB)
...
006 (11630180.000.000) 2025-04-13 18:12:53 Image size of job updated: 825
	825  -  MemoryUsage of job (MB)
	845464  -  ResidentSetSize of job (KB)
...
006 (11630180.001.000) 2025-04-13 18:12:56 Image size of job updated: 837
	837  -  MemoryUsage of job (MB)
	857356  -  ResidentSetSize of job (KB)
...
006 (11630180.001.000) 2025-04-13 18:13:57 Image size of job updated: 838
	838  -  MemoryUsage of job (MB)
	858156  -  ResidentSetSize of job (KB)
...
006 (11630180.002.000) 2025-04-13 18:14:57 Image size of job updated: 823
	823  -  MemoryUsage of job (MB)
	843508  -  ResidentSetSize of job (KB)
...
006 (11630180.001.000) 2025-04-13 18:14:58 Image size of job updated: 838
	838  -  MemoryUsage of job (MB)
	858196  -  ResidentSetSize of job (KB)
...
006 (11630180.002.000) 2025-04-13 18:15:57 Image size of job updated: 865
	865  -  MemoryUsage of job (MB)
	886592  -  ResidentSetSize of job (KB)
...
006 (11630180.002.000) 2025-04-13 18:16:57 Image size of job updated: 891
	891  -  MemoryUsage of job (MB)
	912472  -  ResidentSetSize of job (KB)
...
006 (11630180.004.000) 2025-04-13 18:17:04 Image size of job updated: 871
	871  -  MemoryUsage of job (MB)
	892288  -  ResidentSetSize of job (KB)
...
006 (11630180.000.000) 2025-04-13 18:17:57 Image size of job updated: 879
	879  -  MemoryUsage of job (MB)
	900228  -  ResidentSetSize of job (KB)
...
006 (11630180.002.000) 2025-04-13 18:17:58 Image size of job updated: 1019
	1019  -  MemoryUsage of job (MB)
	1043568  -  ResidentSetSize of job (KB)
...
006 (11630180.000.000) 2025-04-13 18:18:57 Image size of job updated: 1017
	1017  -  MemoryUsage of job (MB)
	1042008  -  ResidentSetSize of job (KB)
...
006 (11630180.002.000) 2025-04-13 18:18:59 Image size of job updated: 1164
	1164  -  MemoryUsage of job (MB)
	1192260  -  ResidentSetSize of job (KB)
...
006 (11630180.004.000) 2025-04-13 18:19:05 Image size of job updated: 897
	897  -  MemoryUsage of job (MB)
	919000  -  ResidentSetSize of job (KB)
...
006 (11630180.000.000) 2025-04-13 18:19:57 Image size of job updated: 1181
	1181  -  MemoryUsage of job (MB)
	1209548  -  ResidentSetSize of job (KB)
...
006 (11630180.002.000) 2025-04-13 18:19:59 Image size of job updated: 1196
	1196  -  MemoryUsage of job (MB)
	1225020  -  ResidentSetSize of job (KB)
...
006 (11630180.000.000) 2025-04-13 18:20:58 Image size of job updated: 1210
	1210  -  MemoryUsage of job (MB)
	1239940  -  ResidentSetSize of job (KB)
...
006 (11630180.002.000) 2025-04-13 18:21:00 Image size of job updated: 1225
	1225  -  MemoryUsage of job (MB)
	1254576  -  ResidentSetSize of job (KB)
...
006 (11630180.000.000) 2025-04-13 18:21:59 Image size of job updated: 1244
	1244  -  MemoryUsage of job (MB)
	1274004  -  ResidentSetSize of job (KB)
...
006 (11630180.002.000) 2025-04-13 18:22:01 Image size of job updated: 1253
	1253  -  MemoryUsage of job (MB)
	1283796  -  ResidentSetSize of job (KB)
...
006 (11630180.003.000) 2025-04-13 18:22:01 Image size of job updated: 825
	825  -  MemoryUsage of job (MB)
	844944  -  ResidentSetSize of job (KB)
...
006 (11630180.000.000) 2025-04-13 18:22:59 Image size of job updated: 1261
	1261  -  MemoryUsage of job (MB)
	1291648  -  ResidentSetSize of job (KB)
...
006 (11630180.003.000) 2025-04-13 18:23:01 Image size of job updated: 825
	825  -  MemoryUsage of job (MB)
	845192  -  ResidentSetSize of job (KB)
...
006 (11630180.002.000) 2025-04-13 18:23:01 Image size of job updated: 1282
	1282  -  MemoryUsage of job (MB)
	1313380  -  ResidentSetSize of job (KB)
...
006 (11630180.000.000) 2025-04-13 18:23:59 Image size of job updated: 1273
	1273  -  MemoryUsage of job (MB)
	1304200  -  ResidentSetSize of job (KB)
...
006 (11630180.002.000) 2025-04-13 18:24:02 Image size of job updated: 1311
	1311  -  MemoryUsage of job (MB)
	1342892  -  ResidentSetSize of job (KB)
...
006 (11630180.000.000) 2025-04-13 18:25:00 Image size of job updated: 1303
	1303  -  MemoryUsage of job (MB)
	1334848  -  ResidentSetSize of job (KB)
...
006 (11630180.002.000) 2025-04-13 18:25:02 Image size of job updated: 1340
	1340  -  MemoryUsage of job (MB)
	1372848  -  ResidentSetSize of job (KB)
...
006 (11630180.003.000) 2025-04-13 18:25:02 Image size of job updated: 825
	825  -  MemoryUsage of job (MB)
	845384  -  ResidentSetSize of job (KB)
...
006 (11630180.001.000) 2025-04-13 18:25:03 Image size of job updated: 862
	862  -  MemoryUsage of job (MB)
	883320  -  ResidentSetSize of job (KB)
...
006 (11630180.000.000) 2025-04-13 18:26:01 Image size of job updated: 1333
	1333  -  MemoryUsage of job (MB)
	1365680  -  ResidentSetSize of job (KB)
...
006 (11630180.002.000) 2025-04-13 18:26:02 Image size of job updated: 1370
	1370  -  MemoryUsage of job (MB)
	1403348  -  ResidentSetSize of job (KB)
...
006 (11630180.003.000) 2025-04-13 18:26:02 Image size of job updated: 829
	829  -  MemoryUsage of job (MB)
	849532  -  ResidentSetSize of job (KB)
...
006 (11630180.000.000) 2025-04-13 18:27:01 Image size of job updated: 1363
	1363  -  MemoryUsage of job (MB)
	1395824  -  ResidentSetSize of job (KB)
...
006 (11630180.002.000) 2025-04-13 18:27:03 Image size of job updated: 1399
	1399  -  MemoryUsage of job (MB)
	1433016  -  ResidentSetSize of job (KB)
...
006 (11630180.000.000) 2025-04-13 18:28:02 Image size of job updated: 1393
	1393  -  MemoryUsage of job (MB)
	1426636  -  ResidentSetSize of job (KB)
...
006 (11630180.003.000) 2025-04-13 18:28:03 Image size of job updated: 865
	865  -  MemoryUsage of job (MB)
	886572  -  ResidentSetSize of job (KB)
...
006 (11630180.002.000) 2025-04-13 18:28:04 Image size of job updated: 1428
	1428  -  MemoryUsage of job (MB)
	1462472  -  ResidentSetSize of job (KB)
...
006 (11630180.000.000) 2025-04-13 18:29:02 Image size of job updated: 1423
	1423  -  MemoryUsage of job (MB)
	1457192  -  ResidentSetSize of job (KB)
...
006 (11630180.003.000) 2025-04-13 18:29:03 Image size of job updated: 892
	892  -  MemoryUsage of job (MB)
	913568  -  ResidentSetSize of job (KB)
...
006 (11630180.002.000) 2025-04-13 18:29:04 Image size of job updated: 1456
	1456  -  MemoryUsage of job (MB)
	1491796  -  ResidentSetSize of job (KB)
...
006 (11630180.000.000) 2025-04-13 18:30:02 Image size of job updated: 1452
	1452  -  MemoryUsage of job (MB)
	1487260  -  ResidentSetSize of job (KB)
...
006 (11630180.003.000) 2025-04-13 18:30:04 Image size of job updated: 1015
	1015  -  MemoryUsage of job (MB)
	1039620  -  ResidentSetSize of job (KB)
...
006 (11630180.002.000) 2025-04-13 18:30:05 Image size of job updated: 1485
	1485  -  MemoryUsage of job (MB)
	1521172  -  ResidentSetSize of job (KB)
...
006 (11630180.000.000) 2025-04-13 18:31:03 Image size of job updated: 1471
	1471  -  MemoryUsage of job (MB)
	1507280  -  ResidentSetSize of job (KB)
...
006 (11630180.003.000) 2025-04-13 18:31:04 Image size of job updated: 1158
	1158  -  MemoryUsage of job (MB)
	1186232  -  ResidentSetSize of job (KB)
...
006 (11630180.001.000) 2025-04-13 18:31:05 Image size of job updated: 879
	879  -  MemoryUsage of job (MB)
	900836  -  ResidentSetSize of job (KB)
...
006 (11630180.002.000) 2025-04-13 18:31:05 Image size of job updated: 1514
	1514  -  MemoryUsage of job (MB)
	1550804  -  ResidentSetSize of job (KB)
...
006 (11630180.004.000) 2025-04-13 18:31:12 Image size of job updated: 1027
	1027  -  MemoryUsage of job (MB)
	1052440  -  ResidentSetSize of job (KB)
...
006 (11630180.000.000) 2025-04-13 18:32:03 Image size of job updated: 1482
	1482  -  MemoryUsage of job (MB)
	1517816  -  ResidentSetSize of job (KB)
...
006 (11630180.003.000) 2025-04-13 18:32:05 Image size of job updated: 1187
	1187  -  MemoryUsage of job (MB)
	1216276  -  ResidentSetSize of job (KB)
...
006 (11630180.001.000) 2025-04-13 18:32:06 Image size of job updated: 1015
	1015  -  MemoryUsage of job (MB)
	1039760  -  ResidentSetSize of job (KB)
...
006 (11630180.002.000) 2025-04-13 18:32:06 Image size of job updated: 1572
	1572  -  MemoryUsage of job (MB)
	1610292  -  ResidentSetSize of job (KB)
...
006 (11630180.004.000) 2025-04-13 18:32:13 Image size of job updated: 1169
	1169  -  MemoryUsage of job (MB)
	1198036  -  ResidentSetSize of job (KB)
...
006 (11630180.000.000) 2025-04-13 18:33:04 Image size of job updated: 1512
	1512  -  MemoryUsage of job (MB)
	1548400  -  ResidentSetSize of job (KB)
...
006 (11630180.003.000) 2025-04-13 18:33:05 Image size of job updated: 1216
	1216  -  MemoryUsage of job (MB)
	1246000  -  ResidentSetSize of job (KB)
...
006 (11630180.001.000) 2025-04-13 18:33:07 Image size of job updated: 1176
	1176  -  MemoryUsage of job (MB)
	1205092  -  ResidentSetSize of job (KB)
...
006 (11630180.002.000) 2025-04-13 18:33:07 Image size of job updated: 1602
	1602  -  MemoryUsage of job (MB)
	1640448  -  ResidentSetSize of job (KB)
...
006 (11630180.004.000) 2025-04-13 18:33:13 Image size of job updated: 1198
	1198  -  MemoryUsage of job (MB)
	1227496  -  ResidentSetSize of job (KB)
...
006 (11630180.000.000) 2025-04-13 18:34:04 Image size of job updated: 1542
	1542  -  MemoryUsage of job (MB)
	1579520  -  ResidentSetSize of job (KB)
...
006 (11630180.003.000) 2025-04-13 18:34:06 Image size of job updated: 1217
	1217  -  MemoryUsage of job (MB)
	1246356  -  ResidentSetSize of job (KB)
...
006 (11630180.001.000) 2025-04-13 18:34:07 Image size of job updated: 1205
	1205  -  MemoryUsage of job (MB)
	1234896  -  ResidentSetSize of job (KB)
...
006 (11630180.002.000) 2025-04-13 18:34:07 Image size of job updated: 1632
	1632  -  MemoryUsage of job (MB)
	1671772  -  ResidentSetSize of job (KB)
...
006 (11630180.004.000) 2025-04-13 18:34:14 Image size of job updated: 1256
	1256  -  MemoryUsage of job (MB)
	1286420  -  ResidentSetSize of job (KB)
...
006 (11630180.000.000) 2025-04-13 18:35:05 Image size of job updated: 1572
	1572  -  MemoryUsage of job (MB)
	1610640  -  ResidentSetSize of job (KB)
...
006 (11630180.003.000) 2025-04-13 18:35:06 Image size of job updated: 1245
	1245  -  MemoryUsage of job (MB)
	1275684  -  ResidentSetSize of job (KB)
...
006 (11630180.001.000) 2025-04-13 18:35:08 Image size of job updated: 1243
	1243  -  MemoryUsage of job (MB)
	1273272  -  ResidentSetSize of job (KB)
...
006 (11630180.002.000) 2025-04-13 18:35:08 Image size of job updated: 1689
	1689  -  MemoryUsage of job (MB)
	1729900  -  ResidentSetSize of job (KB)
...
006 (11630180.004.000) 2025-04-13 18:35:14 Image size of job updated: 1285
	1285  -  MemoryUsage of job (MB)
	1316096  -  ResidentSetSize of job (KB)
...
006 (11630180.000.000) 2025-04-13 18:36:06 Image size of job updated: 1602
	1602  -  MemoryUsage of job (MB)
	1641112  -  ResidentSetSize of job (KB)
...
006 (11630180.003.000) 2025-04-13 18:36:06 Image size of job updated: 1274
	1274  -  MemoryUsage of job (MB)
	1305072  -  ResidentSetSize of job (KB)
...
006 (11630180.001.000) 2025-04-13 18:36:08 Image size of job updated: 1272
	1272  -  MemoryUsage of job (MB)
	1302920  -  ResidentSetSize of job (KB)
...
006 (11630180.002.000) 2025-04-13 18:36:09 Image size of job updated: 1718
	1718  -  MemoryUsage of job (MB)
	1759792  -  ResidentSetSize of job (KB)
...
006 (11630180.004.000) 2025-04-13 18:36:15 Image size of job updated: 1314
	1314  -  MemoryUsage of job (MB)
	1345772  -  ResidentSetSize of job (KB)
...
006 (11630180.000.000) 2025-04-13 18:37:06 Image size of job updated: 1631
	1631  -  MemoryUsage of job (MB)
	1670856  -  ResidentSetSize of job (KB)
...
006 (11630180.003.000) 2025-04-13 18:37:07 Image size of job updated: 1304
	1304  -  MemoryUsage of job (MB)
	1335456  -  ResidentSetSize of job (KB)
...
006 (11630180.001.000) 2025-04-13 18:37:09 Image size of job updated: 1301
	1301  -  MemoryUsage of job (MB)
	1332556  -  ResidentSetSize of job (KB)
...
006 (11630180.002.000) 2025-04-13 18:37:09 Image size of job updated: 1749
	1749  -  MemoryUsage of job (MB)
	1791108  -  ResidentSetSize of job (KB)
...
006 (11630180.004.000) 2025-04-13 18:37:16 Image size of job updated: 1342
	1342  -  MemoryUsage of job (MB)
	1374604  -  ResidentSetSize of job (KB)
...
006 (11630180.000.000) 2025-04-13 18:38:07 Image size of job updated: 1661
	1661  -  MemoryUsage of job (MB)
	1701400  -  ResidentSetSize of job (KB)
...
006 (11630180.003.000) 2025-04-13 18:38:07 Image size of job updated: 1333
	1333  -  MemoryUsage of job (MB)
	1365344  -  ResidentSetSize of job (KB)
...
006 (11630180.001.000) 2025-04-13 18:38:09 Image size of job updated: 1330
	1330  -  MemoryUsage of job (MB)
	1362060  -  ResidentSetSize of job (KB)
...
006 (11630180.002.000) 2025-04-13 18:38:10 Image size of job updated: 1806
	1806  -  MemoryUsage of job (MB)
	1849428  -  ResidentSetSize of job (KB)
...
006 (11630180.004.000) 2025-04-13 18:38:16 Image size of job updated: 1344
	1344  -  MemoryUsage of job (MB)
	1376504  -  ResidentSetSize of job (KB)
...
006 (11630180.000.000) 2025-04-13 18:39:07 Image size of job updated: 1691
	1691  -  MemoryUsage of job (MB)
	1732232  -  ResidentSetSize of job (KB)
...
006 (11630180.003.000) 2025-04-13 18:39:08 Image size of job updated: 1362
	1362  -  MemoryUsage of job (MB)
	1394764  -  ResidentSetSize of job (KB)
...
006 (11630180.001.000) 2025-04-13 18:39:09 Image size of job updated: 1359
	1359  -  MemoryUsage of job (MB)
	1392156  -  ResidentSetSize of job (KB)
...
006 (11630180.002.000) 2025-04-13 18:39:10 Image size of job updated: 1835
	1835  -  MemoryUsage of job (MB)
	1879268  -  ResidentSetSize of job (KB)
...
006 (11630180.004.000) 2025-04-13 18:39:17 Image size of job updated: 1372
	1372  -  MemoryUsage of job (MB)
	1405568  -  ResidentSetSize of job (KB)
...
006 (11630180.000.000) 2025-04-13 18:40:08 Image size of job updated: 1721
	1721  -  MemoryUsage of job (MB)
	1763324  -  ResidentSetSize of job (KB)
...
006 (11630180.003.000) 2025-04-13 18:40:08 Image size of job updated: 1362
	1362  -  MemoryUsage of job (MB)
	1395052  -  ResidentSetSize of job (KB)
...
006 (11630180.001.000) 2025-04-13 18:40:10 Image size of job updated: 1359
	1359  -  MemoryUsage of job (MB)
	1392500  -  ResidentSetSize of job (KB)
...
006 (11630180.002.000) 2025-04-13 18:40:10 Image size of job updated: 1865
	1865  -  MemoryUsage of job (MB)
	1910372  -  ResidentSetSize of job (KB)
...
006 (11630180.004.000) 2025-04-13 18:40:17 Image size of job updated: 1428
	1428  -  MemoryUsage of job (MB)
	1462784  -  ResidentSetSize of job (KB)
...
006 (11630180.000.000) 2025-04-13 18:41:08 Image size of job updated: 1751
	1751  -  MemoryUsage of job (MB)
	1793296  -  ResidentSetSize of job (KB)
...
006 (11630180.003.000) 2025-04-13 18:41:09 Image size of job updated: 1391
	1391  -  MemoryUsage of job (MB)
	1424580  -  ResidentSetSize of job (KB)
...
006 (11630180.001.000) 2025-04-13 18:41:10 Image size of job updated: 1389
	1389  -  MemoryUsage of job (MB)
	1422368  -  ResidentSetSize of job (KB)
...
006 (11630180.002.000) 2025-04-13 18:41:11 Image size of job updated: 1922
	1922  -  MemoryUsage of job (MB)
	1969092  -  ResidentSetSize of job (KB)
...
006 (11630180.004.000) 2025-04-13 18:41:18 Image size of job updated: 1457
	1457  -  MemoryUsage of job (MB)
	1492340  -  ResidentSetSize of job (KB)
...
006 (11630180.000.000) 2025-04-13 18:42:08 Image size of job updated: 1751
	1751  -  MemoryUsage of job (MB)
	1793548  -  ResidentSetSize of job (KB)
...
006 (11630180.003.000) 2025-04-13 18:42:10 Image size of job updated: 1420
	1420  -  MemoryUsage of job (MB)
	1454880  -  ResidentSetSize of job (KB)
...
006 (11630180.001.000) 2025-04-13 18:42:11 Image size of job updated: 1418
	1418  -  MemoryUsage of job (MB)
	1452272  -  ResidentSetSize of job (KB)
...
006 (11630180.002.000) 2025-04-13 18:42:12 Image size of job updated: 1952
	1952  -  MemoryUsage of job (MB)
	1999332  -  ResidentSetSize of job (KB)
...
006 (11630180.004.000) 2025-04-13 18:42:18 Image size of job updated: 1486
	1486  -  MemoryUsage of job (MB)
	1522040  -  ResidentSetSize of job (KB)
...
006 (11630180.000.000) 2025-04-13 18:43:09 Image size of job updated: 1780
	1780  -  MemoryUsage of job (MB)
	1823580  -  ResidentSetSize of job (KB)
...
006 (11630180.003.000) 2025-04-13 18:43:10 Image size of job updated: 1449
	1449  -  MemoryUsage of job (MB)
	1484752  -  ResidentSetSize of job (KB)
...
006 (11630180.001.000) 2025-04-13 18:43:12 Image size of job updated: 1447
	1447  -  MemoryUsage of job (MB)
	1482132  -  ResidentSetSize of job (KB)
...
006 (11630180.002.000) 2025-04-13 18:43:12 Image size of job updated: 2010
	2010  -  MemoryUsage of job (MB)
	2058408  -  ResidentSetSize of job (KB)
...
006 (11630180.004.000) 2025-04-13 18:43:19 Image size of job updated: 1514
	1514  -  MemoryUsage of job (MB)
	1551128  -  ResidentSetSize of job (KB)
...
006 (11630180.000.000) 2025-04-13 18:44:09 Image size of job updated: 1810
	1810  -  MemoryUsage of job (MB)
	1853672  -  ResidentSetSize of job (KB)
...
006 (11630180.003.000) 2025-04-13 18:44:11 Image size of job updated: 1479
	1479  -  MemoryUsage of job (MB)
	1514876  -  ResidentSetSize of job (KB)
...
006 (11630180.002.000) 2025-04-13 18:44:13 Image size of job updated: 2039
	2039  -  MemoryUsage of job (MB)
	2088596  -  ResidentSetSize of job (KB)
...
006 (11630180.004.000) 2025-04-13 18:44:20 Image size of job updated: 1543
	1543  -  MemoryUsage of job (MB)
	1580784  -  ResidentSetSize of job (KB)
...
006 (11630180.000.000) 2025-04-13 18:45:10 Image size of job updated: 1839
	1839  -  MemoryUsage of job (MB)
	1884036  -  ResidentSetSize of job (KB)
...
006 (11630180.003.000) 2025-04-13 18:45:11 Image size of job updated: 1479
	1479  -  MemoryUsage of job (MB)
	1515016  -  ResidentSetSize of job (KB)
...
006 (11630180.002.000) 2025-04-13 18:45:13 Image size of job updated: 2040
	2040  -  MemoryUsage of job (MB)
	2089752  -  ResidentSetSize of job (KB)
...
006 (11630180.004.000) 2025-04-13 18:45:20 Image size of job updated: 1601
	1601  -  MemoryUsage of job (MB)
	1639912  -  ResidentSetSize of job (KB)
...
006 (11630180.004.000) 2025-04-13 18:46:21 Image size of job updated: 1601
	1601  -  MemoryUsage of job (MB)
	1639972  -  ResidentSetSize of job (KB)
...
006 (11630180.002.000) 2025-04-13 18:51:17 Image size of job updated: 2041
	2041  -  MemoryUsage of job (MB)
	2090664  -  ResidentSetSize of job (KB)
...
006 (11630180.002.000) 2025-04-13 18:52:18 Image size of job updated: 2098
	2098  -  MemoryUsage of job (MB)
	2148548  -  ResidentSetSize of job (KB)
...
006 (11630180.001.000) 2025-04-13 18:53:16 Image size of job updated: 1453
	1453  -  MemoryUsage of job (MB)
	1488480  -  ResidentSetSize of job (KB)
...
006 (11630180.002.000) 2025-04-13 18:53:18 Image size of job updated: 2129
	2129  -  MemoryUsage of job (MB)
	2180296  -  ResidentSetSize of job (KB)
...
006 (11630180.001.000) 2025-04-13 18:54:16 Image size of job updated: 1488
	1488  -  MemoryUsage of job (MB)
	1524696  -  ResidentSetSize of job (KB)
...
006 (11630180.002.000) 2025-04-13 18:54:19 Image size of job updated: 2185
	2185  -  MemoryUsage of job (MB)
	2238388  -  ResidentSetSize of job (KB)
...
006 (11630180.001.000) 2025-04-13 18:55:17 Image size of job updated: 1518
	1518  -  MemoryUsage of job (MB)
	1554912  -  ResidentSetSize of job (KB)
...
006 (11630180.002.000) 2025-04-13 18:55:20 Image size of job updated: 2215
	2215  -  MemoryUsage of job (MB)
	2268224  -  ResidentSetSize of job (KB)
...
006 (11630180.004.000) 2025-04-13 18:55:25 Image size of job updated: 1622
	1622  -  MemoryUsage of job (MB)
	1661848  -  ResidentSetSize of job (KB)
...
006 (11630180.000.000) 2025-04-13 18:56:15 Image size of job updated: 1891
	1891  -  MemoryUsage of job (MB)
	1936752  -  ResidentSetSize of job (KB)
...
006 (11630180.003.000) 2025-04-13 18:56:16 Image size of job updated: 1503
	1503  -  MemoryUsage of job (MB)
	1539592  -  ResidentSetSize of job (KB)
...
006 (11630180.001.000) 2025-04-13 18:56:17 Image size of job updated: 1547
	1547  -  MemoryUsage of job (MB)
	1584492  -  ResidentSetSize of job (KB)
...
006 (11630180.002.000) 2025-04-13 18:56:20 Image size of job updated: 2273
	2273  -  MemoryUsage of job (MB)
	2328372  -  ResidentSetSize of job (KB)
...
006 (11630180.004.000) 2025-04-13 18:56:25 Image size of job updated: 1650
	1650  -  MemoryUsage of job (MB)
	1690444  -  ResidentSetSize of job (KB)
...
006 (11630180.000.000) 2025-04-13 18:57:16 Image size of job updated: 1924
	1924  -  MemoryUsage of job (MB)
	1970596  -  ResidentSetSize of job (KB)
...
006 (11630180.003.000) 2025-04-13 18:57:17 Image size of job updated: 1503
	1503  -  MemoryUsage of job (MB)
	1539996  -  ResidentSetSize of job (KB)
...
006 (11630180.001.000) 2025-04-13 18:57:18 Image size of job updated: 1576
	1576  -  MemoryUsage of job (MB)
	1614316  -  ResidentSetSize of job (KB)
...
006 (11630180.002.000) 2025-04-13 18:57:21 Image size of job updated: 2303
	2303  -  MemoryUsage of job (MB)
	2358816  -  ResidentSetSize of job (KB)
...
006 (11630180.004.000) 2025-04-13 18:57:26 Image size of job updated: 1679
	1679  -  MemoryUsage of job (MB)
	1719376  -  ResidentSetSize of job (KB)
...
006 (11630180.003.000) 2025-04-13 18:58:17 Image size of job updated: 1532
	1532  -  MemoryUsage of job (MB)
	1569532  -  ResidentSetSize of job (KB)
...
006 (11630180.000.000) 2025-04-13 18:58:17 Image size of job updated: 1956
	1956  -  MemoryUsage of job (MB)
	2003876  -  ResidentSetSize of job (KB)
...
006 (11630180.001.000) 2025-04-13 18:58:19 Image size of job updated: 1605
	1605  -  MemoryUsage of job (MB)
	1644024  -  ResidentSetSize of job (KB)
...
006 (11630180.002.000) 2025-04-13 18:58:21 Image size of job updated: 2361
	2361  -  MemoryUsage of job (MB)
	2418292  -  ResidentSetSize of job (KB)
...
006 (11630180.004.000) 2025-04-13 18:58:26 Image size of job updated: 1736
	1736  -  MemoryUsage of job (MB)
	1778316  -  ResidentSetSize of job (KB)
...
006 (11630180.003.000) 2025-04-13 18:59:17 Image size of job updated: 1567
	1567  -  MemoryUsage of job (MB)
	1605412  -  ResidentSetSize of job (KB)
...
006 (11630180.000.000) 2025-04-13 18:59:17 Image size of job updated: 1989
	1989  -  MemoryUsage of job (MB)
	2037604  -  ResidentSetSize of job (KB)
...
006 (11630180.001.000) 2025-04-13 18:59:19 Image size of job updated: 1635
	1635  -  MemoryUsage of job (MB)
	1674284  -  ResidentSetSize of job (KB)
...
006 (11630180.002.000) 2025-04-13 18:59:21 Image size of job updated: 2392
	2392  -  MemoryUsage of job (MB)
	2450028  -  ResidentSetSize of job (KB)
...
006 (11630180.004.000) 2025-04-13 18:59:27 Image size of job updated: 1765
	1765  -  MemoryUsage of job (MB)
	1808080  -  ResidentSetSize of job (KB)
...
006 (11630180.003.000) 2025-04-13 19:00:18 Image size of job updated: 1597
	1597  -  MemoryUsage of job (MB)
	1635676  -  ResidentSetSize of job (KB)
...
006 (11630180.000.000) 2025-04-13 19:00:18 Image size of job updated: 2023
	2023  -  MemoryUsage of job (MB)
	2072440  -  ResidentSetSize of job (KB)
...
006 (11630180.001.000) 2025-04-13 19:00:20 Image size of job updated: 1663
	1663  -  MemoryUsage of job (MB)
	1703892  -  ResidentSetSize of job (KB)
...
006 (11630180.002.000) 2025-04-13 19:00:22 Image size of job updated: 2449
	2449  -  MemoryUsage of job (MB)
	2508364  -  ResidentSetSize of job (KB)
...
006 (11630180.004.000) 2025-04-13 19:00:27 Image size of job updated: 1794
	1794  -  MemoryUsage of job (MB)
	1837588  -  ResidentSetSize of job (KB)
...
006 (11630180.003.000) 2025-04-13 19:01:18 Image size of job updated: 1626
	1626  -  MemoryUsage of job (MB)
	1665944  -  ResidentSetSize of job (KB)
...
006 (11630180.000.000) 2025-04-13 19:01:18 Image size of job updated: 2066
	2066  -  MemoryUsage of job (MB)
	2116336  -  ResidentSetSize of job (KB)
...
006 (11630180.001.000) 2025-04-13 19:01:21 Image size of job updated: 1693
	1693  -  MemoryUsage of job (MB)
	1733768  -  ResidentSetSize of job (KB)
...
006 (11630180.002.000) 2025-04-13 19:01:22 Image size of job updated: 2479
	2479  -  MemoryUsage of job (MB)
	2539444  -  ResidentSetSize of job (KB)
...
006 (11630180.004.000) 2025-04-13 19:01:27 Image size of job updated: 1823
	1823  -  MemoryUsage of job (MB)
	1867116  -  ResidentSetSize of job (KB)
...
006 (11630180.003.000) 2025-04-13 19:02:19 Image size of job updated: 1656
	1656  -  MemoryUsage of job (MB)
	1695908  -  ResidentSetSize of job (KB)
...
006 (11630180.000.000) 2025-04-13 19:02:19 Image size of job updated: 2120
	2120  -  MemoryUsage of job (MB)
	2171440  -  ResidentSetSize of job (KB)
...
006 (11630180.001.000) 2025-04-13 19:02:21 Image size of job updated: 1721
	1721  -  MemoryUsage of job (MB)
	1763168  -  ResidentSetSize of job (KB)
...
006 (11630180.002.000) 2025-04-13 19:02:23 Image size of job updated: 2537
	2537  -  MemoryUsage of job (MB)
	2598180  -  ResidentSetSize of job (KB)
...
006 (11630180.004.000) 2025-04-13 19:02:28 Image size of job updated: 1852
	1852  -  MemoryUsage of job (MB)
	1896452  -  ResidentSetSize of job (KB)
...
006 (11630180.000.000) 2025-04-13 19:03:19 Image size of job updated: 2153
	2153  -  MemoryUsage of job (MB)
	2205520  -  ResidentSetSize of job (KB)
...
006 (11630180.003.000) 2025-04-13 19:03:19 Image size of job updated: 1684
	1684  -  MemoryUsage of job (MB)
	1725080  -  ResidentSetSize of job (KB)
...
006 (11630180.001.000) 2025-04-13 19:03:22 Image size of job updated: 1750
	1750  -  MemoryUsage of job (MB)
	1792928  -  ResidentSetSize of job (KB)
...
006 (11630180.002.000) 2025-04-13 19:03:24 Image size of job updated: 2568
	2568  -  MemoryUsage of job (MB)
	2629932  -  ResidentSetSize of job (KB)
...
006 (11630180.004.000) 2025-04-13 19:03:28 Image size of job updated: 1880
	1880  -  MemoryUsage of job (MB)
	1925856  -  ResidentSetSize of job (KB)
...
006 (11630180.000.000) 2025-04-13 19:04:19 Image size of job updated: 2186
	2186  -  MemoryUsage of job (MB)
	2238900  -  ResidentSetSize of job (KB)
...
006 (11630180.003.000) 2025-04-13 19:04:20 Image size of job updated: 1714
	1714  -  MemoryUsage of job (MB)
	1755160  -  ResidentSetSize of job (KB)
...
006 (11630180.001.000) 2025-04-13 19:04:22 Image size of job updated: 1779
	1779  -  MemoryUsage of job (MB)
	1822648  -  ResidentSetSize of job (KB)
...
006 (11630180.002.000) 2025-04-13 19:04:24 Image size of job updated: 2625
	2625  -  MemoryUsage of job (MB)
	2688644  -  ResidentSetSize of job (KB)
...
006 (11630180.004.000) 2025-04-13 19:04:29 Image size of job updated: 1938
	1938  -  MemoryUsage of job (MB)
	1984652  -  ResidentSetSize of job (KB)
...
006 (11630180.000.000) 2025-04-13 19:05:20 Image size of job updated: 2219
	2219  -  MemoryUsage of job (MB)
	2272584  -  ResidentSetSize of job (KB)
...
006 (11630180.003.000) 2025-04-13 19:05:20 Image size of job updated: 1746
	1746  -  MemoryUsage of job (MB)
	1788524  -  ResidentSetSize of job (KB)
...
006 (11630180.001.000) 2025-04-13 19:05:22 Image size of job updated: 1808
	1808  -  MemoryUsage of job (MB)
	1852136  -  ResidentSetSize of job (KB)
...
006 (11630180.002.000) 2025-04-13 19:05:25 Image size of job updated: 2656
	2656  -  MemoryUsage of job (MB)
	2720180  -  ResidentSetSize of job (KB)
...
006 (11630180.004.000) 2025-04-13 19:05:30 Image size of job updated: 1966
	1966  -  MemoryUsage of job (MB)
	2014052  -  ResidentSetSize of job (KB)
...
006 (11630180.000.000) 2025-04-13 19:06:20 Image size of job updated: 2253
	2253  -  MemoryUsage of job (MB)
	2308084  -  ResidentSetSize of job (KB)
...
006 (11630180.003.000) 2025-04-13 19:06:21 Image size of job updated: 1776
	1776  -  MemoryUsage of job (MB)
	1818888  -  ResidentSetSize of job (KB)
...
006 (11630180.001.000) 2025-04-13 19:06:23 Image size of job updated: 1837
	1837  -  MemoryUsage of job (MB)
	1881732  -  ResidentSetSize of job (KB)
...
006 (11630180.002.000) 2025-04-13 19:06:25 Image size of job updated: 2713
	2713  -  MemoryUsage of job (MB)
	2778424  -  ResidentSetSize of job (KB)
...
006 (11630180.004.000) 2025-04-13 19:06:30 Image size of job updated: 1995
	1995  -  MemoryUsage of job (MB)
	2043288  -  ResidentSetSize of job (KB)
...
006 (11630180.003.000) 2025-04-13 19:07:21 Image size of job updated: 1805
	1805  -  MemoryUsage of job (MB)
	1848872  -  ResidentSetSize of job (KB)
...
006 (11630180.000.000) 2025-04-13 19:07:21 Image size of job updated: 2288
	2288  -  MemoryUsage of job (MB)
	2343736  -  ResidentSetSize of job (KB)
...
006 (11630180.001.000) 2025-04-13 19:07:23 Image size of job updated: 1867
	1867  -  MemoryUsage of job (MB)
	1911844  -  ResidentSetSize of job (KB)
...
006 (11630180.002.000) 2025-04-13 19:07:26 Image size of job updated: 2743
	2743  -  MemoryUsage of job (MB)
	2809748  -  ResidentSetSize of job (KB)
...
006 (11630180.004.000) 2025-04-13 19:07:31 Image size of job updated: 2023
	2023  -  MemoryUsage of job (MB)
	2072016  -  ResidentSetSize of job (KB)
...
006 (11630180.000.000) 2025-04-13 19:08:21 Image size of job updated: 2321
	2321  -  MemoryUsage of job (MB)
	2377472  -  ResidentSetSize of job (KB)
...
006 (11630180.003.000) 2025-04-13 19:08:21 Image size of job updated: 1835
	1835  -  MemoryUsage of job (MB)
	1879180  -  ResidentSetSize of job (KB)
...
006 (11630180.001.000) 2025-04-13 19:08:24 Image size of job updated: 1896
	1896  -  MemoryUsage of job (MB)
	1941852  -  ResidentSetSize of job (KB)
...
006 (11630180.002.000) 2025-04-13 19:08:27 Image size of job updated: 2800
	2800  -  MemoryUsage of job (MB)
	2867952  -  ResidentSetSize of job (KB)
...
006 (11630180.004.000) 2025-04-13 19:08:31 Image size of job updated: 2052
	2052  -  MemoryUsage of job (MB)
	2101656  -  ResidentSetSize of job (KB)
...
006 (11630180.000.000) 2025-04-13 19:09:21 Image size of job updated: 2354
	2354  -  MemoryUsage of job (MB)
	2411032  -  ResidentSetSize of job (KB)
...
006 (11630180.003.000) 2025-04-13 19:09:22 Image size of job updated: 1865
	1865  -  MemoryUsage of job (MB)
	1909976  -  ResidentSetSize of job (KB)
...
006 (11630180.001.000) 2025-04-13 19:09:24 Image size of job updated: 1925
	1925  -  MemoryUsage of job (MB)
	1971932  -  ResidentSetSize of job (KB)
...
006 (11630180.002.000) 2025-04-13 19:09:27 Image size of job updated: 2831
	2831  -  MemoryUsage of job (MB)
	2899928  -  ResidentSetSize of job (KB)
...
006 (11630180.004.000) 2025-04-13 19:09:32 Image size of job updated: 2094
	2094  -  MemoryUsage of job (MB)
	2144768  -  ResidentSetSize of job (KB)
...
006 (11630180.000.000) 2025-04-13 19:10:22 Image size of job updated: 2417
	2417  -  MemoryUsage of job (MB)
	2475728  -  ResidentSetSize of job (KB)
...
006 (11630180.003.000) 2025-04-13 19:10:22 Image size of job updated: 1925
	1925  -  MemoryUsage of job (MB)
	1971348  -  ResidentSetSize of job (KB)
...
006 (11630180.001.000) 2025-04-13 19:10:24 Image size of job updated: 1954
	1954  -  MemoryUsage of job (MB)
	2001640  -  ResidentSetSize of job (KB)
...
006 (11630180.002.000) 2025-04-13 19:10:28 Image size of job updated: 2889
	2889  -  MemoryUsage of job (MB)
	2958424  -  ResidentSetSize of job (KB)
...
006 (11630180.004.000) 2025-04-13 19:10:33 Image size of job updated: 2138
	2138  -  MemoryUsage of job (MB)
	2189808  -  ResidentSetSize of job (KB)
...
006 (11630180.000.000) 2025-04-13 19:11:22 Image size of job updated: 2451
	2451  -  MemoryUsage of job (MB)
	2509900  -  ResidentSetSize of job (KB)
...
006 (11630180.003.000) 2025-04-13 19:11:23 Image size of job updated: 1954
	1954  -  MemoryUsage of job (MB)
	2000948  -  ResidentSetSize of job (KB)
...
006 (11630180.001.000) 2025-04-13 19:11:25 Image size of job updated: 1983
	1983  -  MemoryUsage of job (MB)
	2031320  -  ResidentSetSize of job (KB)
...
006 (11630180.002.000) 2025-04-13 19:11:29 Image size of job updated: 2919
	2919  -  MemoryUsage of job (MB)
	2989856  -  ResidentSetSize of job (KB)
...
006 (11630180.004.000) 2025-04-13 19:11:33 Image size of job updated: 2167
	2167  -  MemoryUsage of job (MB)
	2219400  -  ResidentSetSize of job (KB)
...
006 (11630180.000.000) 2025-04-13 19:12:23 Image size of job updated: 2483
	2483  -  MemoryUsage of job (MB)
	2543568  -  ResidentSetSize of job (KB)
...
006 (11630180.003.000) 2025-04-13 19:12:23 Image size of job updated: 1983
	1983  -  MemoryUsage of job (MB)
	2031488  -  ResidentSetSize of job (KB)
...
006 (11630180.001.000) 2025-04-13 19:12:25 Image size of job updated: 2012
	2012  -  MemoryUsage of job (MB)
	2061068  -  ResidentSetSize of job (KB)
...
006 (11630180.002.000) 2025-04-13 19:12:29 Image size of job updated: 2976
	2976  -  MemoryUsage of job (MB)
	3048216  -  ResidentSetSize of job (KB)
...
006 (11630180.004.000) 2025-04-13 19:12:34 Image size of job updated: 2196
	2196  -  MemoryUsage of job (MB)
	2249180  -  ResidentSetSize of job (KB)
...
006 (11630180.000.000) 2025-04-13 19:13:24 Image size of job updated: 2516
	2516  -  MemoryUsage of job (MB)
	2577176  -  ResidentSetSize of job (KB)
...
006 (11630180.003.000) 2025-04-13 19:13:24 Image size of job updated: 2041
	2041  -  MemoryUsage of job (MB)
	2090836  -  ResidentSetSize of job (KB)
...
006 (11630180.001.000) 2025-04-13 19:13:26 Image size of job updated: 2041
	2041  -  MemoryUsage of job (MB)
	2090576  -  ResidentSetSize of job (KB)
...
006 (11630180.002.000) 2025-04-13 19:13:30 Image size of job updated: 3007
	3007  -  MemoryUsage of job (MB)
	3079448  -  ResidentSetSize of job (KB)
...
006 (11630180.004.000) 2025-04-13 19:13:34 Image size of job updated: 2225
	2225  -  MemoryUsage of job (MB)
	2278404  -  ResidentSetSize of job (KB)
...
006 (11630180.000.000) 2025-04-13 19:14:24 Image size of job updated: 2551
	2551  -  MemoryUsage of job (MB)
	2612324  -  ResidentSetSize of job (KB)
...
006 (11630180.003.000) 2025-04-13 19:14:24 Image size of job updated: 2072
	2072  -  MemoryUsage of job (MB)
	2122224  -  ResidentSetSize of job (KB)
...
006 (11630180.001.000) 2025-04-13 19:14:27 Image size of job updated: 2070
	2070  -  MemoryUsage of job (MB)
	2120360  -  ResidentSetSize of job (KB)
...
006 (11630180.002.000) 2025-04-13 19:14:30 Image size of job updated: 3063
	3063  -  MemoryUsage of job (MB)
	3137492  -  ResidentSetSize of job (KB)
...
006 (11630180.004.000) 2025-04-13 19:14:35 Image size of job updated: 2283
	2283  -  MemoryUsage of job (MB)
	2338428  -  ResidentSetSize of job (KB)
...
006 (11630180.003.000) 2025-04-13 19:15:25 Image size of job updated: 2104
	2104  -  MemoryUsage of job (MB)
	2154672  -  ResidentSetSize of job (KB)
...
006 (11630180.000.000) 2025-04-13 19:15:25 Image size of job updated: 2614
	2614  -  MemoryUsage of job (MB)
	2677108  -  ResidentSetSize of job (KB)
...
006 (11630180.001.000) 2025-04-13 19:15:27 Image size of job updated: 2099
	2099  -  MemoryUsage of job (MB)
	2150092  -  ResidentSetSize of job (KB)
...
006 (11630180.002.000) 2025-04-13 19:15:31 Image size of job updated: 3092
	3092  -  MemoryUsage of job (MB)
	3167176  -  ResidentSetSize of job (KB)
...
006 (11630180.004.000) 2025-04-13 19:15:36 Image size of job updated: 2315
	2315  -  MemoryUsage of job (MB)
	2370944  -  ResidentSetSize of job (KB)
...
006 (11630180.003.000) 2025-04-13 19:16:25 Image size of job updated: 2162
	2162  -  MemoryUsage of job (MB)
	2214468  -  ResidentSetSize of job (KB)
...
006 (11630180.000.000) 2025-04-13 19:16:25 Image size of job updated: 2647
	2647  -  MemoryUsage of job (MB)
	2710728  -  ResidentSetSize of job (KB)
...
006 (11630180.001.000) 2025-04-13 19:16:28 Image size of job updated: 2128
	2128  -  MemoryUsage of job (MB)
	2180060  -  ResidentSetSize of job (KB)
...
006 (11630180.002.000) 2025-04-13 19:16:32 Image size of job updated: 3148
	3148  -  MemoryUsage of job (MB)
	3224464  -  ResidentSetSize of job (KB)
...
006 (11630180.004.000) 2025-04-13 19:16:36 Image size of job updated: 2372
	2372  -  MemoryUsage of job (MB)
	2429424  -  ResidentSetSize of job (KB)
...
006 (11630180.003.000) 2025-04-13 19:17:25 Image size of job updated: 2192
	2192  -  MemoryUsage of job (MB)
	2245424  -  ResidentSetSize of job (KB)
...
006 (11630180.000.000) 2025-04-13 19:17:26 Image size of job updated: 2680
	2680  -  MemoryUsage of job (MB)
	2744756  -  ResidentSetSize of job (KB)
...
006 (11630180.001.000) 2025-04-13 19:17:28 Image size of job updated: 2157
	2157  -  MemoryUsage of job (MB)
	2209380  -  ResidentSetSize of job (KB)
...
006 (11630180.002.000) 2025-04-13 19:17:32 Image size of job updated: 3176
	3176  -  MemoryUsage of job (MB)
	3252660  -  ResidentSetSize of job (KB)
...
006 (11630180.004.000) 2025-04-13 19:17:37 Image size of job updated: 2427
	2427  -  MemoryUsage of job (MB)
	2485852  -  ResidentSetSize of job (KB)
...
006 (11630180.003.000) 2025-04-13 19:18:26 Image size of job updated: 2224
	2224  -  MemoryUsage of job (MB)
	2277548  -  ResidentSetSize of job (KB)
...
006 (11630180.000.000) 2025-04-13 19:18:26 Image size of job updated: 2713
	2713  -  MemoryUsage of job (MB)
	2779000  -  ResidentSetSize of job (KB)
...
006 (11630180.001.000) 2025-04-13 19:18:29 Image size of job updated: 2215
	2215  -  MemoryUsage of job (MB)
	2269152  -  ResidentSetSize of job (KB)
...
006 (11630180.002.000) 2025-04-13 19:18:33 Image size of job updated: 3231
	3231  -  MemoryUsage of job (MB)
	3308712  -  ResidentSetSize of job (KB)
...
006 (11630180.004.000) 2025-04-13 19:18:37 Image size of job updated: 2462
	2462  -  MemoryUsage of job (MB)
	2521400  -  ResidentSetSize of job (KB)
...
006 (11630180.003.000) 2025-04-13 19:19:26 Image size of job updated: 2284
	2284  -  MemoryUsage of job (MB)
	2339684  -  ResidentSetSize of job (KB)
...
006 (11630180.000.000) 2025-04-13 19:19:27 Image size of job updated: 2754
	2754  -  MemoryUsage of job (MB)
	2821072  -  ResidentSetSize of job (KB)
...
006 (11630180.001.000) 2025-04-13 19:19:30 Image size of job updated: 2244
	2244  -  MemoryUsage of job (MB)
	2298644  -  ResidentSetSize of job (KB)
...
006 (11630180.002.000) 2025-04-13 19:19:33 Image size of job updated: 3258
	3258  -  MemoryUsage of job (MB)
	3336732  -  ResidentSetSize of job (KB)
...
006 (11630180.004.000) 2025-04-13 19:19:39 Image size of job updated: 2522
	2522  -  MemoryUsage of job (MB)
	2582968  -  ResidentSetSize of job (KB)
...
006 (11630180.003.000) 2025-04-13 19:20:27 Image size of job updated: 2315
	2315  -  MemoryUsage of job (MB)
	2370568  -  ResidentSetSize of job (KB)
...
006 (11630180.000.000) 2025-04-13 19:20:28 Image size of job updated: 2812
	2812  -  MemoryUsage of job (MB)
	2879908  -  ResidentSetSize of job (KB)
...
006 (11630180.001.000) 2025-04-13 19:20:30 Image size of job updated: 2273
	2273  -  MemoryUsage of job (MB)
	2328548  -  ResidentSetSize of job (KB)
...
006 (11630180.002.000) 2025-04-13 19:20:34 Image size of job updated: 3287
	3287  -  MemoryUsage of job (MB)
	3366668  -  ResidentSetSize of job (KB)
...
006 (11630180.004.000) 2025-04-13 19:20:39 Image size of job updated: 2559
	2559  -  MemoryUsage of job (MB)
	2620780  -  ResidentSetSize of job (KB)
...
006 (11630180.003.000) 2025-04-13 19:21:27 Image size of job updated: 2326
	2326  -  MemoryUsage of job (MB)
	2382560  -  ResidentSetSize of job (KB)
...
006 (11630180.000.000) 2025-04-13 19:21:28 Image size of job updated: 2845
	2845  -  MemoryUsage of job (MB)
	2913616  -  ResidentSetSize of job (KB)
...
006 (11630180.001.000) 2025-04-13 19:21:31 Image size of job updated: 2303
	2303  -  MemoryUsage of job (MB)
	2358416  -  ResidentSetSize of job (KB)
...
006 (11630180.002.000) 2025-04-13 19:21:34 Image size of job updated: 3340
	3340  -  MemoryUsage of job (MB)
	3421096  -  ResidentSetSize of job (KB)
...
006 (11630180.004.000) 2025-04-13 19:21:39 Image size of job updated: 2617
	2617  -  MemoryUsage of job (MB)
	2680016  -  ResidentSetSize of job (KB)
...
006 (11630180.003.000) 2025-04-13 19:22:28 Image size of job updated: 2383
	2383  -  MemoryUsage of job (MB)
	2440692  -  ResidentSetSize of job (KB)
...
006 (11630180.000.000) 2025-04-13 19:22:29 Image size of job updated: 2877
	2877  -  MemoryUsage of job (MB)
	2946532  -  ResidentSetSize of job (KB)
...
006 (11630180.001.000) 2025-04-13 19:22:31 Image size of job updated: 2332
	2332  -  MemoryUsage of job (MB)
	2388276  -  ResidentSetSize of job (KB)
...
006 (11630180.002.000) 2025-04-13 19:22:34 Image size of job updated: 3377
	3377  -  MemoryUsage of job (MB)
	3458828  -  ResidentSetSize of job (KB)
...
006 (11630180.004.000) 2025-04-13 19:22:40 Image size of job updated: 2646
	2646  -  MemoryUsage of job (MB)
	2710444  -  ResidentSetSize of job (KB)
...
006 (11630180.003.000) 2025-04-13 19:23:28 Image size of job updated: 2383
	2383  -  MemoryUsage of job (MB)
	2441176  -  ResidentSetSize of job (KB)
...
006 (11630180.000.000) 2025-04-13 19:23:29 Image size of job updated: 2910
	2910  -  MemoryUsage of job (MB)
	2979964  -  ResidentSetSize of job (KB)
...
006 (11630180.001.000) 2025-04-13 19:23:32 Image size of job updated: 2361
	2361  -  MemoryUsage of job (MB)
	2417840  -  ResidentSetSize of job (KB)
...
006 (11630180.002.000) 2025-04-13 19:23:35 Image size of job updated: 3423
	3423  -  MemoryUsage of job (MB)
	3505324  -  ResidentSetSize of job (KB)
...
006 (11630180.004.000) 2025-04-13 19:23:40 Image size of job updated: 2705
	2705  -  MemoryUsage of job (MB)
	2770724  -  ResidentSetSize of job (KB)
...
006 (11630180.003.000) 2025-04-13 19:24:29 Image size of job updated: 2442
	2442  -  MemoryUsage of job (MB)
	2500764  -  ResidentSetSize of job (KB)
...
006 (11630180.000.000) 2025-04-13 19:24:30 Image size of job updated: 2943
	2943  -  MemoryUsage of job (MB)
	3013708  -  ResidentSetSize of job (KB)
...
006 (11630180.001.000) 2025-04-13 19:24:32 Image size of job updated: 2391
	2391  -  MemoryUsage of job (MB)
	2449060  -  ResidentSetSize of job (KB)
...
006 (11630180.002.000) 2025-04-13 19:24:35 Image size of job updated: 3450
	3450  -  MemoryUsage of job (MB)
	3533620  -  ResidentSetSize of job (KB)
...
006 (11630180.004.000) 2025-04-13 19:24:41 Image size of job updated: 2734
	2734  -  MemoryUsage of job (MB)
	2800272  -  ResidentSetSize of job (KB)
...
006 (11630180.000.000) 2025-04-13 19:25:30 Image size of job updated: 2977
	2977  -  MemoryUsage of job (MB)
	3048620  -  ResidentSetSize of job (KB)
...
006 (11630180.001.000) 2025-04-13 19:25:32 Image size of job updated: 2451
	2451  -  MemoryUsage of job (MB)
	2510404  -  ResidentSetSize of job (KB)
...
006 (11630180.002.000) 2025-04-13 19:25:36 Image size of job updated: 3505
	3505  -  MemoryUsage of job (MB)
	3589828  -  ResidentSetSize of job (KB)
...
006 (11630180.004.000) 2025-04-13 19:25:41 Image size of job updated: 2791
	2791  -  MemoryUsage of job (MB)
	2858256  -  ResidentSetSize of job (KB)
...
006 (11630180.000.000) 2025-04-13 19:26:30 Image size of job updated: 3039
	3039  -  MemoryUsage of job (MB)
	3112904  -  ResidentSetSize of job (KB)
...
006 (11630180.001.000) 2025-04-13 19:26:33 Image size of job updated: 2483
	2483  -  MemoryUsage of job (MB)
	2542964  -  ResidentSetSize of job (KB)
...
006 (11630180.002.000) 2025-04-13 19:26:36 Image size of job updated: 3533
	3533  -  MemoryUsage of job (MB)
	3618360  -  ResidentSetSize of job (KB)
...
006 (11630180.004.000) 2025-04-13 19:26:42 Image size of job updated: 2829
	2829  -  MemoryUsage of job (MB)
	2897192  -  ResidentSetSize of job (KB)
...
006 (11630180.000.000) 2025-04-13 19:27:31 Image size of job updated: 3057
	3057  -  MemoryUsage of job (MB)
	3131260  -  ResidentSetSize of job (KB)
...
006 (11630180.001.000) 2025-04-13 19:27:33 Image size of job updated: 2543
	2543  -  MemoryUsage of job (MB)
	2604800  -  ResidentSetSize of job (KB)
...
006 (11630180.002.000) 2025-04-13 19:27:37 Image size of job updated: 3588
	3588  -  MemoryUsage of job (MB)
	3674196  -  ResidentSetSize of job (KB)
...
006 (11630180.004.000) 2025-04-13 19:27:42 Image size of job updated: 2880
	2880  -  MemoryUsage of job (MB)
	2949880  -  ResidentSetSize of job (KB)
...
006 (11630180.000.000) 2025-04-13 19:28:31 Image size of job updated: 3074
	3074  -  MemoryUsage of job (MB)
	3148176  -  ResidentSetSize of job (KB)
...
006 (11630180.001.000) 2025-04-13 19:28:34 Image size of job updated: 2575
	2575  -  MemoryUsage of job (MB)
	2637664  -  ResidentSetSize of job (KB)
...
006 (11630180.002.000) 2025-04-13 19:28:37 Image size of job updated: 3615
	3615  -  MemoryUsage of job (MB)
	3702260  -  ResidentSetSize of job (KB)
...
006 (11630180.004.000) 2025-04-13 19:28:44 Image size of job updated: 2971
	2971  -  MemoryUsage of job (MB)
	3042676  -  ResidentSetSize of job (KB)
...
006 (11630180.003.000) 2025-04-13 19:29:31 Image size of job updated: 2473
	2473  -  MemoryUsage of job (MB)
	2533240  -  ResidentSetSize of job (KB)
...
006 (11630180.000.000) 2025-04-13 19:29:32 Image size of job updated: 3106
	3106  -  MemoryUsage of job (MB)
	3181372  -  ResidentSetSize of job (KB)
...
006 (11630180.001.000) 2025-04-13 19:29:34 Image size of job updated: 2635
	2635  -  MemoryUsage of job (MB)
	2698720  -  ResidentSetSize of job (KB)
...
006 (11630180.002.000) 2025-04-13 19:29:38 Image size of job updated: 3670
	3670  -  MemoryUsage of job (MB)
	3758388  -  ResidentSetSize of job (KB)
...
006 (11630180.004.000) 2025-04-13 19:29:44 Image size of job updated: 3001
	3001  -  MemoryUsage of job (MB)
	3073060  -  ResidentSetSize of job (KB)
...
006 (11630180.003.000) 2025-04-13 19:30:32 Image size of job updated: 2503
	2503  -  MemoryUsage of job (MB)
	2563484  -  ResidentSetSize of job (KB)
...
006 (11630180.000.000) 2025-04-13 19:30:32 Image size of job updated: 3139
	3139  -  MemoryUsage of job (MB)
	3215124  -  ResidentSetSize of job (KB)
...
006 (11630180.001.000) 2025-04-13 19:30:35 Image size of job updated: 2666
	2666  -  MemoryUsage of job (MB)
	2730428  -  ResidentSetSize of job (KB)
...
006 (11630180.002.000) 2025-04-13 19:30:39 Image size of job updated: 3670
	3670  -  MemoryUsage of job (MB)
	3758420  -  ResidentSetSize of job (KB)
...
006 (11630180.004.000) 2025-04-13 19:30:44 Image size of job updated: 3058
	3058  -  MemoryUsage of job (MB)
	3132412  -  ResidentSetSize of job (KB)
...
006 (11630180.003.000) 2025-04-13 19:31:32 Image size of job updated: 2534
	2534  -  MemoryUsage of job (MB)
	2594912  -  ResidentSetSize of job (KB)
...
006 (11630180.000.000) 2025-04-13 19:31:33 Image size of job updated: 3172
	3172  -  MemoryUsage of job (MB)
	3248920  -  ResidentSetSize of job (KB)
...
006 (11630180.001.000) 2025-04-13 19:31:35 Image size of job updated: 2726
	2726  -  MemoryUsage of job (MB)
	2792288  -  ResidentSetSize of job (KB)
...
006 (11630180.002.000) 2025-04-13 19:31:39 Image size of job updated: 3698
	3698  -  MemoryUsage of job (MB)
	3786840  -  ResidentSetSize of job (KB)
...
006 (11630180.004.000) 2025-04-13 19:31:45 Image size of job updated: 3090
	3090  -  MemoryUsage of job (MB)
	3164416  -  ResidentSetSize of job (KB)
...
006 (11630180.000.000) 2025-04-13 19:32:33 Image size of job updated: 3204
	3204  -  MemoryUsage of job (MB)
	3281024  -  ResidentSetSize of job (KB)
...
006 (11630180.003.000) 2025-04-13 19:32:33 Image size of job updated: 2591
	2591  -  MemoryUsage of job (MB)
	2653200  -  ResidentSetSize of job (KB)
...
006 (11630180.001.000) 2025-04-13 19:32:35 Image size of job updated: 2757
	2757  -  MemoryUsage of job (MB)
	2823768  -  ResidentSetSize of job (KB)
...
006 (11630180.002.000) 2025-04-13 19:32:40 Image size of job updated: 3731
	3731  -  MemoryUsage of job (MB)
	3821352  -  ResidentSetSize of job (KB)
...
006 (11630180.004.000) 2025-04-13 19:32:45 Image size of job updated: 3120
	3120  -  MemoryUsage of job (MB)
	3195400  -  ResidentSetSize of job (KB)
...
006 (11630180.000.000) 2025-04-13 19:33:33 Image size of job updated: 3235
	3235  -  MemoryUsage of job (MB)
	3312740  -  ResidentSetSize of job (KB)
...
006 (11630180.003.000) 2025-04-13 19:33:33 Image size of job updated: 2621
	2621  -  MemoryUsage of job (MB)
	2684180  -  ResidentSetSize of job (KB)
...
006 (11630180.001.000) 2025-04-13 19:33:36 Image size of job updated: 2818
	2818  -  MemoryUsage of job (MB)
	2885836  -  ResidentSetSize of job (KB)
...
006 (11630180.002.000) 2025-04-13 19:33:40 Image size of job updated: 3759
	3759  -  MemoryUsage of job (MB)
	3849984  -  ResidentSetSize of job (KB)
...
006 (11630180.004.000) 2025-04-13 19:33:46 Image size of job updated: 3178
	3178  -  MemoryUsage of job (MB)
	3255268  -  ResidentSetSize of job (KB)
...
006 (11630180.003.000) 2025-04-13 19:34:34 Image size of job updated: 2679
	2679  -  MemoryUsage of job (MB)
	2743504  -  ResidentSetSize of job (KB)
...
006 (11630180.000.000) 2025-04-13 19:34:34 Image size of job updated: 3265
	3265  -  MemoryUsage of job (MB)
	3344280  -  ResidentSetSize of job (KB)
...
006 (11630180.001.000) 2025-04-13 19:34:36 Image size of job updated: 2848
	2848  -  MemoryUsage of job (MB)
	2916952  -  ResidentSetSize of job (KB)
...
006 (11630180.002.000) 2025-04-13 19:34:41 Image size of job updated: 3787
	3787  -  MemoryUsage of job (MB)
	3878512  -  ResidentSetSize of job (KB)
...
006 (11630180.004.000) 2025-04-13 19:34:46 Image size of job updated: 3238
	3238  -  MemoryUsage of job (MB)
	3316484  -  ResidentSetSize of job (KB)
...
006 (11630180.003.000) 2025-04-13 19:35:34 Image size of job updated: 2683
	2683  -  MemoryUsage of job (MB)
	2748192  -  ResidentSetSize of job (KB)
...
006 (11630180.000.000) 2025-04-13 19:35:34 Image size of job updated: 3296
	3296  -  MemoryUsage of job (MB)
	3375924  -  ResidentSetSize of job (KB)
...
006 (11630180.001.000) 2025-04-13 19:35:37 Image size of job updated: 2887
	2887  -  MemoryUsage of job (MB)
	2956452  -  ResidentSetSize of job (KB)
...
006 (11630180.002.000) 2025-04-13 19:35:41 Image size of job updated: 3787
	3787  -  MemoryUsage of job (MB)
	3878528  -  ResidentSetSize of job (KB)
...
006 (11630180.004.000) 2025-04-13 19:35:47 Image size of job updated: 3267
	3267  -  MemoryUsage of job (MB)
	3346108  -  ResidentSetSize of job (KB)
...
006 (11630180.003.000) 2025-04-13 19:36:35 Image size of job updated: 2715
	2715  -  MemoryUsage of job (MB)
	2780192  -  ResidentSetSize of job (KB)
...
006 (11630180.000.000) 2025-04-13 19:36:35 Image size of job updated: 3327
	3327  -  MemoryUsage of job (MB)
	3407652  -  ResidentSetSize of job (KB)
...
006 (11630180.001.000) 2025-04-13 19:36:37 Image size of job updated: 2940
	2940  -  MemoryUsage of job (MB)
	3010844  -  ResidentSetSize of job (KB)
...
006 (11630180.002.000) 2025-04-13 19:36:42 Image size of job updated: 3821
	3821  -  MemoryUsage of job (MB)
	3913476  -  ResidentSetSize of job (KB)
...
006 (11630180.004.000) 2025-04-13 19:36:47 Image size of job updated: 3325
	3325  -  MemoryUsage of job (MB)
	3404976  -  ResidentSetSize of job (KB)
...
006 (11630180.000.000) 2025-04-13 19:37:35 Image size of job updated: 3363
	3363  -  MemoryUsage of job (MB)
	3443864  -  ResidentSetSize of job (KB)
...
006 (11630180.003.000) 2025-04-13 19:37:35 Image size of job updated: 2762
	2762  -  MemoryUsage of job (MB)
	2828732  -  ResidentSetSize of job (KB)
...
006 (11630180.001.000) 2025-04-13 19:37:38 Image size of job updated: 2972
	2972  -  MemoryUsage of job (MB)
	3043668  -  ResidentSetSize of job (KB)
...
006 (11630180.002.000) 2025-04-13 19:37:43 Image size of job updated: 3849
	3849  -  MemoryUsage of job (MB)
	3942224  -  ResidentSetSize of job (KB)
...
006 (11630180.004.000) 2025-04-13 19:37:48 Image size of job updated: 3353
	3353  -  MemoryUsage of job (MB)
	3433928  -  ResidentSetSize of job (KB)
...
006 (11630180.000.000) 2025-04-13 19:38:35 Image size of job updated: 3420
	3420  -  MemoryUsage of job (MB)
	3502688  -  ResidentSetSize of job (KB)
...
006 (11630180.003.000) 2025-04-13 19:38:36 Image size of job updated: 2793
	2793  -  MemoryUsage of job (MB)
	2860724  -  ResidentSetSize of job (KB)
...
006 (11630180.001.000) 2025-04-13 19:38:39 Image size of job updated: 3031
	3031  -  MemoryUsage of job (MB)
	3104216  -  ResidentSetSize of job (KB)
...
006 (11630180.002.000) 2025-04-13 19:38:43 Image size of job updated: 3877
	3877  -  MemoryUsage of job (MB)
	3970720  -  ResidentSetSize of job (KB)
...
006 (11630180.004.000) 2025-04-13 19:38:48 Image size of job updated: 3383
	3383  -  MemoryUsage of job (MB)
	3464652  -  ResidentSetSize of job (KB)
...
006 (11630180.000.000) 2025-04-13 19:39:36 Image size of job updated: 3451
	3451  -  MemoryUsage of job (MB)
	3534412  -  ResidentSetSize of job (KB)
...
006 (11630180.003.000) 2025-04-13 19:39:37 Image size of job updated: 2827
	2827  -  MemoryUsage of job (MB)
	2894936  -  ResidentSetSize of job (KB)
...
006 (11630180.001.000) 2025-04-13 19:39:39 Image size of job updated: 3063
	3063  -  MemoryUsage of job (MB)
	3137216  -  ResidentSetSize of job (KB)
...
006 (11630180.002.000) 2025-04-13 19:39:44 Image size of job updated: 3905
	3905  -  MemoryUsage of job (MB)
	3999404  -  ResidentSetSize of job (KB)
...
006 (11630180.004.000) 2025-04-13 19:39:49 Image size of job updated: 3444
	3444  -  MemoryUsage of job (MB)
	3526732  -  ResidentSetSize of job (KB)
...
006 (11630180.000.000) 2025-04-13 19:40:36 Image size of job updated: 3482
	3482  -  MemoryUsage of job (MB)
	3566240  -  ResidentSetSize of job (KB)
...
006 (11630180.003.000) 2025-04-13 19:40:38 Image size of job updated: 2863
	2863  -  MemoryUsage of job (MB)
	2932588  -  ResidentSetSize of job (KB)
...
006 (11630180.001.000) 2025-04-13 19:40:40 Image size of job updated: 3123
	3123  -  MemoryUsage of job (MB)
	3198180  -  ResidentSetSize of job (KB)
...
006 (11630180.002.000) 2025-04-13 19:40:44 Image size of job updated: 3905
	3905  -  MemoryUsage of job (MB)
	3999676  -  ResidentSetSize of job (KB)
...
006 (11630180.004.000) 2025-04-13 19:40:49 Image size of job updated: 3475
	3475  -  MemoryUsage of job (MB)
	3558488  -  ResidentSetSize of job (KB)
...
006 (11630180.000.000) 2025-04-13 19:41:36 Image size of job updated: 3513
	3513  -  MemoryUsage of job (MB)
	3597824  -  ResidentSetSize of job (KB)
...
006 (11630180.003.000) 2025-04-13 19:41:38 Image size of job updated: 2894
	2894  -  MemoryUsage of job (MB)
	2964088  -  ResidentSetSize of job (KB)
...
006 (11630180.001.000) 2025-04-13 19:41:40 Image size of job updated: 3154
	3154  -  MemoryUsage of job (MB)
	3230128  -  ResidentSetSize of job (KB)
...
006 (11630180.002.000) 2025-04-13 19:41:45 Image size of job updated: 3933
	3933  -  MemoryUsage of job (MB)
	4028268  -  ResidentSetSize of job (KB)
...
006 (11630180.004.000) 2025-04-13 19:41:51 Image size of job updated: 3535
	3535  -  MemoryUsage of job (MB)
	3620132  -  ResidentSetSize of job (KB)
...
006 (11630180.000.000) 2025-04-13 19:42:37 Image size of job updated: 3544
	3544  -  MemoryUsage of job (MB)
	3629296  -  ResidentSetSize of job (KB)
...
006 (11630180.003.000) 2025-04-13 19:42:39 Image size of job updated: 2964
	2964  -  MemoryUsage of job (MB)
	3035736  -  ResidentSetSize of job (KB)
...
006 (11630180.001.000) 2025-04-13 19:42:41 Image size of job updated: 3215
	3215  -  MemoryUsage of job (MB)
	3292600  -  ResidentSetSize of job (KB)
...
006 (11630180.002.000) 2025-04-13 19:42:46 Image size of job updated: 3961
	3961  -  MemoryUsage of job (MB)
	4056836  -  ResidentSetSize of job (KB)
...
006 (11630180.004.000) 2025-04-13 19:42:51 Image size of job updated: 3594
	3594  -  MemoryUsage of job (MB)
	3680312  -  ResidentSetSize of job (KB)
...
006 (11630180.000.000) 2025-04-13 19:43:37 Image size of job updated: 3575
	3575  -  MemoryUsage of job (MB)
	3661244  -  ResidentSetSize of job (KB)
...
006 (11630180.003.000) 2025-04-13 19:43:39 Image size of job updated: 2997
	2997  -  MemoryUsage of job (MB)
	3069244  -  ResidentSetSize of job (KB)
...
006 (11630180.001.000) 2025-04-13 19:43:42 Image size of job updated: 3245
	3245  -  MemoryUsage of job (MB)
	3323800  -  ResidentSetSize of job (KB)
...
006 (11630180.002.000) 2025-04-13 19:43:46 Image size of job updated: 3989
	3989  -  MemoryUsage of job (MB)
	4085468  -  ResidentSetSize of job (KB)
...
006 (11630180.004.000) 2025-04-13 19:43:51 Image size of job updated: 3623
	3623  -  MemoryUsage of job (MB)
	3710936  -  ResidentSetSize of job (KB)
...
006 (11630180.000.000) 2025-04-13 19:44:38 Image size of job updated: 3605
	3605  -  MemoryUsage of job (MB)
	3692328  -  ResidentSetSize of job (KB)
...
006 (11630180.003.000) 2025-04-13 19:44:40 Image size of job updated: 3029
	3029  -  MemoryUsage of job (MB)
	3102204  -  ResidentSetSize of job (KB)
...
006 (11630180.001.000) 2025-04-13 19:44:42 Image size of job updated: 3301
	3301  -  MemoryUsage of job (MB)
	3380304  -  ResidentSetSize of job (KB)
...
006 (11630180.002.000) 2025-04-13 19:44:47 Image size of job updated: 4018
	4018  -  MemoryUsage of job (MB)
	4115032  -  ResidentSetSize of job (KB)
...
006 (11630180.004.000) 2025-04-13 19:44:52 Image size of job updated: 3683
	3683  -  MemoryUsage of job (MB)
	3772216  -  ResidentSetSize of job (KB)
...
006 (11630180.000.000) 2025-04-13 19:45:38 Image size of job updated: 3635
	3635  -  MemoryUsage of job (MB)
	3723036  -  ResidentSetSize of job (KB)
...
006 (11630180.003.000) 2025-04-13 19:45:40 Image size of job updated: 3086
	3086  -  MemoryUsage of job (MB)
	3160976  -  ResidentSetSize of job (KB)
...
006 (11630180.001.000) 2025-04-13 19:45:43 Image size of job updated: 3332
	3332  -  MemoryUsage of job (MB)
	3412008  -  ResidentSetSize of job (KB)
...
006 (11630180.002.000) 2025-04-13 19:45:47 Image size of job updated: 4018
	4018  -  MemoryUsage of job (MB)
	4115200  -  ResidentSetSize of job (KB)
...
006 (11630180.004.000) 2025-04-13 19:45:52 Image size of job updated: 3713
	3713  -  MemoryUsage of job (MB)
	3802592  -  ResidentSetSize of job (KB)
...
006 (11630180.000.000) 2025-04-13 19:46:38 Image size of job updated: 3661
	3661  -  MemoryUsage of job (MB)
	3749076  -  ResidentSetSize of job (KB)
...
006 (11630180.003.000) 2025-04-13 19:46:42 Image size of job updated: 3118
	3118  -  MemoryUsage of job (MB)
	3193320  -  ResidentSetSize of job (KB)
...
006 (11630180.001.000) 2025-04-13 19:46:43 Image size of job updated: 3364
	3364  -  MemoryUsage of job (MB)
	3444964  -  ResidentSetSize of job (KB)
...
006 (11630180.002.000) 2025-04-13 19:46:48 Image size of job updated: 4049
	4049  -  MemoryUsage of job (MB)
	4146656  -  ResidentSetSize of job (KB)
...
006 (11630180.004.000) 2025-04-13 19:46:53 Image size of job updated: 3758
	3758  -  MemoryUsage of job (MB)
	3848452  -  ResidentSetSize of job (KB)
...
006 (11630180.000.000) 2025-04-13 19:47:39 Image size of job updated: 3661
	3661  -  MemoryUsage of job (MB)
	3749132  -  ResidentSetSize of job (KB)
...
006 (11630180.003.000) 2025-04-13 19:47:42 Image size of job updated: 3152
	3152  -  MemoryUsage of job (MB)
	3228576  -  ResidentSetSize of job (KB)
...
006 (11630180.001.000) 2025-04-13 19:47:44 Image size of job updated: 3422
	3422  -  MemoryUsage of job (MB)
	3505080  -  ResidentSetSize of job (KB)
...
006 (11630180.002.000) 2025-04-13 19:47:49 Image size of job updated: 4078
	4078  -  MemoryUsage of job (MB)
	4176684  -  ResidentSetSize of job (KB)
...
006 (11630180.004.000) 2025-04-13 19:47:53 Image size of job updated: 3787
	3787  -  MemoryUsage of job (MB)
	3878812  -  ResidentSetSize of job (KB)
...
006 (11630180.000.000) 2025-04-13 19:48:40 Image size of job updated: 3711
	3711  -  MemoryUsage of job (MB)
	3800996  -  ResidentSetSize of job (KB)
...
006 (11630180.003.000) 2025-04-13 19:48:42 Image size of job updated: 3208
	3208  -  MemoryUsage of job (MB)
	3285588  -  ResidentSetSize of job (KB)
...
006 (11630180.001.000) 2025-04-13 19:48:45 Image size of job updated: 3454
	3454  -  MemoryUsage of job (MB)
	3537640  -  ResidentSetSize of job (KB)
...
006 (11630180.002.000) 2025-04-13 19:48:49 Image size of job updated: 4106
	4106  -  MemoryUsage of job (MB)
	4205200  -  ResidentSetSize of job (KB)
...
006 (11630180.004.000) 2025-04-13 19:48:54 Image size of job updated: 3845
	3845  -  MemoryUsage of job (MB)
	3938064  -  ResidentSetSize of job (KB)
...
006 (11630180.000.000) 2025-04-13 19:49:40 Image size of job updated: 3741
	3741  -  MemoryUsage of job (MB)
	3831708  -  ResidentSetSize of job (KB)
...
006 (11630180.003.000) 2025-04-13 19:49:43 Image size of job updated: 3242
	3242  -  MemoryUsage of job (MB)
	3319820  -  ResidentSetSize of job (KB)
...
006 (11630180.001.000) 2025-04-13 19:49:45 Image size of job updated: 3515
	3515  -  MemoryUsage of job (MB)
	3599380  -  ResidentSetSize of job (KB)
...
006 (11630180.004.000) 2025-04-13 19:49:54 Image size of job updated: 3881
	3881  -  MemoryUsage of job (MB)
	3974472  -  ResidentSetSize of job (KB)
...
006 (11630180.000.000) 2025-04-13 19:50:41 Image size of job updated: 3742
	3742  -  MemoryUsage of job (MB)
	3831840  -  ResidentSetSize of job (KB)
...
006 (11630180.003.000) 2025-04-13 19:50:43 Image size of job updated: 3301
	3301  -  MemoryUsage of job (MB)
	3380240  -  ResidentSetSize of job (KB)
...
006 (11630180.001.000) 2025-04-13 19:50:46 Image size of job updated: 3545
	3545  -  MemoryUsage of job (MB)
	3631020  -  ResidentSetSize of job (KB)
...
006 (11630180.002.000) 2025-04-13 19:50:50 Image size of job updated: 4134
	4134  -  MemoryUsage of job (MB)
	4233868  -  ResidentSetSize of job (KB)
...
006 (11630180.004.000) 2025-04-13 19:50:55 Image size of job updated: 3939
	3939  -  MemoryUsage of job (MB)
	4033796  -  ResidentSetSize of job (KB)
...
006 (11630180.000.000) 2025-04-13 19:51:42 Image size of job updated: 3771
	3771  -  MemoryUsage of job (MB)
	3862468  -  ResidentSetSize of job (KB)
...
006 (11630180.003.000) 2025-04-13 19:51:44 Image size of job updated: 3331
	3331  -  MemoryUsage of job (MB)
	3411276  -  ResidentSetSize of job (KB)
...
006 (11630180.001.000) 2025-04-13 19:51:46 Image size of job updated: 3606
	3606  -  MemoryUsage of job (MB)
	3692688  -  ResidentSetSize of job (KB)
...
006 (11630180.002.000) 2025-04-13 19:51:50 Image size of job updated: 4162
	4162  -  MemoryUsage of job (MB)
	4262448  -  ResidentSetSize of job (KB)
...
006 (11630180.004.000) 2025-04-13 19:51:55 Image size of job updated: 3969
	3969  -  MemoryUsage of job (MB)
	4065200  -  ResidentSetSize of job (KB)
...
006 (11630180.000.000) 2025-04-13 19:52:42 Image size of job updated: 3801
	3801  -  MemoryUsage of job (MB)
	3893224  -  ResidentSetSize of job (KB)
...
006 (11630180.003.000) 2025-04-13 19:52:44 Image size of job updated: 3369
	3369  -  MemoryUsage of job (MB)
	3450380  -  ResidentSetSize of job (KB)
...
006 (11630180.001.000) 2025-04-13 19:52:47 Image size of job updated: 3636
	3636  -  MemoryUsage of job (MB)
	3723520  -  ResidentSetSize of job (KB)
...
006 (11630180.002.000) 2025-04-13 19:52:50 Image size of job updated: 4190
	4190  -  MemoryUsage of job (MB)
	4290756  -  ResidentSetSize of job (KB)
...
006 (11630180.004.000) 2025-04-13 19:52:56 Image size of job updated: 4026
	4026  -  MemoryUsage of job (MB)
	4123188  -  ResidentSetSize of job (KB)
...
006 (11630180.000.000) 2025-04-13 19:53:43 Image size of job updated: 3805
	3805  -  MemoryUsage of job (MB)
	3897196  -  ResidentSetSize of job (KB)
...
006 (11630180.003.000) 2025-04-13 19:53:44 Image size of job updated: 3421
	3421  -  MemoryUsage of job (MB)
	3503476  -  ResidentSetSize of job (KB)
...
006 (11630180.001.000) 2025-04-13 19:53:47 Image size of job updated: 3696
	3696  -  MemoryUsage of job (MB)
	3784844  -  ResidentSetSize of job (KB)
...
006 (11630180.002.000) 2025-04-13 19:53:51 Image size of job updated: 4218
	4218  -  MemoryUsage of job (MB)
	4319484  -  ResidentSetSize of job (KB)
...
006 (11630180.004.000) 2025-04-13 19:53:56 Image size of job updated: 4060
	4060  -  MemoryUsage of job (MB)
	4157904  -  ResidentSetSize of job (KB)
...
006 (11630180.000.000) 2025-04-13 19:54:43 Image size of job updated: 3831
	3831  -  MemoryUsage of job (MB)
	3923656  -  ResidentSetSize of job (KB)
...
006 (11630180.003.000) 2025-04-13 19:54:45 Image size of job updated: 3446
	3446  -  MemoryUsage of job (MB)
	3528932  -  ResidentSetSize of job (KB)
...
006 (11630180.001.000) 2025-04-13 19:54:48 Image size of job updated: 3728
	3728  -  MemoryUsage of job (MB)
	3817848  -  ResidentSetSize of job (KB)
...
006 (11630180.002.000) 2025-04-13 19:54:51 Image size of job updated: 4218
	4218  -  MemoryUsage of job (MB)
	4319524  -  ResidentSetSize of job (KB)
...
006 (11630180.004.000) 2025-04-13 19:54:57 Image size of job updated: 4089
	4089  -  MemoryUsage of job (MB)
	4187584  -  ResidentSetSize of job (KB)
...
006 (11630180.000.000) 2025-04-13 19:55:44 Image size of job updated: 3861
	3861  -  MemoryUsage of job (MB)
	3954628  -  ResidentSetSize of job (KB)
...
006 (11630180.003.000) 2025-04-13 19:55:45 Image size of job updated: 3475
	3475  -  MemoryUsage of job (MB)
	3558460  -  ResidentSetSize of job (KB)
...
006 (11630180.001.000) 2025-04-13 19:55:48 Image size of job updated: 3788
	3788  -  MemoryUsage of job (MB)
	3879636  -  ResidentSetSize of job (KB)
...
006 (11630180.002.000) 2025-04-13 19:55:51 Image size of job updated: 4246
	4246  -  MemoryUsage of job (MB)
	4348052  -  ResidentSetSize of job (KB)
...
006 (11630180.004.000) 2025-04-13 19:55:57 Image size of job updated: 4143
	4143  -  MemoryUsage of job (MB)
	4243100  -  ResidentSetSize of job (KB)
...
006 (11630180.003.000) 2025-04-13 19:56:46 Image size of job updated: 3506
	3506  -  MemoryUsage of job (MB)
	3590944  -  ResidentSetSize of job (KB)
...
006 (11630180.001.000) 2025-04-13 19:56:49 Image size of job updated: 3820
	3820  -  MemoryUsage of job (MB)
	3911912  -  ResidentSetSize of job (KB)
...
006 (11630180.002.000) 2025-04-13 19:56:52 Image size of job updated: 4274
	4274  -  MemoryUsage of job (MB)
	4376644  -  ResidentSetSize of job (KB)
...
006 (11630180.004.000) 2025-04-13 19:56:58 Image size of job updated: 4198
	4198  -  MemoryUsage of job (MB)
	4298988  -  ResidentSetSize of job (KB)
...
006 (11630180.000.000) 2025-04-13 19:57:44 Image size of job updated: 3892
	3892  -  MemoryUsage of job (MB)
	3985616  -  ResidentSetSize of job (KB)
...
006 (11630180.003.000) 2025-04-13 19:57:46 Image size of job updated: 3566
	3566  -  MemoryUsage of job (MB)
	3652140  -  ResidentSetSize of job (KB)
...
006 (11630180.001.000) 2025-04-13 19:57:49 Image size of job updated: 3881
	3881  -  MemoryUsage of job (MB)
	3974248  -  ResidentSetSize of job (KB)
...
006 (11630180.002.000) 2025-04-13 19:57:53 Image size of job updated: 4302
	4302  -  MemoryUsage of job (MB)
	4405324  -  ResidentSetSize of job (KB)
...
006 (11630180.004.000) 2025-04-13 19:57:58 Image size of job updated: 4228
	4228  -  MemoryUsage of job (MB)
	4329524  -  ResidentSetSize of job (KB)
...
006 (11630180.000.000) 2025-04-13 19:58:45 Image size of job updated: 3922
	3922  -  MemoryUsage of job (MB)
	4016588  -  ResidentSetSize of job (KB)
...
006 (11630180.001.000) 2025-04-13 19:58:50 Image size of job updated: 3912
	3912  -  MemoryUsage of job (MB)
	4006680  -  ResidentSetSize of job (KB)
...
006 (11630180.002.000) 2025-04-13 19:58:53 Image size of job updated: 4329
	4329  -  MemoryUsage of job (MB)
	4433572  -  ResidentSetSize of job (KB)
...
006 (11630180.004.000) 2025-04-13 19:58:59 Image size of job updated: 4257
	4257  -  MemoryUsage of job (MB)
	4360184  -  ResidentSetSize of job (KB)
...
006 (11630180.003.000) 2025-04-13 19:59:47 Image size of job updated: 3581
	3581  -  MemoryUsage of job (MB)
	3667768  -  ResidentSetSize of job (KB)
...
006 (11630180.001.000) 2025-04-13 19:59:50 Image size of job updated: 3972
	3972  -  MemoryUsage of job (MB)
	4068032  -  ResidentSetSize of job (KB)
...
006 (11630180.002.000) 2025-04-13 19:59:54 Image size of job updated: 4329
	4329  -  MemoryUsage of job (MB)
	4433864  -  ResidentSetSize of job (KB)
...
006 (11630180.004.000) 2025-04-13 20:00:00 Image size of job updated: 4317
	4317  -  MemoryUsage of job (MB)
	4420988  -  ResidentSetSize of job (KB)
...
006 (11630180.000.000) 2025-04-13 20:00:45 Image size of job updated: 3952
	3952  -  MemoryUsage of job (MB)
	4047260  -  ResidentSetSize of job (KB)
...
006 (11630180.003.000) 2025-04-13 20:00:47 Image size of job updated: 3642
	3642  -  MemoryUsage of job (MB)
	3729856  -  ResidentSetSize of job (KB)
...
006 (11630180.001.000) 2025-04-13 20:00:51 Image size of job updated: 4033
	4033  -  MemoryUsage of job (MB)
	4130768  -  ResidentSetSize of job (KB)
...
006 (11630180.002.000) 2025-04-13 20:00:54 Image size of job updated: 4357
	4357  -  MemoryUsage of job (MB)
	4462404  -  ResidentSetSize of job (KB)
...
006 (11630180.004.000) 2025-04-13 20:01:00 Image size of job updated: 4347
	4347  -  MemoryUsage of job (MB)
	4451980  -  ResidentSetSize of job (KB)
...
006 (11630180.000.000) 2025-04-13 20:01:46 Image size of job updated: 3982
	3982  -  MemoryUsage of job (MB)
	4077732  -  ResidentSetSize of job (KB)
...
006 (11630180.003.000) 2025-04-13 20:01:49 Image size of job updated: 3673
	3673  -  MemoryUsage of job (MB)
	3761436  -  ResidentSetSize of job (KB)
...
006 (11630180.001.000) 2025-04-13 20:01:51 Image size of job updated: 4064
	4064  -  MemoryUsage of job (MB)
	4161580  -  ResidentSetSize of job (KB)
...
006 (11630180.002.000) 2025-04-13 20:01:55 Image size of job updated: 4385
	4385  -  MemoryUsage of job (MB)
	4490892  -  ResidentSetSize of job (KB)
...
006 (11630180.004.000) 2025-04-13 20:02:01 Image size of job updated: 4377
	4377  -  MemoryUsage of job (MB)
	4482344  -  ResidentSetSize of job (KB)
...
006 (11630180.000.000) 2025-04-13 20:02:46 Image size of job updated: 3982
	3982  -  MemoryUsage of job (MB)
	4077940  -  ResidentSetSize of job (KB)
...
006 (11630180.003.000) 2025-04-13 20:02:49 Image size of job updated: 3706
	3706  -  MemoryUsage of job (MB)
	3795728  -  ResidentSetSize of job (KB)
...
006 (11630180.001.000) 2025-04-13 20:02:52 Image size of job updated: 4124
	4124  -  MemoryUsage of job (MB)
	4223904  -  ResidentSetSize of job (KB)
...
006 (11630180.002.000) 2025-04-13 20:02:56 Image size of job updated: 4413
	4413  -  MemoryUsage of job (MB)
	4519568  -  ResidentSetSize of job (KB)
...
006 (11630180.004.000) 2025-04-13 20:03:01 Image size of job updated: 4432
	4432  -  MemoryUsage of job (MB)
	4538464  -  ResidentSetSize of job (KB)
...
006 (11630180.000.000) 2025-04-13 20:03:47 Image size of job updated: 4012
	4012  -  MemoryUsage of job (MB)
	4108636  -  ResidentSetSize of job (KB)
...
006 (11630180.003.000) 2025-04-13 20:03:49 Image size of job updated: 3761
	3761  -  MemoryUsage of job (MB)
	3851308  -  ResidentSetSize of job (KB)
...
006 (11630180.001.000) 2025-04-13 20:03:52 Image size of job updated: 4156
	4156  -  MemoryUsage of job (MB)
	4255752  -  ResidentSetSize of job (KB)
...
006 (11630180.002.000) 2025-04-13 20:03:57 Image size of job updated: 4413
	4413  -  MemoryUsage of job (MB)
	4519584  -  ResidentSetSize of job (KB)
...
006 (11630180.004.000) 2025-04-13 20:04:02 Image size of job updated: 4460
	4460  -  MemoryUsage of job (MB)
	4567880  -  ResidentSetSize of job (KB)
...
006 (11630180.000.000) 2025-04-13 20:04:48 Image size of job updated: 4042
	4042  -  MemoryUsage of job (MB)
	4139520  -  ResidentSetSize of job (KB)
...
006 (11630180.003.000) 2025-04-13 20:04:50 Image size of job updated: 3791
	3791  -  MemoryUsage of job (MB)
	3881984  -  ResidentSetSize of job (KB)
...
006 (11630180.001.000) 2025-04-13 20:04:53 Image size of job updated: 4216
	4216  -  MemoryUsage of job (MB)
	4317964  -  ResidentSetSize of job (KB)
...
006 (11630180.002.000) 2025-04-13 20:04:57 Image size of job updated: 4441
	4441  -  MemoryUsage of job (MB)
	4548120  -  ResidentSetSize of job (KB)
...
006 (11630180.004.000) 2025-04-13 20:05:02 Image size of job updated: 4514
	4514  -  MemoryUsage of job (MB)
	4622664  -  ResidentSetSize of job (KB)
...
006 (11630180.000.000) 2025-04-13 20:05:48 Image size of job updated: 4072
	4072  -  MemoryUsage of job (MB)
	4169748  -  ResidentSetSize of job (KB)
...
006 (11630180.003.000) 2025-04-13 20:05:50 Image size of job updated: 3848
	3848  -  MemoryUsage of job (MB)
	3940652  -  ResidentSetSize of job (KB)
...
006 (11630180.001.000) 2025-04-13 20:05:53 Image size of job updated: 4246
	4246  -  MemoryUsage of job (MB)
	4348644  -  ResidentSetSize of job (KB)
...
006 (11630180.002.000) 2025-04-13 20:05:58 Image size of job updated: 4469
	4469  -  MemoryUsage of job (MB)
	4576644  -  ResidentSetSize of job (KB)
...
006 (11630180.004.000) 2025-04-13 20:06:03 Image size of job updated: 4542
	4542  -  MemoryUsage of job (MB)
	4651108  -  ResidentSetSize of job (KB)
...
006 (11630180.000.000) 2025-04-13 20:06:49 Image size of job updated: 4072
	4072  -  MemoryUsage of job (MB)
	4170120  -  ResidentSetSize of job (KB)
...
006 (11630180.003.000) 2025-04-13 20:06:51 Image size of job updated: 3853
	3853  -  MemoryUsage of job (MB)
	3946420  -  ResidentSetSize of job (KB)
...
006 (11630180.001.000) 2025-04-13 20:06:54 Image size of job updated: 4299
	4299  -  MemoryUsage of job (MB)
	4403184  -  ResidentSetSize of job (KB)
...
006 (11630180.002.000) 2025-04-13 20:06:58 Image size of job updated: 4497
	4497  -  MemoryUsage of job (MB)
	4605328  -  ResidentSetSize of job (KB)
...
006 (11630180.004.000) 2025-04-13 20:07:03 Image size of job updated: 4570
	4570  -  MemoryUsage of job (MB)
	4680260  -  ResidentSetSize of job (KB)
...
006 (11630180.000.000) 2025-04-13 20:07:49 Image size of job updated: 4102
	4102  -  MemoryUsage of job (MB)
	4200480  -  ResidentSetSize of job (KB)
...
006 (11630180.003.000) 2025-04-13 20:07:51 Image size of job updated: 3884
	3884  -  MemoryUsage of job (MB)
	3978056  -  ResidentSetSize of job (KB)
...
006 (11630180.001.000) 2025-04-13 20:07:54 Image size of job updated: 4339
	4339  -  MemoryUsage of job (MB)
	4443760  -  ResidentSetSize of job (KB)
...
006 (11630180.004.000) 2025-04-13 20:08:04 Image size of job updated: 4625
	4625  -  MemoryUsage of job (MB)
	4736192  -  ResidentSetSize of job (KB)
...
006 (11630180.000.000) 2025-04-13 20:08:50 Image size of job updated: 4131
	4131  -  MemoryUsage of job (MB)
	4231120  -  ResidentSetSize of job (KB)
...
006 (11630180.003.000) 2025-04-13 20:08:53 Image size of job updated: 3942
	3942  -  MemoryUsage of job (MB)
	4037436  -  ResidentSetSize of job (KB)
...
006 (11630180.001.000) 2025-04-13 20:08:55 Image size of job updated: 4370
	4370  -  MemoryUsage of job (MB)
	4475308  -  ResidentSetSize of job (KB)
...
006 (11630180.002.000) 2025-04-13 20:08:59 Image size of job updated: 4500
	4500  -  MemoryUsage of job (MB)
	4608044  -  ResidentSetSize of job (KB)
...
006 (11630180.004.000) 2025-04-13 20:09:04 Image size of job updated: 4652
	4652  -  MemoryUsage of job (MB)
	4764588  -  ResidentSetSize of job (KB)
...
006 (11630180.000.000) 2025-04-13 20:09:50 Image size of job updated: 4132
	4132  -  MemoryUsage of job (MB)
	4231276  -  ResidentSetSize of job (KB)
...
006 (11630180.003.000) 2025-04-13 20:09:53 Image size of job updated: 3944
	3944  -  MemoryUsage of job (MB)
	4039072  -  ResidentSetSize of job (KB)
...
006 (11630180.001.000) 2025-04-13 20:09:56 Image size of job updated: 4432
	4432  -  MemoryUsage of job (MB)
	4538548  -  ResidentSetSize of job (KB)
...
006 (11630180.002.000) 2025-04-13 20:09:59 Image size of job updated: 4516
	4516  -  MemoryUsage of job (MB)
	4625256  -  ResidentSetSize of job (KB)
...
006 (11630180.004.000) 2025-04-13 20:10:05 Image size of job updated: 4707
	4707  -  MemoryUsage of job (MB)
	4820436  -  ResidentSetSize of job (KB)
...
006 (11630180.000.000) 2025-04-13 20:10:51 Image size of job updated: 4162
	4162  -  MemoryUsage of job (MB)
	4262120  -  ResidentSetSize of job (KB)
...
006 (11630180.003.000) 2025-04-13 20:10:53 Image size of job updated: 3982
	3982  -  MemoryUsage of job (MB)
	4078104  -  ResidentSetSize of job (KB)
...
006 (11630180.001.000) 2025-04-13 20:10:56 Image size of job updated: 4462
	4462  -  MemoryUsage of job (MB)
	4569952  -  ResidentSetSize of job (KB)
...
006 (11630180.002.000) 2025-04-13 20:10:59 Image size of job updated: 4529
	4529  -  MemoryUsage of job (MB)
	4638644  -  ResidentSetSize of job (KB)
...
006 (11630180.004.000) 2025-04-13 20:11:05 Image size of job updated: 4762
	4762  -  MemoryUsage of job (MB)
	4876524  -  ResidentSetSize of job (KB)
...
006 (11630180.000.000) 2025-04-13 20:11:51 Image size of job updated: 4192
	4192  -  MemoryUsage of job (MB)
	4293020  -  ResidentSetSize of job (KB)
...
006 (11630180.003.000) 2025-04-13 20:11:54 Image size of job updated: 4012
	4012  -  MemoryUsage of job (MB)
	4109164  -  ResidentSetSize of job (KB)
...
006 (11630180.001.000) 2025-04-13 20:11:57 Image size of job updated: 4510
	4510  -  MemoryUsage of job (MB)
	4618448  -  ResidentSetSize of job (KB)
...
006 (11630180.002.000) 2025-04-13 20:12:00 Image size of job updated: 4560
	4560  -  MemoryUsage of job (MB)
	4669576  -  ResidentSetSize of job (KB)
...
006 (11630180.004.000) 2025-04-13 20:12:06 Image size of job updated: 4789
	4789  -  MemoryUsage of job (MB)
	4904612  -  ResidentSetSize of job (KB)
...
006 (11630180.000.000) 2025-04-13 20:12:52 Image size of job updated: 4192
	4192  -  MemoryUsage of job (MB)
	4293048  -  ResidentSetSize of job (KB)
...
006 (11630180.003.000) 2025-04-13 20:12:54 Image size of job updated: 4043
	4043  -  MemoryUsage of job (MB)
	4140312  -  ResidentSetSize of job (KB)
...
006 (11630180.001.000) 2025-04-13 20:12:57 Image size of job updated: 4552
	4552  -  MemoryUsage of job (MB)
	4661524  -  ResidentSetSize of job (KB)
...
006 (11630180.002.000) 2025-04-13 20:13:00 Image size of job updated: 4560
	4560  -  MemoryUsage of job (MB)
	4669580  -  ResidentSetSize of job (KB)
...
006 (11630180.004.000) 2025-04-13 20:13:07 Image size of job updated: 4817
	4817  -  MemoryUsage of job (MB)
	4933536  -  ResidentSetSize of job (KB)
...
006 (11630180.000.000) 2025-04-13 20:13:52 Image size of job updated: 4222
	4222  -  MemoryUsage of job (MB)
	4323868  -  ResidentSetSize of job (KB)
...
006 (11630180.003.000) 2025-04-13 20:13:55 Image size of job updated: 4099
	4099  -  MemoryUsage of job (MB)
	4198108  -  ResidentSetSize of job (KB)
...
006 (11630180.001.000) 2025-04-13 20:13:58 Image size of job updated: 4587
	4587  -  MemoryUsage of job (MB)
	4697156  -  ResidentSetSize of job (KB)
...
006 (11630180.002.000) 2025-04-13 20:14:01 Image size of job updated: 4587
	4587  -  MemoryUsage of job (MB)
	4698092  -  ResidentSetSize of job (KB)
...
006 (11630180.004.000) 2025-04-13 20:14:07 Image size of job updated: 4871
	4871  -  MemoryUsage of job (MB)
	4988672  -  ResidentSetSize of job (KB)
...
006 (11630180.000.000) 2025-04-13 20:14:52 Image size of job updated: 4249
	4249  -  MemoryUsage of job (MB)
	4351160  -  ResidentSetSize of job (KB)
...
006 (11630180.003.000) 2025-04-13 20:14:55 Image size of job updated: 4129
	4129  -  MemoryUsage of job (MB)
	4228852  -  ResidentSetSize of job (KB)
...
006 (11630180.001.000) 2025-04-13 20:14:59 Image size of job updated: 4647
	4647  -  MemoryUsage of job (MB)
	4759044  -  ResidentSetSize of job (KB)
...
006 (11630180.002.000) 2025-04-13 20:15:02 Image size of job updated: 4615
	4615  -  MemoryUsage of job (MB)
	4726652  -  ResidentSetSize of job (KB)
...
006 (11630180.004.000) 2025-04-13 20:15:08 Image size of job updated: 4901
	4901  -  MemoryUsage of job (MB)
	5019128  -  ResidentSetSize of job (KB)
...
006 (11630180.000.000) 2025-04-13 20:15:53 Image size of job updated: 4249
	4249  -  MemoryUsage of job (MB)
	4351448  -  ResidentSetSize of job (KB)
...
006 (11630180.003.000) 2025-04-13 20:15:55 Image size of job updated: 4160
	4160  -  MemoryUsage of job (MB)
	4260344  -  ResidentSetSize of job (KB)
...
006 (11630180.001.000) 2025-04-13 20:15:59 Image size of job updated: 4678
	4678  -  MemoryUsage of job (MB)
	4791268  -  ResidentSetSize of job (KB)
...
006 (11630180.002.000) 2025-04-13 20:16:02 Image size of job updated: 4643
	4643  -  MemoryUsage of job (MB)
	4755080  -  ResidentSetSize of job (KB)
...
006 (11630180.004.000) 2025-04-13 20:16:09 Image size of job updated: 4954
	4954  -  MemoryUsage of job (MB)
	5073456  -  ResidentSetSize of job (KB)
...
006 (11630180.000.000) 2025-04-13 20:16:54 Image size of job updated: 4279
	4279  -  MemoryUsage of job (MB)
	4382516  -  ResidentSetSize of job (KB)
...
006 (11630180.003.000) 2025-04-13 20:16:56 Image size of job updated: 4217
	4217  -  MemoryUsage of job (MB)
	4318372  -  ResidentSetSize of job (KB)
...
006 (11630180.001.000) 2025-04-13 20:17:00 Image size of job updated: 4738
	4738  -  MemoryUsage of job (MB)
	4852132  -  ResidentSetSize of job (KB)
...
006 (11630180.002.000) 2025-04-13 20:17:03 Image size of job updated: 4645
	4645  -  MemoryUsage of job (MB)
	4756672  -  ResidentSetSize of job (KB)
...
006 (11630180.004.000) 2025-04-13 20:17:09 Image size of job updated: 4983
	4983  -  MemoryUsage of job (MB)
	5103504  -  ResidentSetSize of job (KB)
...
006 (11630180.000.000) 2025-04-13 20:17:54 Image size of job updated: 4309
	4309  -  MemoryUsage of job (MB)
	4412988  -  ResidentSetSize of job (KB)
...
006 (11630180.003.000) 2025-04-13 20:17:56 Image size of job updated: 4247
	4247  -  MemoryUsage of job (MB)
	4349872  -  ResidentSetSize of job (KB)
...
006 (11630180.001.000) 2025-04-13 20:18:00 Image size of job updated: 4770
	4770  -  MemoryUsage of job (MB)
	4884492  -  ResidentSetSize of job (KB)
...
006 (11630180.002.000) 2025-04-13 20:18:04 Image size of job updated: 4671
	4671  -  MemoryUsage of job (MB)
	4784024  -  ResidentSetSize of job (KB)
...
006 (11630180.004.000) 2025-04-13 20:18:10 Image size of job updated: 5037
	5037  -  MemoryUsage of job (MB)
	5158480  -  ResidentSetSize of job (KB)
...
006 (11630180.000.000) 2025-04-13 20:18:55 Image size of job updated: 4309
	4309  -  MemoryUsage of job (MB)
	4413192  -  ResidentSetSize of job (KB)
...
006 (11630180.003.000) 2025-04-13 20:18:57 Image size of job updated: 4307
	4307  -  MemoryUsage of job (MB)
	4410544  -  ResidentSetSize of job (KB)
...
006 (11630180.001.000) 2025-04-13 20:19:00 Image size of job updated: 4801
	4801  -  MemoryUsage of job (MB)
	4916780  -  ResidentSetSize of job (KB)
...
006 (11630180.002.000) 2025-04-13 20:19:04 Image size of job updated: 4699
	4699  -  MemoryUsage of job (MB)
	4812548  -  ResidentSetSize of job (KB)
...
006 (11630180.004.000) 2025-04-13 20:19:11 Image size of job updated: 5092
	5092  -  MemoryUsage of job (MB)
	5214424  -  ResidentSetSize of job (KB)
...
006 (11630180.000.000) 2025-04-13 20:19:56 Image size of job updated: 4339
	4339  -  MemoryUsage of job (MB)
	4443960  -  ResidentSetSize of job (KB)
...
006 (11630180.003.000) 2025-04-13 20:19:58 Image size of job updated: 4337
	4337  -  MemoryUsage of job (MB)
	4441584  -  ResidentSetSize of job (KB)
...
006 (11630180.001.000) 2025-04-13 20:20:01 Image size of job updated: 4832
	4832  -  MemoryUsage of job (MB)
	4948932  -  ResidentSetSize of job (KB)
...
006 (11630180.002.000) 2025-04-13 20:20:04 Image size of job updated: 4714
	4714  -  MemoryUsage of job (MB)
	4827300  -  ResidentSetSize of job (KB)
...
006 (11630180.004.000) 2025-04-13 20:20:11 Image size of job updated: 5120
	5120  -  MemoryUsage of job (MB)
	5243308  -  ResidentSetSize of job (KB)
...
006 (11630180.000.000) 2025-04-13 20:20:56 Image size of job updated: 4346
	4346  -  MemoryUsage of job (MB)
	4451204  -  ResidentSetSize of job (KB)
...
006 (11630180.003.000) 2025-04-13 20:20:58 Image size of job updated: 4368
	4368  -  MemoryUsage of job (MB)
	4472996  -  ResidentSetSize of job (KB)
...
006 (11630180.001.000) 2025-04-13 20:21:01 Image size of job updated: 4882
	4882  -  MemoryUsage of job (MB)
	5000188  -  ResidentSetSize of job (KB)
...
006 (11630180.002.000) 2025-04-13 20:21:05 Image size of job updated: 4743
	4743  -  MemoryUsage of job (MB)
	4857104  -  ResidentSetSize of job (KB)
...
006 (11630180.004.000) 2025-04-13 20:21:12 Image size of job updated: 5174
	5174  -  MemoryUsage of job (MB)
	5298836  -  ResidentSetSize of job (KB)
...
006 (11630180.000.000) 2025-04-13 20:21:57 Image size of job updated: 4369
	4369  -  MemoryUsage of job (MB)
	4474480  -  ResidentSetSize of job (KB)
...
006 (11630180.003.000) 2025-04-13 20:21:59 Image size of job updated: 4427
	4427  -  MemoryUsage of job (MB)
	4534264  -  ResidentSetSize of job (KB)
...
006 (11630180.001.000) 2025-04-13 20:22:01 Image size of job updated: 4905
	4905  -  MemoryUsage of job (MB)
	5023376  -  ResidentSetSize of job (KB)
...
006 (11630180.002.000) 2025-04-13 20:22:06 Image size of job updated: 4771
	4771  -  MemoryUsage of job (MB)
	4886372  -  ResidentSetSize of job (KB)
...
006 (11630180.004.000) 2025-04-13 20:22:12 Image size of job updated: 5203
	5203  -  MemoryUsage of job (MB)
	5328668  -  ResidentSetSize of job (KB)
...
006 (11630180.000.000) 2025-04-13 20:22:58 Image size of job updated: 4399
	4399  -  MemoryUsage of job (MB)
	4505004  -  ResidentSetSize of job (KB)
...
006 (11630180.003.000) 2025-04-13 20:22:59 Image size of job updated: 4457
	4457  -  MemoryUsage of job (MB)
	4564560  -  ResidentSetSize of job (KB)
...
006 (11630180.001.000) 2025-04-13 20:23:02 Image size of job updated: 4936
	4936  -  MemoryUsage of job (MB)
	5054572  -  ResidentSetSize of job (KB)
...
006 (11630180.002.000) 2025-04-13 20:23:07 Image size of job updated: 4801
	4801  -  MemoryUsage of job (MB)
	4916336  -  ResidentSetSize of job (KB)
...
006 (11630180.004.000) 2025-04-13 20:23:13 Image size of job updated: 5257
	5257  -  MemoryUsage of job (MB)
	5383604  -  ResidentSetSize of job (KB)
...
006 (11630180.000.000) 2025-04-13 20:23:58 Image size of job updated: 4426
	4426  -  MemoryUsage of job (MB)
	4532368  -  ResidentSetSize of job (KB)
...
006 (11630180.003.000) 2025-04-13 20:23:59 Image size of job updated: 4517
	4517  -  MemoryUsage of job (MB)
	4625772  -  ResidentSetSize of job (KB)
...
006 (11630180.001.000) 2025-04-13 20:24:03 Image size of job updated: 4967
	4967  -  MemoryUsage of job (MB)
	5087204  -  ResidentSetSize of job (KB)
...
006 (11630180.002.000) 2025-04-13 20:24:07 Image size of job updated: 4830
	4830  -  MemoryUsage of job (MB)
	4946200  -  ResidentSetSize of job (KB)
...
006 (11630180.004.000) 2025-04-13 20:24:14 Image size of job updated: 5311
	5311  -  MemoryUsage of job (MB)
	5439352  -  ResidentSetSize of job (KB)
...
006 (11630180.000.000) 2025-04-13 20:24:58 Image size of job updated: 4428
	4428  -  MemoryUsage of job (MB)
	4535260  -  ResidentSetSize of job (KB)
...
006 (11630180.003.000) 2025-04-13 20:25:00 Image size of job updated: 4549
	4549  -  MemoryUsage of job (MB)
	4658392  -  ResidentSetSize of job (KB)
...
006 (11630180.001.000) 2025-04-13 20:25:03 Image size of job updated: 5028
	5028  -  MemoryUsage of job (MB)
	5148684  -  ResidentSetSize of job (KB)
...
006 (11630180.002.000) 2025-04-13 20:25:08 Image size of job updated: 4859
	4859  -  MemoryUsage of job (MB)
	4976264  -  ResidentSetSize of job (KB)
...
006 (11630180.004.000) 2025-04-13 20:25:14 Image size of job updated: 5339
	5339  -  MemoryUsage of job (MB)
	5468040  -  ResidentSetSize of job (KB)
...
006 (11630180.000.000) 2025-04-13 20:25:59 Image size of job updated: 4458
	4458  -  MemoryUsage of job (MB)
	4565636  -  ResidentSetSize of job (KB)
...
006 (11630180.003.000) 2025-04-13 20:26:00 Image size of job updated: 4580
	4580  -  MemoryUsage of job (MB)
	4690632  -  ResidentSetSize of job (KB)
...
006 (11630180.001.000) 2025-04-13 20:26:04 Image size of job updated: 5058
	5058  -  MemoryUsage of job (MB)
	5180164  -  ResidentSetSize of job (KB)
...
006 (11630180.002.000) 2025-04-13 20:26:09 Image size of job updated: 4889
	4889  -  MemoryUsage of job (MB)
	5006520  -  ResidentSetSize of job (KB)
...
006 (11630180.004.000) 2025-04-13 20:26:15 Image size of job updated: 5395
	5395  -  MemoryUsage of job (MB)
	5524500  -  ResidentSetSize of job (KB)
...
006 (11630180.000.000) 2025-04-13 20:27:00 Image size of job updated: 4458
	4458  -  MemoryUsage of job (MB)
	4565668  -  ResidentSetSize of job (KB)
...
006 (11630180.003.000) 2025-04-13 20:27:00 Image size of job updated: 4613
	4613  -  MemoryUsage of job (MB)
	4724044  -  ResidentSetSize of job (KB)
...
006 (11630180.001.000) 2025-04-13 20:27:04 Image size of job updated: 5089
	5089  -  MemoryUsage of job (MB)
	5212128  -  ResidentSetSize of job (KB)
...
006 (11630180.002.000) 2025-04-13 20:27:09 Image size of job updated: 4918
	4918  -  MemoryUsage of job (MB)
	5036216  -  ResidentSetSize of job (KB)
...
006 (11630180.004.000) 2025-04-13 20:27:15 Image size of job updated: 5421
	5421  -  MemoryUsage of job (MB)
	5551916  -  ResidentSetSize of job (KB)
...
006 (11630180.000.000) 2025-04-13 20:28:00 Image size of job updated: 4488
	4488  -  MemoryUsage of job (MB)
	4595940  -  ResidentSetSize of job (KB)
...
006 (11630180.003.000) 2025-04-13 20:28:00 Image size of job updated: 4642
	4642  -  MemoryUsage of job (MB)
	4754056  -  ResidentSetSize of job (KB)
...
006 (11630180.001.000) 2025-04-13 20:28:05 Image size of job updated: 5148
	5148  -  MemoryUsage of job (MB)
	5272256  -  ResidentSetSize of job (KB)
...
006 (11630180.002.000) 2025-04-13 20:28:10 Image size of job updated: 4947
	4947  -  MemoryUsage of job (MB)
	5066344  -  ResidentSetSize of job (KB)
...
006 (11630180.004.000) 2025-04-13 20:28:15 Image size of job updated: 5477
	5477  -  MemoryUsage of job (MB)
	5609116  -  ResidentSetSize of job (KB)
...
006 (11630180.000.000) 2025-04-13 20:29:01 Image size of job updated: 4518
	4518  -  MemoryUsage of job (MB)
	4626604  -  ResidentSetSize of job (KB)
...
006 (11630180.001.000) 2025-04-13 20:29:06 Image size of job updated: 5181
	5181  -  MemoryUsage of job (MB)
	5305476  -  ResidentSetSize of job (KB)
...
006 (11630180.002.000) 2025-04-13 20:29:11 Image size of job updated: 4977
	4977  -  MemoryUsage of job (MB)
	5096524  -  ResidentSetSize of job (KB)
...
006 (11630180.004.000) 2025-04-13 20:29:16 Image size of job updated: 5506
	5506  -  MemoryUsage of job (MB)
	5638580  -  ResidentSetSize of job (KB)
...
006 (11630180.000.000) 2025-04-13 20:30:01 Image size of job updated: 4519
	4519  -  MemoryUsage of job (MB)
	4627836  -  ResidentSetSize of job (KB)
...
006 (11630180.001.000) 2025-04-13 20:30:06 Image size of job updated: 5240
	5240  -  MemoryUsage of job (MB)
	5366772  -  ResidentSetSize of job (KB)
...
006 (11630180.002.000) 2025-04-13 20:30:11 Image size of job updated: 5006
	5006  -  MemoryUsage of job (MB)
	5126588  -  ResidentSetSize of job (KB)
...
006 (11630180.004.000) 2025-04-13 20:30:16 Image size of job updated: 5562
	5562  -  MemoryUsage of job (MB)
	5695908  -  ResidentSetSize of job (KB)
...
006 (11630180.000.000) 2025-04-13 20:31:01 Image size of job updated: 4548
	4548  -  MemoryUsage of job (MB)
	4657452  -  ResidentSetSize of job (KB)
...
006 (11630180.001.000) 2025-04-13 20:31:07 Image size of job updated: 5271
	5271  -  MemoryUsage of job (MB)
	5398272  -  ResidentSetSize of job (KB)
...
006 (11630180.002.000) 2025-04-13 20:31:12 Image size of job updated: 5035
	5035  -  MemoryUsage of job (MB)
	5156700  -  ResidentSetSize of job (KB)
...
006 (11630180.004.000) 2025-04-13 20:31:16 Image size of job updated: 5590
	5590  -  MemoryUsage of job (MB)
	5724440  -  ResidentSetSize of job (KB)
...
006 (11630180.000.000) 2025-04-13 20:32:02 Image size of job updated: 4577
	4577  -  MemoryUsage of job (MB)
	4687784  -  ResidentSetSize of job (KB)
...
006 (11630180.001.000) 2025-04-13 20:32:08 Image size of job updated: 5313
	5313  -  MemoryUsage of job (MB)
	5441296  -  ResidentSetSize of job (KB)
...
006 (11630180.002.000) 2025-04-13 20:32:12 Image size of job updated: 5067
	5067  -  MemoryUsage of job (MB)
	5189432  -  ResidentSetSize of job (KB)
...
006 (11630180.004.000) 2025-04-13 20:32:17 Image size of job updated: 5643
	5643  -  MemoryUsage of job (MB)
	5779176  -  ResidentSetSize of job (KB)
...
006 (11630180.000.000) 2025-04-13 20:33:02 Image size of job updated: 4578
	4578  -  MemoryUsage of job (MB)
	4688028  -  ResidentSetSize of job (KB)
...
006 (11630180.001.000) 2025-04-13 20:33:08 Image size of job updated: 5344
	5344  -  MemoryUsage of job (MB)
	5472968  -  ResidentSetSize of job (KB)
...
006 (11630180.002.000) 2025-04-13 20:33:13 Image size of job updated: 5097
	5097  -  MemoryUsage of job (MB)
	5219660  -  ResidentSetSize of job (KB)
...
006 (11630180.004.000) 2025-04-13 20:33:17 Image size of job updated: 5672
	5672  -  MemoryUsage of job (MB)
	5808136  -  ResidentSetSize of job (KB)
...
006 (11630180.000.000) 2025-04-13 20:34:02 Image size of job updated: 4607
	4607  -  MemoryUsage of job (MB)
	4718460  -  ResidentSetSize of job (KB)
...
006 (11630180.003.000) 2025-04-13 20:34:04 Image size of job updated: 4657
	4657  -  MemoryUsage of job (MB)
	4769568  -  ResidentSetSize of job (KB)
...
006 (11630180.001.000) 2025-04-13 20:34:09 Image size of job updated: 5377
	5377  -  MemoryUsage of job (MB)
	5506248  -  ResidentSetSize of job (KB)
...
006 (11630180.002.000) 2025-04-13 20:34:14 Image size of job updated: 5126
	5126  -  MemoryUsage of job (MB)
	5249836  -  ResidentSetSize of job (KB)
...
006 (11630180.004.000) 2025-04-13 20:34:17 Image size of job updated: 5725
	5725  -  MemoryUsage of job (MB)
	5863084  -  ResidentSetSize of job (KB)
...
006 (11630180.000.000) 2025-04-13 20:35:03 Image size of job updated: 4637
	4637  -  MemoryUsage of job (MB)
	4749112  -  ResidentSetSize of job (KB)
...
006 (11630180.003.000) 2025-04-13 20:35:04 Image size of job updated: 4658
	4658  -  MemoryUsage of job (MB)
	4770112  -  ResidentSetSize of job (KB)
...
006 (11630180.001.000) 2025-04-13 20:35:09 Image size of job updated: 5437
	5437  -  MemoryUsage of job (MB)
	5568284  -  ResidentSetSize of job (KB)
...
006 (11630180.002.000) 2025-04-13 20:35:14 Image size of job updated: 5156
	5156  -  MemoryUsage of job (MB)
	5280280  -  ResidentSetSize of job (KB)
...
006 (11630180.004.000) 2025-04-13 20:35:18 Image size of job updated: 5781
	5781  -  MemoryUsage of job (MB)
	5920036  -  ResidentSetSize of job (KB)
...
006 (11630180.003.000) 2025-04-13 20:36:04 Image size of job updated: 4692
	4692  -  MemoryUsage of job (MB)
	4804864  -  ResidentSetSize of job (KB)
...
006 (11630180.001.000) 2025-04-13 20:36:09 Image size of job updated: 5468
	5468  -  MemoryUsage of job (MB)
	5599888  -  ResidentSetSize of job (KB)
...
006 (11630180.002.000) 2025-04-13 20:36:15 Image size of job updated: 5185
	5185  -  MemoryUsage of job (MB)
	5310292  -  ResidentSetSize of job (KB)
...
006 (11630180.004.000) 2025-04-13 20:36:18 Image size of job updated: 5808
	5808  -  MemoryUsage of job (MB)
	5947644  -  ResidentSetSize of job (KB)
...
006 (11630180.000.000) 2025-04-13 20:37:03 Image size of job updated: 4667
	4667  -  MemoryUsage of job (MB)
	4779808  -  ResidentSetSize of job (KB)
...
006 (11630180.003.000) 2025-04-13 20:37:05 Image size of job updated: 4723
	4723  -  MemoryUsage of job (MB)
	4836372  -  ResidentSetSize of job (KB)
...
006 (11630180.001.000) 2025-04-13 20:37:10 Image size of job updated: 5500
	5500  -  MemoryUsage of job (MB)
	5632484  -  ResidentSetSize of job (KB)
...
006 (11630180.002.000) 2025-04-13 20:37:16 Image size of job updated: 5214
	5214  -  MemoryUsage of job (MB)
	5340008  -  ResidentSetSize of job (KB)
...
006 (11630180.004.000) 2025-04-13 20:37:19 Image size of job updated: 5863
	5863  -  MemoryUsage of job (MB)
	6004180  -  ResidentSetSize of job (KB)
...
006 (11630180.000.000) 2025-04-13 20:38:04 Image size of job updated: 4697
	4697  -  MemoryUsage of job (MB)
	4810444  -  ResidentSetSize of job (KB)
...
006 (11630180.003.000) 2025-04-13 20:38:06 Image size of job updated: 4752
	4752  -  MemoryUsage of job (MB)
	4866272  -  ResidentSetSize of job (KB)
...
006 (11630180.001.000) 2025-04-13 20:38:10 Image size of job updated: 5560
	5560  -  MemoryUsage of job (MB)
	5693788  -  ResidentSetSize of job (KB)
...
006 (11630180.002.000) 2025-04-13 20:38:16 Image size of job updated: 5243
	5243  -  MemoryUsage of job (MB)
	5369720  -  ResidentSetSize of job (KB)
...
006 (11630180.004.000) 2025-04-13 20:38:19 Image size of job updated: 5891
	5891  -  MemoryUsage of job (MB)
	6032924  -  ResidentSetSize of job (KB)
...
006 (11630180.003.000) 2025-04-13 20:39:06 Image size of job updated: 4782
	4782  -  MemoryUsage of job (MB)
	4897548  -  ResidentSetSize of job (KB)
...
006 (11630180.001.000) 2025-04-13 20:39:10 Image size of job updated: 5591
	5591  -  MemoryUsage of job (MB)
	5725816  -  ResidentSetSize of job (KB)
...
006 (11630180.002.000) 2025-04-13 20:39:17 Image size of job updated: 5259
	5259  -  MemoryUsage of job (MB)
	5385296  -  ResidentSetSize of job (KB)
...
006 (11630180.004.000) 2025-04-13 20:39:20 Image size of job updated: 5946
	5946  -  MemoryUsage of job (MB)
	6089452  -  ResidentSetSize of job (KB)
...
006 (11630180.000.000) 2025-04-13 20:40:04 Image size of job updated: 4727
	4727  -  MemoryUsage of job (MB)
	4841064  -  ResidentSetSize of job (KB)
...
006 (11630180.003.000) 2025-04-13 20:40:07 Image size of job updated: 4819
	4819  -  MemoryUsage of job (MB)
	4935648  -  ResidentSetSize of job (KB)
...
006 (11630180.001.000) 2025-04-13 20:40:11 Image size of job updated: 5623
	5623  -  MemoryUsage of job (MB)
	5757996  -  ResidentSetSize of job (KB)
...
006 (11630180.002.000) 2025-04-13 20:40:17 Image size of job updated: 5288
	5288  -  MemoryUsage of job (MB)
	5415276  -  ResidentSetSize of job (KB)
...
006 (11630180.004.000) 2025-04-13 20:40:20 Image size of job updated: 6000
	6000  -  MemoryUsage of job (MB)
	6144944  -  ResidentSetSize of job (KB)
...
006 (11630180.000.000) 2025-04-13 20:41:05 Image size of job updated: 4757
	4757  -  MemoryUsage of job (MB)
	4871424  -  ResidentSetSize of job (KB)
...
006 (11630180.003.000) 2025-04-13 20:41:07 Image size of job updated: 4849
	4849  -  MemoryUsage of job (MB)
	4965788  -  ResidentSetSize of job (KB)
...
006 (11630180.001.000) 2025-04-13 20:41:12 Image size of job updated: 5682
	5682  -  MemoryUsage of job (MB)
	5818424  -  ResidentSetSize of job (KB)
...
006 (11630180.002.000) 2025-04-13 20:41:17 Image size of job updated: 5317
	5317  -  MemoryUsage of job (MB)
	5444672  -  ResidentSetSize of job (KB)
...
006 (11630180.004.000) 2025-04-13 20:41:21 Image size of job updated: 6028
	6028  -  MemoryUsage of job (MB)
	6172688  -  ResidentSetSize of job (KB)
...
006 (11630180.000.000) 2025-04-13 20:42:05 Image size of job updated: 4786
	4786  -  MemoryUsage of job (MB)
	4901576  -  ResidentSetSize of job (KB)
...
006 (11630180.003.000) 2025-04-13 20:42:08 Image size of job updated: 4880
	4880  -  MemoryUsage of job (MB)
	4997780  -  ResidentSetSize of job (KB)
...
006 (11630180.001.000) 2025-04-13 20:42:12 Image size of job updated: 5714
	5714  -  MemoryUsage of job (MB)
	5851156  -  ResidentSetSize of job (KB)
...
006 (11630180.002.000) 2025-04-13 20:42:18 Image size of job updated: 5328
	5328  -  MemoryUsage of job (MB)
	5455900  -  ResidentSetSize of job (KB)
...
006 (11630180.004.000) 2025-04-13 20:42:21 Image size of job updated: 6082
	6082  -  MemoryUsage of job (MB)
	6228608  -  ResidentSetSize of job (KB)
...
006 (11630180.000.000) 2025-04-13 20:43:05 Image size of job updated: 4787
	4787  -  MemoryUsage of job (MB)
	4902004  -  ResidentSetSize of job (KB)
...
006 (11630180.003.000) 2025-04-13 20:43:09 Image size of job updated: 4937
	4937  -  MemoryUsage of job (MB)
	5056064  -  ResidentSetSize of job (KB)
...
006 (11630180.001.000) 2025-04-13 20:43:13 Image size of job updated: 5766
	5766  -  MemoryUsage of job (MB)
	5905352  -  ResidentSetSize of job (KB)
...
006 (11630180.002.000) 2025-04-13 20:43:18 Image size of job updated: 5356
	5356  -  MemoryUsage of job (MB)
	5484608  -  ResidentSetSize of job (KB)
...
006 (11630180.004.000) 2025-04-13 20:43:22 Image size of job updated: 6109
	6109  -  MemoryUsage of job (MB)
	6256120  -  ResidentSetSize of job (KB)
...
006 (11630180.000.000) 2025-04-13 20:44:06 Image size of job updated: 4816
	4816  -  MemoryUsage of job (MB)
	4932372  -  ResidentSetSize of job (KB)
...
006 (11630180.001.000) 2025-04-13 20:44:13 Image size of job updated: 5797
	5797  -  MemoryUsage of job (MB)
	5936600  -  ResidentSetSize of job (KB)
...
006 (11630180.002.000) 2025-04-13 20:44:18 Image size of job updated: 5385
	5385  -  MemoryUsage of job (MB)
	5514588  -  ResidentSetSize of job (KB)
...
006 (11630180.004.000) 2025-04-13 20:44:22 Image size of job updated: 6137
	6137  -  MemoryUsage of job (MB)
	6285248  -  ResidentSetSize of job (KB)
...
006 (11630180.000.000) 2025-04-13 20:45:07 Image size of job updated: 4831
	4831  -  MemoryUsage of job (MB)
	4947268  -  ResidentSetSize of job (KB)
...
006 (11630180.003.000) 2025-04-13 20:45:10 Image size of job updated: 4966
	4966  -  MemoryUsage of job (MB)
	5085232  -  ResidentSetSize of job (KB)
...
006 (11630180.001.000) 2025-04-13 20:45:14 Image size of job updated: 5827
	5827  -  MemoryUsage of job (MB)
	5967544  -  ResidentSetSize of job (KB)
...
006 (11630180.002.000) 2025-04-13 20:45:19 Image size of job updated: 5414
	5414  -  MemoryUsage of job (MB)
	5544628  -  ResidentSetSize of job (KB)
...
006 (11630180.004.000) 2025-04-13 20:45:23 Image size of job updated: 6166
	6166  -  MemoryUsage of job (MB)
	6314016  -  ResidentSetSize of job (KB)
...
006 (11630180.000.000) 2025-04-13 20:46:07 Image size of job updated: 4833
	4833  -  MemoryUsage of job (MB)
	4949656  -  ResidentSetSize of job (KB)
...
006 (11630180.003.000) 2025-04-13 20:46:11 Image size of job updated: 5023
	5023  -  MemoryUsage of job (MB)
	5144396  -  ResidentSetSize of job (KB)
...
006 (11630180.001.000) 2025-04-13 20:46:15 Image size of job updated: 5855
	5855  -  MemoryUsage of job (MB)
	5996004  -  ResidentSetSize of job (KB)
...
006 (11630180.002.000) 2025-04-13 20:46:20 Image size of job updated: 5443
	5443  -  MemoryUsage of job (MB)
	5574568  -  ResidentSetSize of job (KB)
...
006 (11630180.004.000) 2025-04-13 20:46:23 Image size of job updated: 6193
	6193  -  MemoryUsage of job (MB)
	6342128  -  ResidentSetSize of job (KB)
...
006 (11630180.000.000) 2025-04-13 20:47:08 Image size of job updated: 4865
	4865  -  MemoryUsage of job (MB)
	4981856  -  ResidentSetSize of job (KB)
...
006 (11630180.003.000) 2025-04-13 20:47:11 Image size of job updated: 5053
	5053  -  MemoryUsage of job (MB)
	5175092  -  ResidentSetSize of job (KB)
...
006 (11630180.001.000) 2025-04-13 20:47:15 Image size of job updated: 5885
	5885  -  MemoryUsage of job (MB)
	6026464  -  ResidentSetSize of job (KB)
...
006 (11630180.002.000) 2025-04-13 20:47:21 Image size of job updated: 5470
	5470  -  MemoryUsage of job (MB)
	5601388  -  ResidentSetSize of job (KB)
...
006 (11630180.004.000) 2025-04-13 20:47:23 Image size of job updated: 6221
	6221  -  MemoryUsage of job (MB)
	6371224  -  ResidentSetSize of job (KB)
...
006 (11630180.000.000) 2025-04-13 20:48:09 Image size of job updated: 4896
	4896  -  MemoryUsage of job (MB)
	5014488  -  ResidentSetSize of job (KB)
...
006 (11630180.003.000) 2025-04-13 20:48:11 Image size of job updated: 5083
	5083  -  MemoryUsage of job (MB)
	5205456  -  ResidentSetSize of job (KB)
...
006 (11630180.001.000) 2025-04-13 20:48:15 Image size of job updated: 5924
	5924  -  MemoryUsage of job (MB)
	6066256  -  ResidentSetSize of job (KB)
...
006 (11630180.002.000) 2025-04-13 20:48:21 Image size of job updated: 5474
	5474  -  MemoryUsage of job (MB)
	5606128  -  ResidentSetSize of job (KB)
...
006 (11630180.004.000) 2025-04-13 20:48:23 Image size of job updated: 6250
	6250  -  MemoryUsage of job (MB)
	6400676  -  ResidentSetSize of job (KB)
...
006 (11630180.000.000) 2025-04-13 20:49:10 Image size of job updated: 4929
	4929  -  MemoryUsage of job (MB)
	5047356  -  ResidentSetSize of job (KB)
...
006 (11630180.003.000) 2025-04-13 20:49:11 Image size of job updated: 5115
	5115  -  MemoryUsage of job (MB)
	5238220  -  ResidentSetSize of job (KB)
...
006 (11630180.001.000) 2025-04-13 20:49:16 Image size of job updated: 5949
	5949  -  MemoryUsage of job (MB)
	6092300  -  ResidentSetSize of job (KB)
...
006 (11630180.002.000) 2025-04-13 20:49:22 Image size of job updated: 5486
	5486  -  MemoryUsage of job (MB)
	5618188  -  ResidentSetSize of job (KB)
...
006 (11630180.004.000) 2025-04-13 20:49:23 Image size of job updated: 6278
	6278  -  MemoryUsage of job (MB)
	6429256  -  ResidentSetSize of job (KB)
...
006 (11630180.000.000) 2025-04-13 20:50:10 Image size of job updated: 4960
	4960  -  MemoryUsage of job (MB)
	5080004  -  ResidentSetSize of job (KB)
...
006 (11630180.003.000) 2025-04-13 20:50:11 Image size of job updated: 5150
	5150  -  MemoryUsage of job (MB)
	5274260  -  ResidentSetSize of job (KB)
...
006 (11630180.001.000) 2025-04-13 20:50:17 Image size of job updated: 5988
	5988  -  MemoryUsage of job (MB)
	6132680  -  ResidentSetSize of job (KB)
...
006 (11630180.002.000) 2025-04-13 20:50:23 Image size of job updated: 5515
	5515  -  MemoryUsage of job (MB)
	5648324  -  ResidentSetSize of job (KB)
...
006 (11630180.004.000) 2025-04-13 20:50:23 Image size of job updated: 6284
	6284  -  MemoryUsage of job (MB)
	6435256  -  ResidentSetSize of job (KB)
...
006 (11630180.000.000) 2025-04-13 20:51:10 Image size of job updated: 4962
	4962  -  MemoryUsage of job (MB)
	5081564  -  ResidentSetSize of job (KB)
...
006 (11630180.003.000) 2025-04-13 20:51:11 Image size of job updated: 5180
	5180  -  MemoryUsage of job (MB)
	5305336  -  ResidentSetSize of job (KB)
...
006 (11630180.001.000) 2025-04-13 20:51:17 Image size of job updated: 6032
	6032  -  MemoryUsage of job (MB)
	6177704  -  ResidentSetSize of job (KB)
...
006 (11630180.004.000) 2025-04-13 20:51:24 Image size of job updated: 6306
	6306  -  MemoryUsage of job (MB)
	6457884  -  ResidentSetSize of job (KB)
...
006 (11630180.000.000) 2025-04-13 20:52:10 Image size of job updated: 4993
	4993  -  MemoryUsage of job (MB)
	5113628  -  ResidentSetSize of job (KB)
...
006 (11630180.003.000) 2025-04-13 20:52:12 Image size of job updated: 5201
	5201  -  MemoryUsage of job (MB)
	5325880  -  ResidentSetSize of job (KB)
...
006 (11630180.001.000) 2025-04-13 20:52:17 Image size of job updated: 6065
	6065  -  MemoryUsage of job (MB)
	6210904  -  ResidentSetSize of job (KB)
...
006 (11630180.002.000) 2025-04-13 20:52:23 Image size of job updated: 5569
	5569  -  MemoryUsage of job (MB)
	5703348  -  ResidentSetSize of job (KB)
...
006 (11630180.004.000) 2025-04-13 20:52:25 Image size of job updated: 6334
	6334  -  MemoryUsage of job (MB)
	6486588  -  ResidentSetSize of job (KB)
...
006 (11630180.000.000) 2025-04-13 20:53:10 Image size of job updated: 5025
	5025  -  MemoryUsage of job (MB)
	5146036  -  ResidentSetSize of job (KB)
...
006 (11630180.003.000) 2025-04-13 20:53:13 Image size of job updated: 5258
	5258  -  MemoryUsage of job (MB)
	5385208  -  ResidentSetSize of job (KB)
...
006 (11630180.001.000) 2025-04-13 20:53:17 Image size of job updated: 6125
	6125  -  MemoryUsage of job (MB)
	6272680  -  ResidentSetSize of job (KB)
...
006 (11630180.002.000) 2025-04-13 20:53:24 Image size of job updated: 5599
	5599  -  MemoryUsage of job (MB)
	5733620  -  ResidentSetSize of job (KB)
...
006 (11630180.004.000) 2025-04-13 20:53:26 Image size of job updated: 6362
	6362  -  MemoryUsage of job (MB)
	6515524  -  ResidentSetSize of job (KB)
...
006 (11630180.000.000) 2025-04-13 20:54:11 Image size of job updated: 5057
	5057  -  MemoryUsage of job (MB)
	5178956  -  ResidentSetSize of job (KB)
...
006 (11630180.003.000) 2025-04-13 20:54:13 Image size of job updated: 5289
	5289  -  MemoryUsage of job (MB)
	5416316  -  ResidentSetSize of job (KB)
...
006 (11630180.001.000) 2025-04-13 20:54:18 Image size of job updated: 6157
	6157  -  MemoryUsage of job (MB)
	6304988  -  ResidentSetSize of job (KB)
...
006 (11630180.002.000) 2025-04-13 20:54:25 Image size of job updated: 5628
	5628  -  MemoryUsage of job (MB)
	5763488  -  ResidentSetSize of job (KB)
...
006 (11630180.004.000) 2025-04-13 20:54:27 Image size of job updated: 6390
	6390  -  MemoryUsage of job (MB)
	6544324  -  ResidentSetSize of job (KB)
...
006 (11630180.000.000) 2025-04-13 20:55:12 Image size of job updated: 5089
	5089  -  MemoryUsage of job (MB)
	5211800  -  ResidentSetSize of job (KB)
...
006 (11630180.003.000) 2025-04-13 20:55:13 Image size of job updated: 5320
	5320  -  MemoryUsage of job (MB)
	5447784  -  ResidentSetSize of job (KB)
...
006 (11630180.001.000) 2025-04-13 20:55:19 Image size of job updated: 6216
	6216  -  MemoryUsage of job (MB)
	6365472  -  ResidentSetSize of job (KB)
...
006 (11630180.002.000) 2025-04-13 20:55:25 Image size of job updated: 5628
	5628  -  MemoryUsage of job (MB)
	5763888  -  ResidentSetSize of job (KB)
...
006 (11630180.004.000) 2025-04-13 20:55:28 Image size of job updated: 6419
	6419  -  MemoryUsage of job (MB)
	6573640  -  ResidentSetSize of job (KB)
...
006 (11630180.003.000) 2025-04-13 20:56:13 Image size of job updated: 5350
	5350  -  MemoryUsage of job (MB)
	5478776  -  ResidentSetSize of job (KB)
...
006 (11630180.000.000) 2025-04-13 20:56:13 Image size of job updated: 5121
	5121  -  MemoryUsage of job (MB)
	5244676  -  ResidentSetSize of job (KB)
...
006 (11630180.001.000) 2025-04-13 20:56:19 Image size of job updated: 6244
	6244  -  MemoryUsage of job (MB)
	6394456  -  ResidentSetSize of job (KB)
...
006 (11630180.004.000) 2025-04-13 20:56:29 Image size of job updated: 6447
	6447  -  MemoryUsage of job (MB)
	6602668  -  ResidentSetSize of job (KB)
...
006 (11630180.003.000) 2025-04-13 20:57:13 Image size of job updated: 5381
	5381  -  MemoryUsage of job (MB)
	5510748  -  ResidentSetSize of job (KB)
...
006 (11630180.000.000) 2025-04-13 20:57:14 Image size of job updated: 5153
	5153  -  MemoryUsage of job (MB)
	5277376  -  ResidentSetSize of job (KB)
...
006 (11630180.001.000) 2025-04-13 20:57:19 Image size of job updated: 6273
	6273  -  MemoryUsage of job (MB)
	6424440  -  ResidentSetSize of job (KB)
...
006 (11630180.004.000) 2025-04-13 20:57:30 Image size of job updated: 6475
	6475  -  MemoryUsage of job (MB)
	6631328  -  ResidentSetSize of job (KB)
...
006 (11630180.000.000) 2025-04-13 20:58:14 Image size of job updated: 5185
	5185  -  MemoryUsage of job (MB)
	5310404  -  ResidentSetSize of job (KB)
...
006 (11630180.003.000) 2025-04-13 20:58:14 Image size of job updated: 5441
	5441  -  MemoryUsage of job (MB)
	5571984  -  ResidentSetSize of job (KB)
...
006 (11630180.001.000) 2025-04-13 20:58:20 Image size of job updated: 6329
	6329  -  MemoryUsage of job (MB)
	6481264  -  ResidentSetSize of job (KB)
...
006 (11630180.002.000) 2025-04-13 20:58:27 Image size of job updated: 5633
	5633  -  MemoryUsage of job (MB)
	5768424  -  ResidentSetSize of job (KB)
...
006 (11630180.004.000) 2025-04-13 20:58:30 Image size of job updated: 6504
	6504  -  MemoryUsage of job (MB)
	6660452  -  ResidentSetSize of job (KB)
...
006 (11630180.000.000) 2025-04-13 20:59:14 Image size of job updated: 5187
	5187  -  MemoryUsage of job (MB)
	5312056  -  ResidentSetSize of job (KB)
...
006 (11630180.003.000) 2025-04-13 20:59:15 Image size of job updated: 5471
	5471  -  MemoryUsage of job (MB)
	5602752  -  ResidentSetSize of job (KB)
...
006 (11630180.001.000) 2025-04-13 20:59:21 Image size of job updated: 6357
	6357  -  MemoryUsage of job (MB)
	6510236  -  ResidentSetSize of job (KB)
...
006 (11630180.002.000) 2025-04-13 20:59:27 Image size of job updated: 5662
	5662  -  MemoryUsage of job (MB)
	5798184  -  ResidentSetSize of job (KB)
...
006 (11630180.004.000) 2025-04-13 20:59:30 Image size of job updated: 6532
	6532  -  MemoryUsage of job (MB)
	6689592  -  ResidentSetSize of job (KB)
...
006 (11630180.000.000) 2025-04-13 21:00:14 Image size of job updated: 5219
	5219  -  MemoryUsage of job (MB)
	5344768  -  ResidentSetSize of job (KB)
...
006 (11630180.003.000) 2025-04-13 21:00:16 Image size of job updated: 5502
	5502  -  MemoryUsage of job (MB)
	5634160  -  ResidentSetSize of job (KB)
...
006 (11630180.001.000) 2025-04-13 21:00:21 Image size of job updated: 6407
	6407  -  MemoryUsage of job (MB)
	6561116  -  ResidentSetSize of job (KB)
...
006 (11630180.002.000) 2025-04-13 21:00:27 Image size of job updated: 5691
	5691  -  MemoryUsage of job (MB)
	5827712  -  ResidentSetSize of job (KB)
...
006 (11630180.004.000) 2025-04-13 21:00:31 Image size of job updated: 6561
	6561  -  MemoryUsage of job (MB)
	6718796  -  ResidentSetSize of job (KB)
...
006 (11630180.000.000) 2025-04-13 21:01:15 Image size of job updated: 5250
	5250  -  MemoryUsage of job (MB)
	5376928  -  ResidentSetSize of job (KB)
...
006 (11630180.003.000) 2025-04-13 21:01:16 Image size of job updated: 5534
	5534  -  MemoryUsage of job (MB)
	5667064  -  ResidentSetSize of job (KB)
...
006 (11630180.001.000) 2025-04-13 21:01:22 Image size of job updated: 6443
	6443  -  MemoryUsage of job (MB)
	6598172  -  ResidentSetSize of job (KB)
...
006 (11630180.002.000) 2025-04-13 21:01:28 Image size of job updated: 5693
	5693  -  MemoryUsage of job (MB)
	5830648  -  ResidentSetSize of job (KB)
...
006 (11630180.004.000) 2025-04-13 21:01:31 Image size of job updated: 6589
	6589  -  MemoryUsage of job (MB)
	6747928  -  ResidentSetSize of job (KB)
...
006 (11630180.003.000) 2025-04-13 21:02:16 Image size of job updated: 5594
	5594  -  MemoryUsage of job (MB)
	5728444  -  ResidentSetSize of job (KB)
...
006 (11630180.000.000) 2025-04-13 21:02:16 Image size of job updated: 5282
	5282  -  MemoryUsage of job (MB)
	5409092  -  ResidentSetSize of job (KB)
...
006 (11630180.001.000) 2025-04-13 21:02:22 Image size of job updated: 6471
	6471  -  MemoryUsage of job (MB)
	6626836  -  ResidentSetSize of job (KB)
...
006 (11630180.004.000) 2025-04-13 21:02:32 Image size of job updated: 6618
	6618  -  MemoryUsage of job (MB)
	6777004  -  ResidentSetSize of job (KB)
...
006 (11630180.000.000) 2025-04-13 21:03:16 Image size of job updated: 5289
	5289  -  MemoryUsage of job (MB)
	5416196  -  ResidentSetSize of job (KB)
...
006 (11630180.003.000) 2025-04-13 21:03:16 Image size of job updated: 5610
	5610  -  MemoryUsage of job (MB)
	5745372  -  ResidentSetSize of job (KB)
...
006 (11630180.001.000) 2025-04-13 21:03:22 Image size of job updated: 6528
	6528  -  MemoryUsage of job (MB)
	6685292  -  ResidentSetSize of job (KB)
...
006 (11630180.002.000) 2025-04-13 21:03:29 Image size of job updated: 5719
	5719  -  MemoryUsage of job (MB)
	5856832  -  ResidentSetSize of job (KB)
...
006 (11630180.004.000) 2025-04-13 21:03:33 Image size of job updated: 6646
	6646  -  MemoryUsage of job (MB)
	6805556  -  ResidentSetSize of job (KB)
...
006 (11630180.000.000) 2025-04-13 21:04:16 Image size of job updated: 5320
	5320  -  MemoryUsage of job (MB)
	5448580  -  ResidentSetSize of job (KB)
...
006 (11630180.003.000) 2025-04-13 21:04:17 Image size of job updated: 5639
	5639  -  MemoryUsage of job (MB)
	5774612  -  ResidentSetSize of job (KB)
...
006 (11630180.001.000) 2025-04-13 21:04:23 Image size of job updated: 6551
	6551  -  MemoryUsage of job (MB)
	6709124  -  ResidentSetSize of job (KB)
...
006 (11630180.002.000) 2025-04-13 21:04:29 Image size of job updated: 5748
	5748  -  MemoryUsage of job (MB)
	5886748  -  ResidentSetSize of job (KB)
...
006 (11630180.004.000) 2025-04-13 21:04:34 Image size of job updated: 6676
	6676  -  MemoryUsage of job (MB)
	6836720  -  ResidentSetSize of job (KB)
...
006 (11630180.000.000) 2025-04-13 21:05:17 Image size of job updated: 5321
	5321  -  MemoryUsage of job (MB)
	5449628  -  ResidentSetSize of job (KB)
...
006 (11630180.003.000) 2025-04-13 21:05:18 Image size of job updated: 5671
	5671  -  MemoryUsage of job (MB)
	5807312  -  ResidentSetSize of job (KB)
...
006 (11630180.001.000) 2025-04-13 21:05:23 Image size of job updated: 6605
	6605  -  MemoryUsage of job (MB)
	6764528  -  ResidentSetSize of job (KB)
...
006 (11630180.002.000) 2025-04-13 21:05:30 Image size of job updated: 5778
	5778  -  MemoryUsage of job (MB)
	5916936  -  ResidentSetSize of job (KB)
...
006 (11630180.004.000) 2025-04-13 21:05:34 Image size of job updated: 6704
	6704  -  MemoryUsage of job (MB)
	6864976  -  ResidentSetSize of job (KB)
...
006 (11630180.003.000) 2025-04-13 21:06:19 Image size of job updated: 5720
	5720  -  MemoryUsage of job (MB)
	5857704  -  ResidentSetSize of job (KB)
...
006 (11630180.001.000) 2025-04-13 21:06:23 Image size of job updated: 6634
	6634  -  MemoryUsage of job (MB)
	6794140  -  ResidentSetSize of job (KB)
...
006 (11630180.002.000) 2025-04-13 21:06:30 Image size of job updated: 5807
	5807  -  MemoryUsage of job (MB)
	5947032  -  ResidentSetSize of job (KB)
...
006 (11630180.004.000) 2025-04-13 21:06:34 Image size of job updated: 6731
	6731  -  MemoryUsage of job (MB)
	6893144  -  ResidentSetSize of job (KB)
...
006 (11630180.000.000) 2025-04-13 21:07:18 Image size of job updated: 5336
	5336  -  MemoryUsage of job (MB)
	5464124  -  ResidentSetSize of job (KB)
...
006 (11630180.003.000) 2025-04-13 21:07:19 Image size of job updated: 5744
	5744  -  MemoryUsage of job (MB)
	5882424  -  ResidentSetSize of job (KB)
...
006 (11630180.001.000) 2025-04-13 21:07:24 Image size of job updated: 6660
	6660  -  MemoryUsage of job (MB)
	6820500  -  ResidentSetSize of job (KB)
...
006 (11630180.002.000) 2025-04-13 21:07:30 Image size of job updated: 5834
	5834  -  MemoryUsage of job (MB)
	5974568  -  ResidentSetSize of job (KB)
...
006 (11630180.004.000) 2025-04-13 21:07:34 Image size of job updated: 6759
	6759  -  MemoryUsage of job (MB)
	6921508  -  ResidentSetSize of job (KB)
...
006 (11630180.000.000) 2025-04-13 21:08:19 Image size of job updated: 5359
	5359  -  MemoryUsage of job (MB)
	5487636  -  ResidentSetSize of job (KB)
...
006 (11630180.003.000) 2025-04-13 21:08:20 Image size of job updated: 5776
	5776  -  MemoryUsage of job (MB)
	5914912  -  ResidentSetSize of job (KB)
...
006 (11630180.001.000) 2025-04-13 21:08:24 Image size of job updated: 6717
	6717  -  MemoryUsage of job (MB)
	6878568  -  ResidentSetSize of job (KB)
...
006 (11630180.002.000) 2025-04-13 21:08:31 Image size of job updated: 5861
	5861  -  MemoryUsage of job (MB)
	6002432  -  ResidentSetSize of job (KB)
...
006 (11630180.004.000) 2025-04-13 21:08:34 Image size of job updated: 6786
	6786  -  MemoryUsage of job (MB)
	6949872  -  ResidentSetSize of job (KB)
...
006 (11630180.000.000) 2025-04-13 21:09:20 Image size of job updated: 5390
	5390  -  MemoryUsage of job (MB)
	5520252  -  ResidentSetSize of job (KB)
...
006 (11630180.003.000) 2025-04-13 21:09:21 Image size of job updated: 5808
	5808  -  MemoryUsage of job (MB)
	5947496  -  ResidentSetSize of job (KB)
...
006 (11630180.001.000) 2025-04-13 21:09:24 Image size of job updated: 6746
	6746  -  MemoryUsage of job (MB)
	6908128  -  ResidentSetSize of job (KB)
...
006 (11630180.002.000) 2025-04-13 21:09:32 Image size of job updated: 5861
	5861  -  MemoryUsage of job (MB)
	6002552  -  ResidentSetSize of job (KB)
...
006 (11630180.004.000) 2025-04-13 21:09:35 Image size of job updated: 6814
	6814  -  MemoryUsage of job (MB)
	6977980  -  ResidentSetSize of job (KB)
...
006 (11630180.000.000) 2025-04-13 21:10:20 Image size of job updated: 5392
	5392  -  MemoryUsage of job (MB)
	5521772  -  ResidentSetSize of job (KB)
...
006 (11630180.003.000) 2025-04-13 21:10:21 Image size of job updated: 5865
	5865  -  MemoryUsage of job (MB)
	6006352  -  ResidentSetSize of job (KB)
...
006 (11630180.001.000) 2025-04-13 21:10:25 Image size of job updated: 6801
	6801  -  MemoryUsage of job (MB)
	6964780  -  ResidentSetSize of job (KB)
...
006 (11630180.004.000) 2025-04-13 21:10:36 Image size of job updated: 6842
	6842  -  MemoryUsage of job (MB)
	7006284  -  ResidentSetSize of job (KB)
...
006 (11630180.000.000) 2025-04-13 21:11:21 Image size of job updated: 5423
	5423  -  MemoryUsage of job (MB)
	5553456  -  ResidentSetSize of job (KB)
...
006 (11630180.003.000) 2025-04-13 21:11:22 Image size of job updated: 5894
	5894  -  MemoryUsage of job (MB)
	6035808  -  ResidentSetSize of job (KB)
...
006 (11630180.001.000) 2025-04-13 21:11:26 Image size of job updated: 6828
	6828  -  MemoryUsage of job (MB)
	6992852  -  ResidentSetSize of job (KB)
...
006 (11630180.004.000) 2025-04-13 21:11:37 Image size of job updated: 6888
	6888  -  MemoryUsage of job (MB)
	7053988  -  ResidentSetSize of job (KB)
...
006 (11630180.000.000) 2025-04-13 21:12:21 Image size of job updated: 5455
	5455  -  MemoryUsage of job (MB)
	5586380  -  ResidentSetSize of job (KB)
...
006 (11630180.003.000) 2025-04-13 21:12:23 Image size of job updated: 5923
	5923  -  MemoryUsage of job (MB)
	6066164  -  ResidentSetSize of job (KB)
...
006 (11630180.001.000) 2025-04-13 21:12:26 Image size of job updated: 6857
	6857  -  MemoryUsage of job (MB)
	7022256  -  ResidentSetSize of job (KB)
...
006 (11630180.002.000) 2025-04-13 21:12:34 Image size of job updated: 5878
	5878  -  MemoryUsage of job (MB)
	6019212  -  ResidentSetSize of job (KB)
...
006 (11630180.004.000) 2025-04-13 21:12:37 Image size of job updated: 6916
	6916  -  MemoryUsage of job (MB)
	7082044  -  ResidentSetSize of job (KB)
...
006 (11630180.000.000) 2025-04-13 21:13:21 Image size of job updated: 5487
	5487  -  MemoryUsage of job (MB)
	5619076  -  ResidentSetSize of job (KB)
...
006 (11630180.003.000) 2025-04-13 21:13:23 Image size of job updated: 5952
	5952  -  MemoryUsage of job (MB)
	6095104  -  ResidentSetSize of job (KB)
...
006 (11630180.001.000) 2025-04-13 21:13:27 Image size of job updated: 6914
	6914  -  MemoryUsage of job (MB)
	7080124  -  ResidentSetSize of job (KB)
...
006 (11630180.002.000) 2025-04-13 21:13:34 Image size of job updated: 5905
	5905  -  MemoryUsage of job (MB)
	6047260  -  ResidentSetSize of job (KB)
...
006 (11630180.004.000) 2025-04-13 21:13:37 Image size of job updated: 6943
	6943  -  MemoryUsage of job (MB)
	7110428  -  ResidentSetSize of job (KB)
...
006 (11630180.000.000) 2025-04-13 21:14:22 Image size of job updated: 5519
	5519  -  MemoryUsage of job (MB)
	5651944  -  ResidentSetSize of job (KB)
...
006 (11630180.003.000) 2025-04-13 21:14:23 Image size of job updated: 5979
	5979  -  MemoryUsage of job (MB)
	6122848  -  ResidentSetSize of job (KB)
...
006 (11630180.001.000) 2025-04-13 21:14:27 Image size of job updated: 6942
	6942  -  MemoryUsage of job (MB)
	7109184  -  ResidentSetSize of job (KB)
...
006 (11630180.002.000) 2025-04-13 21:14:35 Image size of job updated: 5930
	5930  -  MemoryUsage of job (MB)
	6072356  -  ResidentSetSize of job (KB)
...
006 (11630180.004.000) 2025-04-13 21:14:38 Image size of job updated: 6971
	6971  -  MemoryUsage of job (MB)
	7138984  -  ResidentSetSize of job (KB)
...
006 (11630180.000.000) 2025-04-13 21:15:22 Image size of job updated: 5520
	5520  -  MemoryUsage of job (MB)
	5653488  -  ResidentSetSize of job (KB)
...
006 (11630180.003.000) 2025-04-13 21:15:24 Image size of job updated: 6034
	6034  -  MemoryUsage of job (MB)
	6179516  -  ResidentSetSize of job (KB)
...
006 (11630180.001.000) 2025-04-13 21:15:27 Image size of job updated: 6999
	6999  -  MemoryUsage of job (MB)
	7167808  -  ResidentSetSize of job (KB)
...
006 (11630180.002.000) 2025-04-13 21:15:36 Image size of job updated: 5959
	5959  -  MemoryUsage of job (MB)
	6102628  -  ResidentSetSize of job (KB)
...
006 (11630180.004.000) 2025-04-13 21:15:39 Image size of job updated: 6999
	6999  -  MemoryUsage of job (MB)
	7167156  -  ResidentSetSize of job (KB)
...
006 (11630180.000.000) 2025-04-13 21:16:23 Image size of job updated: 5553
	5553  -  MemoryUsage of job (MB)
	5686284  -  ResidentSetSize of job (KB)
...
006 (11630180.003.000) 2025-04-13 21:16:24 Image size of job updated: 6062
	6062  -  MemoryUsage of job (MB)
	6208040  -  ResidentSetSize of job (KB)
...
006 (11630180.001.000) 2025-04-13 21:16:28 Image size of job updated: 7028
	7028  -  MemoryUsage of job (MB)
	7197376  -  ResidentSetSize of job (KB)
...
006 (11630180.002.000) 2025-04-13 21:16:36 Image size of job updated: 5989
	5989  -  MemoryUsage of job (MB)
	6133316  -  ResidentSetSize of job (KB)
...
006 (11630180.000.000) 2025-04-13 21:17:23 Image size of job updated: 5584
	5584  -  MemoryUsage of job (MB)
	5718376  -  ResidentSetSize of job (KB)
...
006 (11630180.003.000) 2025-04-13 21:17:25 Image size of job updated: 6090
	6090  -  MemoryUsage of job (MB)
	6236528  -  ResidentSetSize of job (KB)
...
006 (11630180.001.000) 2025-04-13 21:17:29 Image size of job updated: 7085
	7085  -  MemoryUsage of job (MB)
	7255780  -  ResidentSetSize of job (KB)
...
006 (11630180.002.000) 2025-04-13 21:17:37 Image size of job updated: 6018
	6018  -  MemoryUsage of job (MB)
	6163200  -  ResidentSetSize of job (KB)
...
006 (11630180.004.000) 2025-04-13 21:17:40 Image size of job updated: 7026
	7026  -  MemoryUsage of job (MB)
	7195408  -  ResidentSetSize of job (KB)
...
006 (11630180.000.000) 2025-04-13 21:18:24 Image size of job updated: 5615
	5615  -  MemoryUsage of job (MB)
	5750520  -  ResidentSetSize of job (KB)
...
006 (11630180.001.000) 2025-04-13 21:18:29 Image size of job updated: 7114
	7114  -  MemoryUsage of job (MB)
	7285272  -  ResidentSetSize of job (KB)
...
006 (11630180.002.000) 2025-04-13 21:18:38 Image size of job updated: 6047
	6047  -  MemoryUsage of job (MB)
	6192328  -  ResidentSetSize of job (KB)
...
006 (11630180.004.000) 2025-04-13 21:18:40 Image size of job updated: 7054
	7054  -  MemoryUsage of job (MB)
	7223572  -  ResidentSetSize of job (KB)
...
006 (11630180.000.000) 2025-04-13 21:19:25 Image size of job updated: 5647
	5647  -  MemoryUsage of job (MB)
	5783528  -  ResidentSetSize of job (KB)
...
006 (11630180.003.000) 2025-04-13 21:19:26 Image size of job updated: 6114
	6114  -  MemoryUsage of job (MB)
	6260868  -  ResidentSetSize of job (KB)
...
006 (11630180.001.000) 2025-04-13 21:19:31 Image size of job updated: 7143
	7143  -  MemoryUsage of job (MB)
	7314928  -  ResidentSetSize of job (KB)
...
006 (11630180.002.000) 2025-04-13 21:19:38 Image size of job updated: 6075
	6075  -  MemoryUsage of job (MB)
	6221484  -  ResidentSetSize of job (KB)
...
006 (11630180.004.000) 2025-04-13 21:19:40 Image size of job updated: 7081
	7081  -  MemoryUsage of job (MB)
	7251620  -  ResidentSetSize of job (KB)
...
006 (11630180.003.000) 2025-04-13 21:20:27 Image size of job updated: 6142
	6142  -  MemoryUsage of job (MB)
	6290040  -  ResidentSetSize of job (KB)
...
006 (11630180.001.000) 2025-04-13 21:20:31 Image size of job updated: 7200
	7200  -  MemoryUsage of job (MB)
	7373084  -  ResidentSetSize of job (KB)
...
006 (11630180.002.000) 2025-04-13 21:20:38 Image size of job updated: 6104
	6104  -  MemoryUsage of job (MB)
	6251408  -  ResidentSetSize of job (KB)
...
006 (11630180.004.000) 2025-04-13 21:20:41 Image size of job updated: 7108
	7108  -  MemoryUsage of job (MB)
	7279548  -  ResidentSetSize of job (KB)
...
006 (11630180.000.000) 2025-04-13 21:21:26 Image size of job updated: 5666
	5666  -  MemoryUsage of job (MB)
	5802200  -  ResidentSetSize of job (KB)
...
006 (11630180.003.000) 2025-04-13 21:21:27 Image size of job updated: 6170
	6170  -  MemoryUsage of job (MB)
	6318424  -  ResidentSetSize of job (KB)
...
006 (11630180.001.000) 2025-04-13 21:21:32 Image size of job updated: 7229
	7229  -  MemoryUsage of job (MB)
	7402508  -  ResidentSetSize of job (KB)
...
006 (11630180.002.000) 2025-04-13 21:21:39 Image size of job updated: 6134
	6134  -  MemoryUsage of job (MB)
	6281644  -  ResidentSetSize of job (KB)
...
006 (11630180.004.000) 2025-04-13 21:21:41 Image size of job updated: 7136
	7136  -  MemoryUsage of job (MB)
	7307656  -  ResidentSetSize of job (KB)
...
006 (11630180.000.000) 2025-04-13 21:22:26 Image size of job updated: 5696
	5696  -  MemoryUsage of job (MB)
	5833144  -  ResidentSetSize of job (KB)
...
006 (11630180.001.000) 2025-04-13 21:22:33 Image size of job updated: 7285
	7285  -  MemoryUsage of job (MB)
	7460648  -  ResidentSetSize of job (KB)
...
006 (11630180.002.000) 2025-04-13 21:22:39 Image size of job updated: 6163
	6163  -  MemoryUsage of job (MB)
	6311860  -  ResidentSetSize of job (KB)
...
006 (11630180.004.000) 2025-04-13 21:22:42 Image size of job updated: 7164
	7164  -  MemoryUsage of job (MB)
	7336244  -  ResidentSetSize of job (KB)
...
006 (11630180.000.000) 2025-04-13 21:23:27 Image size of job updated: 5728
	5728  -  MemoryUsage of job (MB)
	5865884  -  ResidentSetSize of job (KB)
...
006 (11630180.001.000) 2025-04-13 21:23:33 Image size of job updated: 7314
	7314  -  MemoryUsage of job (MB)
	7489888  -  ResidentSetSize of job (KB)
...
006 (11630180.002.000) 2025-04-13 21:23:39 Image size of job updated: 6192
	6192  -  MemoryUsage of job (MB)
	6341356  -  ResidentSetSize of job (KB)
...
006 (11630180.004.000) 2025-04-13 21:23:43 Image size of job updated: 7191
	7191  -  MemoryUsage of job (MB)
	7364352  -  ResidentSetSize of job (KB)
...
006 (11630180.000.000) 2025-04-13 21:24:28 Image size of job updated: 5729
	5729  -  MemoryUsage of job (MB)
	5867372  -  ResidentSetSize of job (KB)
...
006 (11630180.001.000) 2025-04-13 21:24:34 Image size of job updated: 7343
	7343  -  MemoryUsage of job (MB)
	7519436  -  ResidentSetSize of job (KB)
...
006 (11630180.002.000) 2025-04-13 21:24:40 Image size of job updated: 6219
	6219  -  MemoryUsage of job (MB)
	6369044  -  ResidentSetSize of job (KB)
...
006 (11630180.004.000) 2025-04-13 21:24:43 Image size of job updated: 7219
	7219  -  MemoryUsage of job (MB)
	7392708  -  ResidentSetSize of job (KB)
...
006 (11630180.000.000) 2025-04-13 21:25:28 Image size of job updated: 5760
	5760  -  MemoryUsage of job (MB)
	5898792  -  ResidentSetSize of job (KB)
...
006 (11630180.001.000) 2025-04-13 21:25:34 Image size of job updated: 7399
	7399  -  MemoryUsage of job (MB)
	7576808  -  ResidentSetSize of job (KB)
...
006 (11630180.002.000) 2025-04-13 21:25:40 Image size of job updated: 6247
	6247  -  MemoryUsage of job (MB)
	6397920  -  ResidentSetSize of job (KB)
...
006 (11630180.004.000) 2025-04-13 21:25:44 Image size of job updated: 7219
	7219  -  MemoryUsage of job (MB)
	7392732  -  ResidentSetSize of job (KB)
...
006 (11630180.001.000) 2025-04-13 21:26:35 Image size of job updated: 7427
	7427  -  MemoryUsage of job (MB)
	7606172  -  ResidentSetSize of job (KB)
...
006 (11630180.002.000) 2025-04-13 21:26:41 Image size of job updated: 6277
	6277  -  MemoryUsage of job (MB)
	6428044  -  ResidentSetSize of job (KB)
...
006 (11630180.004.000) 2025-04-13 21:26:44 Image size of job updated: 7246
	7246  -  MemoryUsage of job (MB)
	7420380  -  ResidentSetSize of job (KB)
...
006 (11630180.000.000) 2025-04-13 21:27:29 Image size of job updated: 5772
	5772  -  MemoryUsage of job (MB)
	5910608  -  ResidentSetSize of job (KB)
...
006 (11630180.001.000) 2025-04-13 21:27:36 Image size of job updated: 7484
	7484  -  MemoryUsage of job (MB)
	7664188  -  ResidentSetSize of job (KB)
...
006 (11630180.002.000) 2025-04-13 21:27:42 Image size of job updated: 6302
	6302  -  MemoryUsage of job (MB)
	6453776  -  ResidentSetSize of job (KB)
...
006 (11630180.004.000) 2025-04-13 21:27:45 Image size of job updated: 7273
	7273  -  MemoryUsage of job (MB)
	7448144  -  ResidentSetSize of job (KB)
...
006 (11630180.000.000) 2025-04-13 21:28:29 Image size of job updated: 5797
	5797  -  MemoryUsage of job (MB)
	5937120  -  ResidentSetSize of job (KB)
...
006 (11630180.001.000) 2025-04-13 21:28:36 Image size of job updated: 7512
	7512  -  MemoryUsage of job (MB)
	7693172  -  ResidentSetSize of job (KB)
...
006 (11630180.002.000) 2025-04-13 21:28:42 Image size of job updated: 6331
	6331  -  MemoryUsage of job (MB)
	6483752  -  ResidentSetSize of job (KB)
...
006 (11630180.004.000) 2025-04-13 21:28:46 Image size of job updated: 7301
	7301  -  MemoryUsage of job (MB)
	7476484  -  ResidentSetSize of job (KB)
...
006 (11630180.000.000) 2025-04-13 21:29:30 Image size of job updated: 5819
	5819  -  MemoryUsage of job (MB)
	5959312  -  ResidentSetSize of job (KB)
...
006 (11630180.001.000) 2025-04-13 21:29:37 Image size of job updated: 7569
	7569  -  MemoryUsage of job (MB)
	7750788  -  ResidentSetSize of job (KB)
...
006 (11630180.002.000) 2025-04-13 21:29:43 Image size of job updated: 6360
	6360  -  MemoryUsage of job (MB)
	6513572  -  ResidentSetSize of job (KB)
...
006 (11630180.004.000) 2025-04-13 21:29:46 Image size of job updated: 7328
	7328  -  MemoryUsage of job (MB)
	7504552  -  ResidentSetSize of job (KB)
...
006 (11630180.000.000) 2025-04-13 21:30:30 Image size of job updated: 5845
	5845  -  MemoryUsage of job (MB)
	5985456  -  ResidentSetSize of job (KB)
...
006 (11630180.001.000) 2025-04-13 21:30:38 Image size of job updated: 7597
	7597  -  MemoryUsage of job (MB)
	7779428  -  ResidentSetSize of job (KB)
...
006 (11630180.002.000) 2025-04-13 21:30:44 Image size of job updated: 6390
	6390  -  MemoryUsage of job (MB)
	6543884  -  ResidentSetSize of job (KB)
...
006 (11630180.004.000) 2025-04-13 21:30:47 Image size of job updated: 7356
	7356  -  MemoryUsage of job (MB)
	7533436  -  ResidentSetSize of job (KB)
...
040 (11630180.002.000) 2025-04-13 21:31:30 Started transferring output files
...
040 (11630180.002.000) 2025-04-13 21:31:30 Finished transferring output files
...
006 (11630180.003.000) 2025-04-13 21:31:31 Image size of job updated: 6223
	6223  -  MemoryUsage of job (MB)
	6372856  -  ResidentSetSize of job (KB)
...
040 (11630180.003.000) 2025-04-13 21:31:31 Started transferring output files
...
040 (11630180.003.000) 2025-04-13 21:31:31 Finished transferring output files
...
004 (11630180.002.000) 2025-04-13 21:31:31 Job was evicted.
	(0) CPU times
		Usr 0 03:06:15, Sys 0 00:03:19  -  Run Remote Usage
		Usr 0 00:00:00, Sys 0 00:00:00  -  Run Local Usage
	23365  -  Run Bytes Sent By Job
	388234528  -  Run Bytes Received By Job
	Partitionable Resources :    Usage  Request Allocated 
	   Cpus                 :        0        1         1 
	   Disk (KB)            :  6474867 52428800  52432295 
	   GPUs                 :                           0 
	   Memory (MB)          :     6390     8192      8192 
	   TimeExecute (s)      :    13012                    
	   TimeSlotBusy (s)     :    13020                    
...
009 (11630180.002.000) 2025-04-13 21:31:31 Job was aborted.
	via condor_rm (by user msahoo)
...
006 (11630180.001.000) 2025-04-13 21:31:31 Image size of job updated: 7625
	7625  -  MemoryUsage of job (MB)
	7808516  -  ResidentSetSize of job (KB)
...
040 (11630180.001.000) 2025-04-13 21:31:31 Started transferring output files
...
040 (11630180.001.000) 2025-04-13 21:31:31 Finished transferring output files
...
004 (11630180.003.000) 2025-04-13 21:31:31 Job was evicted.
	(0) CPU times
		Usr 0 03:13:56, Sys 0 00:02:13  -  Run Remote Usage
		Usr 0 00:00:00, Sys 0 00:00:00  -  Run Local Usage
	22979  -  Run Bytes Sent By Job
	388234528  -  Run Bytes Received By Job
	Partitionable Resources :      Usage  Request Allocated 
	   Cpus                 :       0.00        1         1 
	   Disk (KB)            : 6959206    52428800  52432099 
	   GPUs                 :                             0 
	   Memory (MB)          :    6223        8192      8192 
	   TimeExecute (s)      :   13014                       
	   TimeSlotBusy (s)     :   13020                       
...
009 (11630180.003.000) 2025-04-13 21:31:31 Job was aborted.
	via condor_rm (by user msahoo)
...
006 (11630180.004.000) 2025-04-13 21:31:31 Image size of job updated: 7384
	7384  -  MemoryUsage of job (MB)
	7561988  -  ResidentSetSize of job (KB)
...
040 (11630180.004.000) 2025-04-13 21:31:31 Started transferring output files
...
040 (11630180.004.000) 2025-04-13 21:31:31 Finished transferring output files
...
004 (11630180.001.000) 2025-04-13 21:31:31 Job was evicted.
	(0) CPU times
		Usr 0 03:13:12, Sys 0 00:02:10  -  Run Remote Usage
		Usr 0 00:00:00, Sys 0 00:00:00  -  Run Local Usage
	23202  -  Run Bytes Sent By Job
	388234976  -  Run Bytes Received By Job
	Partitionable Resources :      Usage  Request Allocated 
	   Cpus                 :       0.00        1         1 
	   Disk (KB)            : 7442884    52428800  52430455 
	   GPUs                 :                             0 
	   Memory (MB)          :    7625        8192      8192 
	   TimeExecute (s)      :   13011                       
	   TimeSlotBusy (s)     :   13021                       
...
009 (11630180.001.000) 2025-04-13 21:31:31 Job was aborted.
	via condor_rm (by user msahoo)
...
004 (11630180.004.000) 2025-04-13 21:31:32 Job was evicted.
	(0) CPU times
		Usr 0 03:09:32, Sys 0 00:02:37  -  Run Remote Usage
		Usr 0 00:00:00, Sys 0 00:00:00  -  Run Local Usage
	22883  -  Run Bytes Sent By Job
	388236384  -  Run Bytes Received By Job
	Partitionable Resources :    Usage  Request Allocated 
	   Cpus                 :        0        1         1 
	   Disk (KB)            :  7038156 52428800  52430447 
	   GPUs                 :                           0 
	   Memory (MB)          :     7384     8192      8192 
	   TimeExecute (s)      :    13007                    
	   TimeSlotBusy (s)     :    13021                    
...
009 (11630180.004.000) 2025-04-13 21:31:32 Job was aborted.
	via condor_rm (by user msahoo)
...
040 (11630180.000.000) 2025-04-13 21:31:34 Started transferring output files
...
040 (11630180.000.000) 2025-04-13 21:31:34 Finished transferring output files
...
004 (11630180.000.000) 2025-04-13 21:31:34 Job was evicted.
	(0) CPU times
		Usr 0 03:07:31, Sys 0 00:03:20  -  Run Remote Usage
		Usr 0 00:00:00, Sys 0 00:00:00  -  Run Local Usage
	23043  -  Run Bytes Sent By Job
	388234272  -  Run Bytes Received By Job
	Partitionable Resources :      Usage  Request Allocated 
	   Cpus                 :       0.00        1         1 
	   Disk (KB)            : 5561832    52428800  52430336 
	   GPUs                 :                             0 
	   Memory (MB)          :    5845        8192      8192 
	   TimeExecute (s)      :   13018                       
	   TimeSlotBusy (s)     :   13024                       
...
009 (11630180.000.000) 2025-04-13 21:31:34 Job was aborted.
	via condor_rm (by user msahoo)
...
