000 (11799298.000.000) 2025-04-28 05:44:30 Job submitted from host: <131.225.189.251:9618?addrs=131.225.189.251-9618+[2620-6a-0-8421--e8]-9618&alias=lpcschedd4.fnal.gov&noUDP&sock=schedd_1901_81a0>
...
000 (11799298.001.000) 2025-04-28 05:44:30 Job submitted from host: <131.225.189.251:9618?addrs=131.225.189.251-9618+[2620-6a-0-8421--e8]-9618&alias=lpcschedd4.fnal.gov&noUDP&sock=schedd_1901_81a0>
...
000 (11799298.002.000) 2025-04-28 05:44:30 Job submitted from host: <131.225.189.251:9618?addrs=131.225.189.251-9618+[2620-6a-0-8421--e8]-9618&alias=lpcschedd4.fnal.gov&noUDP&sock=schedd_1901_81a0>
...
000 (11799298.003.000) 2025-04-28 05:44:30 Job submitted from host: <131.225.189.251:9618?addrs=131.225.189.251-9618+[2620-6a-0-8421--e8]-9618&alias=lpcschedd4.fnal.gov&noUDP&sock=schedd_1901_81a0>
...
000 (11799298.004.000) 2025-04-28 05:44:30 Job submitted from host: <131.225.189.251:9618?addrs=131.225.189.251-9618+[2620-6a-0-8421--e8]-9618&alias=lpcschedd4.fnal.gov&noUDP&sock=schedd_1901_81a0>
...
040 (11799298.001.000) 2025-04-28 05:44:39 Started transferring input files
	Transferring to host: <131.225.188.84:9618?addrs=[2620-6a-0-8421-f0-0-188-84]-9618+131.225.188.84-9618&alias=cmswn2041.fnal.gov&noUDP&sock=slot1_16_3517791_be63_5845>
...
040 (11799298.000.000) 2025-04-28 05:44:39 Started transferring input files
	Transferring to host: <131.225.188.84:9618?addrs=[2620-6a-0-8421-f0-0-188-84]-9618+131.225.188.84-9618&alias=cmswn2041.fnal.gov&noUDP&sock=slot1_1_3517791_be63_5844>
...
040 (11799298.000.000) 2025-04-28 05:44:52 Finished transferring input files
...
040 (11799298.001.000) 2025-04-28 05:44:52 Finished transferring input files
...
001 (11799298.000.000) 2025-04-28 05:44:53 Job executing on host: <131.225.188.84:9618?addrs=[2620-6a-0-8421-f0-0-188-84]-9618+131.225.188.84-9618&alias=cmswn2041.fnal.gov&noUDP&sock=startd_2276_b9a4>
	SlotName: slot1_1@cmswn2041.fnal.gov
	CondorScratchDir = "/storage/local/data1/condor/execute/dir_1162139"
	Cpus = 1
	Disk = 52430331
	GPUs = 0
	Memory = 8192
...
001 (11799298.001.000) 2025-04-28 05:44:53 Job executing on host: <131.225.188.84:9618?addrs=[2620-6a-0-8421-f0-0-188-84]-9618+131.225.188.84-9618&alias=cmswn2041.fnal.gov&noUDP&sock=startd_2276_b9a4>
	SlotName: slot1_16@cmswn2041.fnal.gov
	CondorScratchDir = "/storage/local/data1/condor/execute/dir_1162140"
	Cpus = 1
	Disk = 52430331
	GPUs = 0
	Memory = 8192
...
040 (11799298.004.000) 2025-04-28 05:45:00 Started transferring input files
	Transferring to host: <131.225.189.36:9618?addrs=[2620-6a-0-8421-f0-0-189-36]-9618+131.225.189.36-9618&alias=cmswn2089.fnal.gov&noUDP&sock=slot1_3_3466_dc46_36628>
...
040 (11799298.003.000) 2025-04-28 05:45:00 Started transferring input files
	Transferring to host: <131.225.189.154:9618?addrs=[2620-6a-0-8421-f0-0-189-154]-9618+131.225.189.154-9618&alias=cmswn2111.fnal.gov&noUDP&sock=slot1_2_2428_7edc_43946>
...
040 (11799298.002.000) 2025-04-28 05:45:01 Started transferring input files
	Transferring to host: <131.225.189.225:9618?addrs=[2620-6a-0-8421-f0-0-189-225]-9618+131.225.189.225-9618&alias=cmswn2150.fnal.gov&noUDP&sock=slot1_10_2322_cf18_33863>
...
006 (11799298.000.000) 2025-04-28 05:45:01 Image size of job updated: 50
	50  -  MemoryUsage of job (MB)
	51616  -  ResidentSetSize of job (KB)
...
006 (11799298.001.000) 2025-04-28 05:45:02 Image size of job updated: 52
	52  -  MemoryUsage of job (MB)
	53348  -  ResidentSetSize of job (KB)
...
040 (11799298.003.000) 2025-04-28 05:45:06 Finished transferring input files
...
040 (11799298.002.000) 2025-04-28 05:45:07 Finished transferring input files
...
001 (11799298.003.000) 2025-04-28 05:45:07 Job executing on host: <131.225.189.154:9618?addrs=[2620-6a-0-8421-f0-0-189-154]-9618+131.225.189.154-9618&alias=cmswn2111.fnal.gov&noUDP&sock=startd_2314_ca3d>
	SlotName: slot1_2@cmswn2111.fnal.gov
	CondorScratchDir = "/storage/local/data1/condor/execute/dir_4130021"
	Cpus = 1
	Disk = 52432087
	GPUs = 0
	Memory = 8192
...
001 (11799298.002.000) 2025-04-28 05:45:08 Job executing on host: <131.225.189.225:9618?addrs=[2620-6a-0-8421-f0-0-189-225]-9618+131.225.189.225-9618&alias=cmswn2150.fnal.gov&noUDP&sock=startd_2242_676c>
	SlotName: slot1_10@cmswn2150.fnal.gov
	CondorScratchDir = "/storage/local/data1/condor/execute/dir_2597426"
	Cpus = 1
	Disk = 52432301
	GPUs = 0
	Memory = 8192
...
040 (11799298.004.000) 2025-04-28 05:45:09 Finished transferring input files
...
001 (11799298.004.000) 2025-04-28 05:45:10 Job executing on host: <131.225.189.36:9618?addrs=[2620-6a-0-8421-f0-0-189-36]-9618+131.225.189.36-9618&alias=cmswn2089.fnal.gov&noUDP&sock=startd_2906_da4e>
	SlotName: slot1_3@cmswn2089.fnal.gov
	CondorScratchDir = "/storage/local/data1/condor/execute/dir_2576779"
	Cpus = 1
	Disk = 52430329
	GPUs = 0
	Memory = 8192
...
006 (11799298.002.000) 2025-04-28 05:45:16 Image size of job updated: 50
	50  -  MemoryUsage of job (MB)
	51840  -  ResidentSetSize of job (KB)
...
006 (11799298.003.000) 2025-04-28 05:45:16 Image size of job updated: 51
	51  -  MemoryUsage of job (MB)
	52612  -  ResidentSetSize of job (KB)
...
006 (11799298.004.000) 2025-04-28 05:45:19 Image size of job updated: 42
	42  -  MemoryUsage of job (MB)
	43208  -  ResidentSetSize of job (KB)
...
006 (11799298.001.000) 2025-04-28 05:46:02 Image size of job updated: 365
	365  -  MemoryUsage of job (MB)
	374548  -  ResidentSetSize of job (KB)
...
006 (11799298.000.000) 2025-04-28 05:46:02 Image size of job updated: 355
	355  -  MemoryUsage of job (MB)
	364464  -  ResidentSetSize of job (KB)
...
006 (11799298.002.000) 2025-04-28 05:46:16 Image size of job updated: 433
	433  -  MemoryUsage of job (MB)
	443940  -  ResidentSetSize of job (KB)
...
006 (11799298.003.000) 2025-04-28 05:46:17 Image size of job updated: 541
	541  -  MemoryUsage of job (MB)
	554092  -  ResidentSetSize of job (KB)
...
006 (11799298.004.000) 2025-04-28 05:46:19 Image size of job updated: 523
	523  -  MemoryUsage of job (MB)
	535744  -  ResidentSetSize of job (KB)
...
006 (11799298.000.000) 2025-04-28 05:47:02 Image size of job updated: 356
	356  -  MemoryUsage of job (MB)
	364676  -  ResidentSetSize of job (KB)
...
006 (11799298.001.000) 2025-04-28 05:47:02 Image size of job updated: 365
	365  -  MemoryUsage of job (MB)
	374652  -  ResidentSetSize of job (KB)
...
006 (11799298.002.000) 2025-04-28 05:47:17 Image size of job updated: 433
	433  -  MemoryUsage of job (MB)
	444396  -  ResidentSetSize of job (KB)
...
006 (11799298.003.000) 2025-04-28 05:47:17 Image size of job updated: 542
	542  -  MemoryUsage of job (MB)
	555632  -  ResidentSetSize of job (KB)
...
006 (11799298.004.000) 2025-04-28 05:47:19 Image size of job updated: 523
	523  -  MemoryUsage of job (MB)
	536380  -  ResidentSetSize of job (KB)
...
006 (11799298.000.000) 2025-04-28 05:48:02 Image size of job updated: 356
	356  -  MemoryUsage of job (MB)
	365032  -  ResidentSetSize of job (KB)
...
006 (11799298.003.000) 2025-04-28 05:48:18 Image size of job updated: 543
	543  -  MemoryUsage of job (MB)
	556416  -  ResidentSetSize of job (KB)
...
006 (11799298.000.000) 2025-04-28 05:49:03 Image size of job updated: 357
	357  -  MemoryUsage of job (MB)
	365840  -  ResidentSetSize of job (KB)
...
006 (11799298.002.000) 2025-04-28 05:49:18 Image size of job updated: 434
	434  -  MemoryUsage of job (MB)
	445132  -  ResidentSetSize of job (KB)
...
006 (11799298.004.000) 2025-04-28 05:49:20 Image size of job updated: 524
	524  -  MemoryUsage of job (MB)
	536872  -  ResidentSetSize of job (KB)
...
006 (11799298.000.000) 2025-04-28 05:50:04 Image size of job updated: 358
	358  -  MemoryUsage of job (MB)
	366680  -  ResidentSetSize of job (KB)
...
006 (11799298.002.000) 2025-04-28 05:50:19 Image size of job updated: 435
	435  -  MemoryUsage of job (MB)
	446112  -  ResidentSetSize of job (KB)
...
006 (11799298.004.000) 2025-04-28 05:50:20 Image size of job updated: 525
	525  -  MemoryUsage of job (MB)
	537620  -  ResidentSetSize of job (KB)
...
006 (11799298.003.000) 2025-04-28 05:50:20 Image size of job updated: 543
	543  -  MemoryUsage of job (MB)
	556544  -  ResidentSetSize of job (KB)
...
006 (11799298.000.000) 2025-04-28 05:51:04 Image size of job updated: 359
	359  -  MemoryUsage of job (MB)
	368056  -  ResidentSetSize of job (KB)
...
006 (11799298.002.000) 2025-04-28 05:51:20 Image size of job updated: 436
	436  -  MemoryUsage of job (MB)
	447292  -  ResidentSetSize of job (KB)
...
006 (11799298.003.000) 2025-04-28 05:51:20 Image size of job updated: 545
	545  -  MemoryUsage of job (MB)
	558088  -  ResidentSetSize of job (KB)
...
006 (11799298.004.000) 2025-04-28 05:51:20 Image size of job updated: 526
	526  -  MemoryUsage of job (MB)
	538780  -  ResidentSetSize of job (KB)
...
006 (11799298.000.000) 2025-04-28 05:52:05 Image size of job updated: 360
	360  -  MemoryUsage of job (MB)
	369264  -  ResidentSetSize of job (KB)
...
006 (11799298.003.000) 2025-04-28 05:52:20 Image size of job updated: 545
	545  -  MemoryUsage of job (MB)
	558248  -  ResidentSetSize of job (KB)
...
006 (11799298.002.000) 2025-04-28 05:52:20 Image size of job updated: 437
	437  -  MemoryUsage of job (MB)
	448196  -  ResidentSetSize of job (KB)
...
006 (11799298.004.000) 2025-04-28 05:52:21 Image size of job updated: 526
	526  -  MemoryUsage of job (MB)
	539476  -  ResidentSetSize of job (KB)
...
006 (11799298.000.000) 2025-04-28 05:53:06 Image size of job updated: 361
	361  -  MemoryUsage of job (MB)
	369796  -  ResidentSetSize of job (KB)
...
006 (11799298.003.000) 2025-04-28 05:53:20 Image size of job updated: 545
	545  -  MemoryUsage of job (MB)
	558424  -  ResidentSetSize of job (KB)
...
006 (11799298.002.000) 2025-04-28 05:53:21 Image size of job updated: 438
	438  -  MemoryUsage of job (MB)
	448960  -  ResidentSetSize of job (KB)
...
006 (11799298.004.000) 2025-04-28 05:53:21 Image size of job updated: 527
	527  -  MemoryUsage of job (MB)
	540536  -  ResidentSetSize of job (KB)
...
006 (11799298.000.000) 2025-04-28 05:54:06 Image size of job updated: 635
	635  -  MemoryUsage of job (MB)
	651104  -  ResidentSetSize of job (KB)
...
006 (11799298.003.000) 2025-04-28 05:54:21 Image size of job updated: 586
	586  -  MemoryUsage of job (MB)
	600144  -  ResidentSetSize of job (KB)
...
006 (11799298.002.000) 2025-04-28 05:54:22 Image size of job updated: 504
	504  -  MemoryUsage of job (MB)
	517004  -  ResidentSetSize of job (KB)
...
006 (11799298.004.000) 2025-04-28 05:54:22 Image size of job updated: 553
	553  -  MemoryUsage of job (MB)
	567164  -  ResidentSetSize of job (KB)
...
006 (11799298.000.000) 2025-04-28 05:55:07 Image size of job updated: 778
	778  -  MemoryUsage of job (MB)
	797304  -  ResidentSetSize of job (KB)
...
006 (11799298.001.000) 2025-04-28 05:55:07 Image size of job updated: 366
	366  -  MemoryUsage of job (MB)
	375612  -  ResidentSetSize of job (KB)
...
006 (11799298.003.000) 2025-04-28 05:55:21 Image size of job updated: 965
	965  -  MemoryUsage of job (MB)
	988188  -  ResidentSetSize of job (KB)
...
006 (11799298.002.000) 2025-04-28 05:55:22 Image size of job updated: 856
	856  -  MemoryUsage of job (MB)
	876632  -  ResidentSetSize of job (KB)
...
006 (11799298.004.000) 2025-04-28 05:55:23 Image size of job updated: 799
	799  -  MemoryUsage of job (MB)
	818860  -  ResidentSetSize of job (KB)
...
006 (11799298.000.000) 2025-04-28 05:56:07 Image size of job updated: 778
	778  -  MemoryUsage of job (MB)
	797436  -  ResidentSetSize of job (KB)
...
006 (11799298.001.000) 2025-04-28 05:56:07 Image size of job updated: 440
	440  -  MemoryUsage of job (MB)
	451212  -  ResidentSetSize of job (KB)
...
006 (11799298.003.000) 2025-04-28 05:56:21 Image size of job updated: 966
	966  -  MemoryUsage of job (MB)
	989752  -  ResidentSetSize of job (KB)
...
006 (11799298.004.000) 2025-04-28 05:56:24 Image size of job updated: 948
	948  -  MemoryUsage of job (MB)
	970960  -  ResidentSetSize of job (KB)
...
006 (11799298.001.000) 2025-04-28 05:57:07 Image size of job updated: 750
	750  -  MemoryUsage of job (MB)
	768760  -  ResidentSetSize of job (KB)
...
006 (11799298.002.000) 2025-04-28 05:57:22 Image size of job updated: 856
	856  -  MemoryUsage of job (MB)
	876668  -  ResidentSetSize of job (KB)
...
006 (11799298.004.000) 2025-04-28 05:57:24 Image size of job updated: 948
	948  -  MemoryUsage of job (MB)
	971268  -  ResidentSetSize of job (KB)
...
006 (11799298.001.000) 2025-04-28 05:58:08 Image size of job updated: 750
	750  -  MemoryUsage of job (MB)
	768964  -  ResidentSetSize of job (KB)
...
006 (11799298.004.000) 2025-04-28 05:58:24 Image size of job updated: 974
	974  -  MemoryUsage of job (MB)
	998032  -  ResidentSetSize of job (KB)
...
006 (11799298.001.000) 2025-04-28 05:59:09 Image size of job updated: 750
	750  -  MemoryUsage of job (MB)
	769004  -  ResidentSetSize of job (KB)
...
006 (11799298.003.000) 2025-04-28 05:59:23 Image size of job updated: 966
	966  -  MemoryUsage of job (MB)
	989860  -  ResidentSetSize of job (KB)
...
006 (11799298.004.000) 2025-04-28 05:59:24 Image size of job updated: 974
	974  -  MemoryUsage of job (MB)
	998244  -  ResidentSetSize of job (KB)
...
006 (11799298.001.000) 2025-04-28 06:00:10 Image size of job updated: 751
	751  -  MemoryUsage of job (MB)
	769100  -  ResidentSetSize of job (KB)
...
006 (11799298.003.000) 2025-04-28 06:00:23 Image size of job updated: 989
	989  -  MemoryUsage of job (MB)
	1012792  -  ResidentSetSize of job (KB)
...
006 (11799298.002.000) 2025-04-28 06:00:23 Image size of job updated: 856
	856  -  MemoryUsage of job (MB)
	876752  -  ResidentSetSize of job (KB)
...
006 (11799298.000.000) 2025-04-28 06:01:10 Image size of job updated: 790
	790  -  MemoryUsage of job (MB)
	809264  -  ResidentSetSize of job (KB)
...
006 (11799298.001.000) 2025-04-28 06:01:10 Image size of job updated: 751
	751  -  MemoryUsage of job (MB)
	769296  -  ResidentSetSize of job (KB)
...
006 (11799298.002.000) 2025-04-28 06:01:24 Image size of job updated: 866
	866  -  MemoryUsage of job (MB)
	887560  -  ResidentSetSize of job (KB)
...
006 (11799298.000.000) 2025-04-28 06:02:10 Image size of job updated: 790
	790  -  MemoryUsage of job (MB)
	809552  -  ResidentSetSize of job (KB)
...
006 (11799298.001.000) 2025-04-28 06:02:10 Image size of job updated: 764
	764  -  MemoryUsage of job (MB)
	782364  -  ResidentSetSize of job (KB)
...
006 (11799298.002.000) 2025-04-28 06:02:25 Image size of job updated: 866
	866  -  MemoryUsage of job (MB)
	887564  -  ResidentSetSize of job (KB)
...
006 (11799298.001.000) 2025-04-28 06:03:11 Image size of job updated: 766
	766  -  MemoryUsage of job (MB)
	784892  -  ResidentSetSize of job (KB)
...
006 (11799298.000.000) 2025-04-28 06:07:13 Image size of job updated: 808
	808  -  MemoryUsage of job (MB)
	827968  -  ResidentSetSize of job (KB)
...
006 (11799298.000.000) 2025-04-28 06:08:14 Image size of job updated: 1001
	1001  -  MemoryUsage of job (MB)
	1025084  -  ResidentSetSize of job (KB)
...
006 (11799298.002.000) 2025-04-28 06:08:28 Image size of job updated: 908
	908  -  MemoryUsage of job (MB)
	930784  -  ResidentSetSize of job (KB)
...
006 (11799298.000.000) 2025-04-28 06:09:15 Image size of job updated: 1199
	1199  -  MemoryUsage of job (MB)
	1228588  -  ResidentSetSize of job (KB)
...
006 (11799298.002.000) 2025-04-28 06:09:28 Image size of job updated: 1033
	1033  -  MemoryUsage of job (MB)
	1058508  -  ResidentSetSize of job (KB)
...
006 (11799298.000.000) 2025-04-28 06:10:16 Image size of job updated: 1233
	1233  -  MemoryUsage of job (MB)
	1262652  -  ResidentSetSize of job (KB)
...
006 (11799298.002.000) 2025-04-28 06:10:28 Image size of job updated: 1130
	1130  -  MemoryUsage of job (MB)
	1157240  -  ResidentSetSize of job (KB)
...
006 (11799298.000.000) 2025-04-28 06:11:16 Image size of job updated: 1263
	1263  -  MemoryUsage of job (MB)
	1293364  -  ResidentSetSize of job (KB)
...
006 (11799298.002.000) 2025-04-28 06:11:29 Image size of job updated: 1164
	1164  -  MemoryUsage of job (MB)
	1192056  -  ResidentSetSize of job (KB)
...
006 (11799298.000.000) 2025-04-28 06:12:17 Image size of job updated: 1292
	1292  -  MemoryUsage of job (MB)
	1323856  -  ResidentSetSize of job (KB)
...
006 (11799298.002.000) 2025-04-28 06:12:30 Image size of job updated: 1193
	1193  -  MemoryUsage of job (MB)
	1222244  -  ResidentSetSize of job (KB)
...
006 (11799298.000.000) 2025-04-28 06:13:18 Image size of job updated: 1293
	1293  -  MemoryUsage of job (MB)
	1324080  -  ResidentSetSize of job (KB)
...
006 (11799298.002.000) 2025-04-28 06:13:30 Image size of job updated: 1222
	1222  -  MemoryUsage of job (MB)
	1252316  -  ResidentSetSize of job (KB)
...
006 (11799298.000.000) 2025-04-28 06:14:18 Image size of job updated: 1323
	1323  -  MemoryUsage of job (MB)
	1354872  -  ResidentSetSize of job (KB)
...
006 (11799298.002.000) 2025-04-28 06:14:31 Image size of job updated: 1252
	1252  -  MemoryUsage of job (MB)
	1282296  -  ResidentSetSize of job (KB)
...
006 (11799298.000.000) 2025-04-28 06:15:19 Image size of job updated: 1353
	1353  -  MemoryUsage of job (MB)
	1385536  -  ResidentSetSize of job (KB)
...
006 (11799298.003.000) 2025-04-28 06:15:31 Image size of job updated: 1017
	1017  -  MemoryUsage of job (MB)
	1041796  -  ResidentSetSize of job (KB)
...
006 (11799298.002.000) 2025-04-28 06:15:32 Image size of job updated: 1281
	1281  -  MemoryUsage of job (MB)
	1312392  -  ResidentSetSize of job (KB)
...
006 (11799298.000.000) 2025-04-28 06:16:19 Image size of job updated: 1382
	1382  -  MemoryUsage of job (MB)
	1416144  -  ResidentSetSize of job (KB)
...
006 (11799298.002.000) 2025-04-28 06:16:32 Image size of job updated: 1311
	1311  -  MemoryUsage of job (MB)
	1342496  -  ResidentSetSize of job (KB)
...
006 (11799298.003.000) 2025-04-28 06:16:32 Image size of job updated: 1209
	1209  -  MemoryUsage of job (MB)
	1238948  -  ResidentSetSize of job (KB)
...
006 (11799298.000.000) 2025-04-28 06:17:20 Image size of job updated: 1412
	1412  -  MemoryUsage of job (MB)
	1446908  -  ResidentSetSize of job (KB)
...
006 (11799298.002.000) 2025-04-28 06:17:32 Image size of job updated: 1311
	1311  -  MemoryUsage of job (MB)
	1342576  -  ResidentSetSize of job (KB)
...
006 (11799298.003.000) 2025-04-28 06:17:32 Image size of job updated: 1239
	1239  -  MemoryUsage of job (MB)
	1269396  -  ResidentSetSize of job (KB)
...
006 (11799298.000.000) 2025-04-28 06:18:20 Image size of job updated: 1442
	1442  -  MemoryUsage of job (MB)
	1477512  -  ResidentSetSize of job (KB)
...
006 (11799298.002.000) 2025-04-28 06:18:33 Image size of job updated: 1340
	1340  -  MemoryUsage of job (MB)
	1372604  -  ResidentSetSize of job (KB)
...
006 (11799298.003.000) 2025-04-28 06:18:33 Image size of job updated: 1268
	1268  -  MemoryUsage of job (MB)
	1299204  -  ResidentSetSize of job (KB)
...
006 (11799298.000.000) 2025-04-28 06:19:21 Image size of job updated: 1442
	1442  -  MemoryUsage of job (MB)
	1477580  -  ResidentSetSize of job (KB)
...
006 (11799298.002.000) 2025-04-28 06:19:33 Image size of job updated: 1369
	1369  -  MemoryUsage of job (MB)
	1402316  -  ResidentSetSize of job (KB)
...
006 (11799298.003.000) 2025-04-28 06:19:34 Image size of job updated: 1299
	1299  -  MemoryUsage of job (MB)
	1330200  -  ResidentSetSize of job (KB)
...
006 (11799298.000.000) 2025-04-28 06:20:21 Image size of job updated: 1473
	1473  -  MemoryUsage of job (MB)
	1508448  -  ResidentSetSize of job (KB)
...
006 (11799298.001.000) 2025-04-28 06:20:21 Image size of job updated: 830
	830  -  MemoryUsage of job (MB)
	850656  -  ResidentSetSize of job (KB)
...
006 (11799298.002.000) 2025-04-28 06:20:34 Image size of job updated: 1398
	1398  -  MemoryUsage of job (MB)
	1432208  -  ResidentSetSize of job (KB)
...
006 (11799298.003.000) 2025-04-28 06:20:34 Image size of job updated: 1314
	1314  -  MemoryUsage of job (MB)
	1346268  -  ResidentSetSize of job (KB)
...
006 (11799298.000.000) 2025-04-28 06:21:22 Image size of job updated: 1502
	1502  -  MemoryUsage of job (MB)
	1539020  -  ResidentSetSize of job (KB)
...
006 (11799298.001.000) 2025-04-28 06:21:22 Image size of job updated: 1047
	1047  -  MemoryUsage of job (MB)
	1072424  -  ResidentSetSize of job (KB)
...
006 (11799298.002.000) 2025-04-28 06:21:34 Image size of job updated: 1428
	1428  -  MemoryUsage of job (MB)
	1462456  -  ResidentSetSize of job (KB)
...
006 (11799298.003.000) 2025-04-28 06:21:35 Image size of job updated: 1328
	1328  -  MemoryUsage of job (MB)
	1359940  -  ResidentSetSize of job (KB)
...
006 (11799298.004.000) 2025-04-28 06:21:37 Image size of job updated: 1005
	1005  -  MemoryUsage of job (MB)
	1029988  -  ResidentSetSize of job (KB)
...
006 (11799298.000.000) 2025-04-28 06:22:22 Image size of job updated: 1532
	1532  -  MemoryUsage of job (MB)
	1569620  -  ResidentSetSize of job (KB)
...
006 (11799298.001.000) 2025-04-28 06:22:22 Image size of job updated: 1078
	1078  -  MemoryUsage of job (MB)
	1104028  -  ResidentSetSize of job (KB)
...
006 (11799298.002.000) 2025-04-28 06:22:35 Image size of job updated: 1457
	1457  -  MemoryUsage of job (MB)
	1492556  -  ResidentSetSize of job (KB)
...
006 (11799298.003.000) 2025-04-28 06:22:35 Image size of job updated: 1358
	1358  -  MemoryUsage of job (MB)
	1390628  -  ResidentSetSize of job (KB)
...
006 (11799298.004.000) 2025-04-28 06:22:38 Image size of job updated: 1201
	1201  -  MemoryUsage of job (MB)
	1230296  -  ResidentSetSize of job (KB)
...
006 (11799298.000.000) 2025-04-28 06:23:23 Image size of job updated: 1562
	1562  -  MemoryUsage of job (MB)
	1600432  -  ResidentSetSize of job (KB)
...
006 (11799298.001.000) 2025-04-28 06:23:24 Image size of job updated: 1086
	1086  -  MemoryUsage of job (MB)
	1112288  -  ResidentSetSize of job (KB)
...
006 (11799298.002.000) 2025-04-28 06:23:36 Image size of job updated: 1486
	1486  -  MemoryUsage of job (MB)
	1522628  -  ResidentSetSize of job (KB)
...
006 (11799298.003.000) 2025-04-28 06:23:36 Image size of job updated: 1388
	1388  -  MemoryUsage of job (MB)
	1421964  -  ResidentSetSize of job (KB)
...
006 (11799298.004.000) 2025-04-28 06:23:38 Image size of job updated: 1231
	1231  -  MemoryUsage of job (MB)
	1261188  -  ResidentSetSize of job (KB)
...
006 (11799298.000.000) 2025-04-28 06:24:23 Image size of job updated: 1592
	1592  -  MemoryUsage of job (MB)
	1631164  -  ResidentSetSize of job (KB)
...
006 (11799298.001.000) 2025-04-28 06:24:24 Image size of job updated: 1118
	1118  -  MemoryUsage of job (MB)
	1144956  -  ResidentSetSize of job (KB)
...
006 (11799298.002.000) 2025-04-28 06:24:36 Image size of job updated: 1516
	1516  -  MemoryUsage of job (MB)
	1552736  -  ResidentSetSize of job (KB)
...
006 (11799298.003.000) 2025-04-28 06:24:37 Image size of job updated: 1419
	1419  -  MemoryUsage of job (MB)
	1453932  -  ResidentSetSize of job (KB)
...
006 (11799298.004.000) 2025-04-28 06:24:39 Image size of job updated: 1263
	1263  -  MemoryUsage of job (MB)
	1294256  -  ResidentSetSize of job (KB)
...
006 (11799298.000.000) 2025-04-28 06:25:23 Image size of job updated: 1622
	1622  -  MemoryUsage of job (MB)
	1661616  -  ResidentSetSize of job (KB)
...
006 (11799298.001.000) 2025-04-28 06:25:24 Image size of job updated: 1148
	1148  -  MemoryUsage of job (MB)
	1176024  -  ResidentSetSize of job (KB)
...
006 (11799298.002.000) 2025-04-28 06:25:37 Image size of job updated: 1550
	1550  -  MemoryUsage of job (MB)
	1587472  -  ResidentSetSize of job (KB)
...
006 (11799298.003.000) 2025-04-28 06:25:38 Image size of job updated: 1449
	1449  -  MemoryUsage of job (MB)
	1483904  -  ResidentSetSize of job (KB)
...
006 (11799298.004.000) 2025-04-28 06:25:40 Image size of job updated: 1296
	1296  -  MemoryUsage of job (MB)
	1327836  -  ResidentSetSize of job (KB)
...
006 (11799298.000.000) 2025-04-28 06:26:24 Image size of job updated: 1652
	1652  -  MemoryUsage of job (MB)
	1692468  -  ResidentSetSize of job (KB)
...
006 (11799298.001.000) 2025-04-28 06:26:25 Image size of job updated: 1178
	1178  -  MemoryUsage of job (MB)
	1207048  -  ResidentSetSize of job (KB)
...
006 (11799298.002.000) 2025-04-28 06:26:37 Image size of job updated: 1585
	1585  -  MemoryUsage of job (MB)
	1623632  -  ResidentSetSize of job (KB)
...
006 (11799298.003.000) 2025-04-28 06:26:38 Image size of job updated: 1478
	1478  -  MemoryUsage of job (MB)
	1514420  -  ResidentSetSize of job (KB)
...
006 (11799298.004.000) 2025-04-28 06:26:40 Image size of job updated: 1327
	1327  -  MemoryUsage of job (MB)
	1359064  -  ResidentSetSize of job (KB)
...
006 (11799298.000.000) 2025-04-28 06:27:24 Image size of job updated: 1686
	1686  -  MemoryUsage of job (MB)
	1727468  -  ResidentSetSize of job (KB)
...
006 (11799298.001.000) 2025-04-28 06:27:25 Image size of job updated: 1209
	1209  -  MemoryUsage of job (MB)
	1238776  -  ResidentSetSize of job (KB)
...
006 (11799298.002.000) 2025-04-28 06:27:37 Image size of job updated: 1619
	1619  -  MemoryUsage of job (MB)
	1658852  -  ResidentSetSize of job (KB)
...
006 (11799298.003.000) 2025-04-28 06:27:39 Image size of job updated: 1508
	1508  -  MemoryUsage of job (MB)
	1544432  -  ResidentSetSize of job (KB)
...
006 (11799298.004.000) 2025-04-28 06:27:41 Image size of job updated: 1358
	1358  -  MemoryUsage of job (MB)
	1390936  -  ResidentSetSize of job (KB)
...
006 (11799298.000.000) 2025-04-28 06:28:25 Image size of job updated: 1716
	1716  -  MemoryUsage of job (MB)
	1758004  -  ResidentSetSize of job (KB)
...
006 (11799298.001.000) 2025-04-28 06:28:26 Image size of job updated: 1239
	1239  -  MemoryUsage of job (MB)
	1269508  -  ResidentSetSize of job (KB)
...
006 (11799298.002.000) 2025-04-28 06:28:38 Image size of job updated: 1653
	1653  -  MemoryUsage of job (MB)
	1693088  -  ResidentSetSize of job (KB)
...
006 (11799298.003.000) 2025-04-28 06:28:39 Image size of job updated: 1538
	1538  -  MemoryUsage of job (MB)
	1575208  -  ResidentSetSize of job (KB)
...
006 (11799298.004.000) 2025-04-28 06:28:42 Image size of job updated: 1387
	1387  -  MemoryUsage of job (MB)
	1421088  -  ResidentSetSize of job (KB)
...
006 (11799298.000.000) 2025-04-28 06:29:25 Image size of job updated: 1746
	1746  -  MemoryUsage of job (MB)
	1788640  -  ResidentSetSize of job (KB)
...
006 (11799298.001.000) 2025-04-28 06:29:26 Image size of job updated: 1270
	1270  -  MemoryUsage of job (MB)
	1300884  -  ResidentSetSize of job (KB)
...
006 (11799298.002.000) 2025-04-28 06:29:38 Image size of job updated: 1686
	1686  -  MemoryUsage of job (MB)
	1727188  -  ResidentSetSize of job (KB)
...
006 (11799298.003.000) 2025-04-28 06:29:40 Image size of job updated: 1567
	1567  -  MemoryUsage of job (MB)
	1605436  -  ResidentSetSize of job (KB)
...
006 (11799298.004.000) 2025-04-28 06:29:42 Image size of job updated: 1387
	1387  -  MemoryUsage of job (MB)
	1421296  -  ResidentSetSize of job (KB)
...
006 (11799298.000.000) 2025-04-28 06:30:26 Image size of job updated: 1776
	1776  -  MemoryUsage of job (MB)
	1819344  -  ResidentSetSize of job (KB)
...
006 (11799298.001.000) 2025-04-28 06:30:27 Image size of job updated: 1301
	1301  -  MemoryUsage of job (MB)
	1332592  -  ResidentSetSize of job (KB)
...
006 (11799298.002.000) 2025-04-28 06:30:38 Image size of job updated: 1723
	1723  -  MemoryUsage of job (MB)
	1765012  -  ResidentSetSize of job (KB)
...
006 (11799298.003.000) 2025-04-28 06:30:40 Image size of job updated: 1597
	1597  -  MemoryUsage of job (MB)
	1635540  -  ResidentSetSize of job (KB)
...
006 (11799298.004.000) 2025-04-28 06:30:43 Image size of job updated: 1418
	1418  -  MemoryUsage of job (MB)
	1452036  -  ResidentSetSize of job (KB)
...
006 (11799298.000.000) 2025-04-28 06:31:27 Image size of job updated: 1806
	1806  -  MemoryUsage of job (MB)
	1850056  -  ResidentSetSize of job (KB)
...
006 (11799298.001.000) 2025-04-28 06:31:28 Image size of job updated: 1331
	1331  -  MemoryUsage of job (MB)
	1363632  -  ResidentSetSize of job (KB)
...
006 (11799298.002.000) 2025-04-28 06:31:39 Image size of job updated: 1788
	1788  -  MemoryUsage of job (MB)
	1831904  -  ResidentSetSize of job (KB)
...
006 (11799298.003.000) 2025-04-28 06:31:41 Image size of job updated: 1626
	1626  -  MemoryUsage of job (MB)
	1665248  -  ResidentSetSize of job (KB)
...
006 (11799298.004.000) 2025-04-28 06:31:44 Image size of job updated: 1447
	1447  -  MemoryUsage of job (MB)
	1482380  -  ResidentSetSize of job (KB)
...
006 (11799298.000.000) 2025-04-28 06:32:27 Image size of job updated: 1836
	1836  -  MemoryUsage of job (MB)
	1880636  -  ResidentSetSize of job (KB)
...
006 (11799298.001.000) 2025-04-28 06:32:28 Image size of job updated: 1362
	1362  -  MemoryUsage of job (MB)
	1394768  -  ResidentSetSize of job (KB)
...
006 (11799298.002.000) 2025-04-28 06:32:40 Image size of job updated: 1822
	1822  -  MemoryUsage of job (MB)
	1866168  -  ResidentSetSize of job (KB)
...
006 (11799298.003.000) 2025-04-28 06:32:41 Image size of job updated: 1655
	1655  -  MemoryUsage of job (MB)
	1694984  -  ResidentSetSize of job (KB)
...
006 (11799298.004.000) 2025-04-28 06:32:44 Image size of job updated: 1477
	1477  -  MemoryUsage of job (MB)
	1513120  -  ResidentSetSize of job (KB)
...
006 (11799298.000.000) 2025-04-28 06:33:27 Image size of job updated: 1866
	1866  -  MemoryUsage of job (MB)
	1911384  -  ResidentSetSize of job (KB)
...
006 (11799298.001.000) 2025-04-28 06:33:28 Image size of job updated: 1392
	1392  -  MemoryUsage of job (MB)
	1425932  -  ResidentSetSize of job (KB)
...
006 (11799298.002.000) 2025-04-28 06:33:40 Image size of job updated: 1857
	1857  -  MemoryUsage of job (MB)
	1901776  -  ResidentSetSize of job (KB)
...
006 (11799298.003.000) 2025-04-28 06:33:42 Image size of job updated: 1695
	1695  -  MemoryUsage of job (MB)
	1735912  -  ResidentSetSize of job (KB)
...
006 (11799298.004.000) 2025-04-28 06:33:44 Image size of job updated: 1508
	1508  -  MemoryUsage of job (MB)
	1544508  -  ResidentSetSize of job (KB)
...
006 (11799298.000.000) 2025-04-28 06:34:28 Image size of job updated: 1896
	1896  -  MemoryUsage of job (MB)
	1941936  -  ResidentSetSize of job (KB)
...
006 (11799298.001.000) 2025-04-28 06:34:29 Image size of job updated: 1422
	1422  -  MemoryUsage of job (MB)
	1457136  -  ResidentSetSize of job (KB)
...
006 (11799298.002.000) 2025-04-28 06:34:40 Image size of job updated: 1892
	1892  -  MemoryUsage of job (MB)
	1937848  -  ResidentSetSize of job (KB)
...
006 (11799298.003.000) 2025-04-28 06:34:42 Image size of job updated: 1725
	1725  -  MemoryUsage of job (MB)
	1766520  -  ResidentSetSize of job (KB)
...
006 (11799298.004.000) 2025-04-28 06:34:45 Image size of job updated: 1538
	1538  -  MemoryUsage of job (MB)
	1575324  -  ResidentSetSize of job (KB)
...
006 (11799298.000.000) 2025-04-28 06:35:29 Image size of job updated: 1926
	1926  -  MemoryUsage of job (MB)
	1972892  -  ResidentSetSize of job (KB)
...
006 (11799298.001.000) 2025-04-28 06:35:30 Image size of job updated: 1453
	1453  -  MemoryUsage of job (MB)
	1488044  -  ResidentSetSize of job (KB)
...
006 (11799298.002.000) 2025-04-28 06:35:41 Image size of job updated: 1956
	1956  -  MemoryUsage of job (MB)
	2003836  -  ResidentSetSize of job (KB)
...
006 (11799298.003.000) 2025-04-28 06:35:42 Image size of job updated: 1754
	1754  -  MemoryUsage of job (MB)
	1796252  -  ResidentSetSize of job (KB)
...
006 (11799298.004.000) 2025-04-28 06:35:46 Image size of job updated: 1568
	1568  -  MemoryUsage of job (MB)
	1606096  -  ResidentSetSize of job (KB)
...
006 (11799298.000.000) 2025-04-28 06:36:30 Image size of job updated: 1956
	1956  -  MemoryUsage of job (MB)
	2003588  -  ResidentSetSize of job (KB)
...
006 (11799298.001.000) 2025-04-28 06:36:31 Image size of job updated: 1483
	1483  -  MemoryUsage of job (MB)
	1519432  -  ResidentSetSize of job (KB)
...
006 (11799298.002.000) 2025-04-28 06:36:42 Image size of job updated: 1990
	1990  -  MemoryUsage of job (MB)
	2037944  -  ResidentSetSize of job (KB)
...
006 (11799298.003.000) 2025-04-28 06:36:43 Image size of job updated: 1784
	1784  -  MemoryUsage of job (MB)
	1826872  -  ResidentSetSize of job (KB)
...
006 (11799298.004.000) 2025-04-28 06:36:46 Image size of job updated: 1598
	1598  -  MemoryUsage of job (MB)
	1637072  -  ResidentSetSize of job (KB)
...
006 (11799298.000.000) 2025-04-28 06:37:30 Image size of job updated: 1986
	1986  -  MemoryUsage of job (MB)
	2034384  -  ResidentSetSize of job (KB)
...
006 (11799298.001.000) 2025-04-28 06:37:31 Image size of job updated: 1514
	1514  -  MemoryUsage of job (MB)
	1550356  -  ResidentSetSize of job (KB)
...
006 (11799298.002.000) 2025-04-28 06:37:42 Image size of job updated: 2023
	2023  -  MemoryUsage of job (MB)
	2072512  -  ResidentSetSize of job (KB)
...
006 (11799298.003.000) 2025-04-28 06:37:44 Image size of job updated: 1814
	1814  -  MemoryUsage of job (MB)
	1857576  -  ResidentSetSize of job (KB)
...
006 (11799298.004.000) 2025-04-28 06:37:47 Image size of job updated: 1629
	1629  -  MemoryUsage of job (MB)
	1668224  -  ResidentSetSize of job (KB)
...
006 (11799298.000.000) 2025-04-28 06:38:30 Image size of job updated: 2016
	2016  -  MemoryUsage of job (MB)
	2065220  -  ResidentSetSize of job (KB)
...
006 (11799298.001.000) 2025-04-28 06:38:31 Image size of job updated: 1544
	1544  -  MemoryUsage of job (MB)
	1581324  -  ResidentSetSize of job (KB)
...
006 (11799298.002.000) 2025-04-28 06:38:42 Image size of job updated: 2058
	2058  -  MemoryUsage of job (MB)
	2107580  -  ResidentSetSize of job (KB)
...
006 (11799298.003.000) 2025-04-28 06:38:44 Image size of job updated: 1844
	1844  -  MemoryUsage of job (MB)
	1888776  -  ResidentSetSize of job (KB)
...
006 (11799298.004.000) 2025-04-28 06:38:48 Image size of job updated: 1659
	1659  -  MemoryUsage of job (MB)
	1699096  -  ResidentSetSize of job (KB)
...
006 (11799298.000.000) 2025-04-28 06:39:31 Image size of job updated: 2046
	2046  -  MemoryUsage of job (MB)
	2095508  -  ResidentSetSize of job (KB)
...
006 (11799298.001.000) 2025-04-28 06:39:32 Image size of job updated: 1574
	1574  -  MemoryUsage of job (MB)
	1611892  -  ResidentSetSize of job (KB)
...
006 (11799298.002.000) 2025-04-28 06:39:43 Image size of job updated: 2123
	2123  -  MemoryUsage of job (MB)
	2174860  -  ResidentSetSize of job (KB)
...
006 (11799298.003.000) 2025-04-28 06:39:44 Image size of job updated: 1874
	1874  -  MemoryUsage of job (MB)
	1919540  -  ResidentSetSize of job (KB)
...
006 (11799298.004.000) 2025-04-28 06:39:48 Image size of job updated: 1689
	1689  -  MemoryUsage of job (MB)
	1729900  -  ResidentSetSize of job (KB)
...
006 (11799298.000.000) 2025-04-28 06:40:32 Image size of job updated: 2106
	2106  -  MemoryUsage of job (MB)
	2156864  -  ResidentSetSize of job (KB)
...
006 (11799298.001.000) 2025-04-28 06:40:33 Image size of job updated: 1574
	1574  -  MemoryUsage of job (MB)
	1612496  -  ResidentSetSize of job (KB)
...
006 (11799298.002.000) 2025-04-28 06:40:44 Image size of job updated: 2157
	2157  -  MemoryUsage of job (MB)
	2209064  -  ResidentSetSize of job (KB)
...
006 (11799298.003.000) 2025-04-28 06:40:44 Image size of job updated: 1903
	1903  -  MemoryUsage of job (MB)
	1949244  -  ResidentSetSize of job (KB)
...
006 (11799298.004.000) 2025-04-28 06:40:48 Image size of job updated: 1719
	1719  -  MemoryUsage of job (MB)
	1760540  -  ResidentSetSize of job (KB)
...
006 (11799298.000.000) 2025-04-28 06:41:33 Image size of job updated: 2137
	2137  -  MemoryUsage of job (MB)
	2188832  -  ResidentSetSize of job (KB)
...
006 (11799298.001.000) 2025-04-28 06:41:34 Image size of job updated: 1604
	1604  -  MemoryUsage of job (MB)
	1643340  -  ResidentSetSize of job (KB)
...
006 (11799298.002.000) 2025-04-28 06:41:44 Image size of job updated: 2190
	2190  -  MemoryUsage of job (MB)
	2243092  -  ResidentSetSize of job (KB)
...
006 (11799298.003.000) 2025-04-28 06:41:45 Image size of job updated: 1933
	1933  -  MemoryUsage of job (MB)
	1979996  -  ResidentSetSize of job (KB)
...
006 (11799298.004.000) 2025-04-28 06:41:49 Image size of job updated: 1749
	1749  -  MemoryUsage of job (MB)
	1791600  -  ResidentSetSize of job (KB)
...
006 (11799298.000.000) 2025-04-28 06:42:33 Image size of job updated: 2171
	2171  -  MemoryUsage of job (MB)
	2223492  -  ResidentSetSize of job (KB)
...
006 (11799298.001.000) 2025-04-28 06:42:34 Image size of job updated: 1635
	1635  -  MemoryUsage of job (MB)
	1674384  -  ResidentSetSize of job (KB)
...
006 (11799298.002.000) 2025-04-28 06:42:44 Image size of job updated: 2225
	2225  -  MemoryUsage of job (MB)
	2278952  -  ResidentSetSize of job (KB)
...
006 (11799298.003.000) 2025-04-28 06:42:46 Image size of job updated: 1963
	1963  -  MemoryUsage of job (MB)
	2010500  -  ResidentSetSize of job (KB)
...
006 (11799298.004.000) 2025-04-28 06:42:50 Image size of job updated: 1778
	1778  -  MemoryUsage of job (MB)
	1821692  -  ResidentSetSize of job (KB)
...
006 (11799298.000.000) 2025-04-28 06:43:33 Image size of job updated: 2206
	2206  -  MemoryUsage of job (MB)
	2259488  -  ResidentSetSize of job (KB)
...
006 (11799298.001.000) 2025-04-28 06:43:34 Image size of job updated: 1665
	1665  -  MemoryUsage of job (MB)
	1705580  -  ResidentSetSize of job (KB)
...
006 (11799298.002.000) 2025-04-28 06:43:45 Image size of job updated: 2290
	2290  -  MemoryUsage of job (MB)
	2345840  -  ResidentSetSize of job (KB)
...
006 (11799298.003.000) 2025-04-28 06:43:46 Image size of job updated: 1992
	1992  -  MemoryUsage of job (MB)
	2040600  -  ResidentSetSize of job (KB)
...
006 (11799298.004.000) 2025-04-28 06:43:50 Image size of job updated: 1809
	1809  -  MemoryUsage of job (MB)
	1852432  -  ResidentSetSize of job (KB)
...
006 (11799298.000.000) 2025-04-28 06:44:33 Image size of job updated: 2272
	2272  -  MemoryUsage of job (MB)
	2326612  -  ResidentSetSize of job (KB)
...
006 (11799298.001.000) 2025-04-28 06:44:34 Image size of job updated: 1726
	1726  -  MemoryUsage of job (MB)
	1767472  -  ResidentSetSize of job (KB)
...
006 (11799298.002.000) 2025-04-28 06:44:46 Image size of job updated: 2324
	2324  -  MemoryUsage of job (MB)
	2380348  -  ResidentSetSize of job (KB)
...
006 (11799298.003.000) 2025-04-28 06:44:46 Image size of job updated: 2022
	2022  -  MemoryUsage of job (MB)
	2070576  -  ResidentSetSize of job (KB)
...
006 (11799298.004.000) 2025-04-28 06:44:50 Image size of job updated: 1838
	1838  -  MemoryUsage of job (MB)
	1883032  -  ResidentSetSize of job (KB)
...
006 (11799298.000.000) 2025-04-28 06:45:34 Image size of job updated: 2306
	2306  -  MemoryUsage of job (MB)
	2362264  -  ResidentSetSize of job (KB)
...
006 (11799298.001.000) 2025-04-28 06:45:35 Image size of job updated: 1756
	1756  -  MemoryUsage of job (MB)
	1798824  -  ResidentSetSize of job (KB)
...
006 (11799298.002.000) 2025-04-28 06:45:46 Image size of job updated: 2359
	2359  -  MemoryUsage of job (MB)
	2416336  -  ResidentSetSize of job (KB)
...
006 (11799298.003.000) 2025-04-28 06:45:47 Image size of job updated: 2051
	2051  -  MemoryUsage of job (MB)
	2100540  -  ResidentSetSize of job (KB)
...
006 (11799298.004.000) 2025-04-28 06:45:51 Image size of job updated: 1868
	1868  -  MemoryUsage of job (MB)
	1913596  -  ResidentSetSize of job (KB)
...
006 (11799298.000.000) 2025-04-28 06:46:35 Image size of job updated: 2342
	2342  -  MemoryUsage of job (MB)
	2398428  -  ResidentSetSize of job (KB)
...
006 (11799298.001.000) 2025-04-28 06:46:37 Image size of job updated: 1787
	1787  -  MemoryUsage of job (MB)
	1829992  -  ResidentSetSize of job (KB)
...
006 (11799298.002.000) 2025-04-28 06:46:46 Image size of job updated: 2424
	2424  -  MemoryUsage of job (MB)
	2482720  -  ResidentSetSize of job (KB)
...
006 (11799298.003.000) 2025-04-28 06:46:48 Image size of job updated: 2080
	2080  -  MemoryUsage of job (MB)
	2130676  -  ResidentSetSize of job (KB)
...
006 (11799298.004.000) 2025-04-28 06:46:52 Image size of job updated: 1901
	1901  -  MemoryUsage of job (MB)
	1947352  -  ResidentSetSize of job (KB)
...
006 (11799298.000.000) 2025-04-28 06:47:36 Image size of job updated: 2408
	2408  -  MemoryUsage of job (MB)
	2465860  -  ResidentSetSize of job (KB)
...
006 (11799298.001.000) 2025-04-28 06:47:37 Image size of job updated: 1817
	1817  -  MemoryUsage of job (MB)
	1860920  -  ResidentSetSize of job (KB)
...
006 (11799298.002.000) 2025-04-28 06:47:47 Image size of job updated: 2458
	2458  -  MemoryUsage of job (MB)
	2517064  -  ResidentSetSize of job (KB)
...
006 (11799298.003.000) 2025-04-28 06:47:48 Image size of job updated: 2110
	2110  -  MemoryUsage of job (MB)
	2161232  -  ResidentSetSize of job (KB)
...
006 (11799298.004.000) 2025-04-28 06:47:52 Image size of job updated: 1959
	1959  -  MemoryUsage of job (MB)
	2006432  -  ResidentSetSize of job (KB)
...
006 (11799298.000.000) 2025-04-28 06:48:36 Image size of job updated: 2441
	2441  -  MemoryUsage of job (MB)
	2500092  -  ResidentSetSize of job (KB)
...
006 (11799298.001.000) 2025-04-28 06:48:37 Image size of job updated: 1848
	1848  -  MemoryUsage of job (MB)
	1892416  -  ResidentSetSize of job (KB)
...
006 (11799298.002.000) 2025-04-28 06:48:48 Image size of job updated: 2493
	2493  -  MemoryUsage of job (MB)
	2553044  -  ResidentSetSize of job (KB)
...
006 (11799298.003.000) 2025-04-28 06:48:48 Image size of job updated: 2140
	2140  -  MemoryUsage of job (MB)
	2191564  -  ResidentSetSize of job (KB)
...
006 (11799298.004.000) 2025-04-28 06:48:52 Image size of job updated: 1989
	1989  -  MemoryUsage of job (MB)
	2037260  -  ResidentSetSize of job (KB)
...
006 (11799298.000.000) 2025-04-28 06:49:36 Image size of job updated: 2476
	2476  -  MemoryUsage of job (MB)
	2536208  -  ResidentSetSize of job (KB)
...
006 (11799298.001.000) 2025-04-28 06:49:37 Image size of job updated: 1878
	1878  -  MemoryUsage of job (MB)
	1923472  -  ResidentSetSize of job (KB)
...
006 (11799298.002.000) 2025-04-28 06:49:48 Image size of job updated: 2558
	2558  -  MemoryUsage of job (MB)
	2619512  -  ResidentSetSize of job (KB)
...
006 (11799298.003.000) 2025-04-28 06:49:49 Image size of job updated: 2169
	2169  -  MemoryUsage of job (MB)
	2221912  -  ResidentSetSize of job (KB)
...
006 (11799298.004.000) 2025-04-28 06:49:54 Image size of job updated: 2019
	2019  -  MemoryUsage of job (MB)
	2067796  -  ResidentSetSize of job (KB)
...
006 (11799298.000.000) 2025-04-28 06:50:37 Image size of job updated: 2543
	2543  -  MemoryUsage of job (MB)
	2604512  -  ResidentSetSize of job (KB)
...
006 (11799298.001.000) 2025-04-28 06:50:38 Image size of job updated: 1908
	1908  -  MemoryUsage of job (MB)
	1954608  -  ResidentSetSize of job (KB)
...
006 (11799298.002.000) 2025-04-28 06:50:48 Image size of job updated: 2591
	2591  -  MemoryUsage of job (MB)
	2653716  -  ResidentSetSize of job (KB)
...
006 (11799298.003.000) 2025-04-28 06:50:50 Image size of job updated: 2203
	2203  -  MemoryUsage of job (MB)
	2256288  -  ResidentSetSize of job (KB)
...
006 (11799298.004.000) 2025-04-28 06:50:54 Image size of job updated: 2049
	2049  -  MemoryUsage of job (MB)
	2098232  -  ResidentSetSize of job (KB)
...
006 (11799298.000.000) 2025-04-28 06:51:38 Image size of job updated: 2580
	2580  -  MemoryUsage of job (MB)
	2642696  -  ResidentSetSize of job (KB)
...
006 (11799298.001.000) 2025-04-28 06:51:39 Image size of job updated: 1939
	1939  -  MemoryUsage of job (MB)
	1985880  -  ResidentSetSize of job (KB)
...
006 (11799298.002.000) 2025-04-28 06:51:49 Image size of job updated: 2629
	2629  -  MemoryUsage of job (MB)
	2692808  -  ResidentSetSize of job (KB)
...
006 (11799298.003.000) 2025-04-28 06:51:50 Image size of job updated: 2272
	2272  -  MemoryUsage of job (MB)
	2326660  -  ResidentSetSize of job (KB)
...
006 (11799298.004.000) 2025-04-28 06:51:54 Image size of job updated: 2079
	2079  -  MemoryUsage of job (MB)
	2129452  -  ResidentSetSize of job (KB)
...
006 (11799298.000.000) 2025-04-28 06:52:39 Image size of job updated: 2644
	2644  -  MemoryUsage of job (MB)
	2708300  -  ResidentSetSize of job (KB)
...
006 (11799298.001.000) 2025-04-28 06:52:40 Image size of job updated: 1969
	1969  -  MemoryUsage of job (MB)
	2016884  -  ResidentSetSize of job (KB)
...
006 (11799298.002.000) 2025-04-28 06:52:50 Image size of job updated: 2695
	2695  -  MemoryUsage of job (MB)
	2760532  -  ResidentSetSize of job (KB)
...
006 (11799298.003.000) 2025-04-28 06:52:50 Image size of job updated: 2304
	2304  -  MemoryUsage of job (MB)
	2360280  -  ResidentSetSize of job (KB)
...
006 (11799298.004.000) 2025-04-28 06:52:54 Image size of job updated: 2111
	2111  -  MemoryUsage of job (MB)
	2161744  -  ResidentSetSize of job (KB)
...
006 (11799298.000.000) 2025-04-28 06:53:39 Image size of job updated: 2682
	2682  -  MemoryUsage of job (MB)
	2747068  -  ResidentSetSize of job (KB)
...
006 (11799298.001.000) 2025-04-28 06:53:40 Image size of job updated: 2000
	2000  -  MemoryUsage of job (MB)
	2048300  -  ResidentSetSize of job (KB)
...
006 (11799298.002.000) 2025-04-28 06:53:50 Image size of job updated: 2728
	2728  -  MemoryUsage of job (MB)
	2794388  -  ResidentSetSize of job (KB)
...
006 (11799298.003.000) 2025-04-28 06:53:51 Image size of job updated: 2339
	2339  -  MemoryUsage of job (MB)
	2395328  -  ResidentSetSize of job (KB)
...
006 (11799298.004.000) 2025-04-28 06:53:56 Image size of job updated: 2143
	2143  -  MemoryUsage of job (MB)
	2195072  -  ResidentSetSize of job (KB)
...
006 (11799298.000.000) 2025-04-28 06:54:39 Image size of job updated: 2717
	2717  -  MemoryUsage of job (MB)
	2782504  -  ResidentSetSize of job (KB)
...
006 (11799298.001.000) 2025-04-28 06:54:40 Image size of job updated: 2033
	2033  -  MemoryUsage of job (MB)
	2081828  -  ResidentSetSize of job (KB)
...
006 (11799298.002.000) 2025-04-28 06:54:51 Image size of job updated: 2762
	2762  -  MemoryUsage of job (MB)
	2828912  -  ResidentSetSize of job (KB)
...
006 (11799298.003.000) 2025-04-28 06:54:52 Image size of job updated: 2403
	2403  -  MemoryUsage of job (MB)
	2460876  -  ResidentSetSize of job (KB)
...
006 (11799298.004.000) 2025-04-28 06:54:56 Image size of job updated: 2173
	2173  -  MemoryUsage of job (MB)
	2225972  -  ResidentSetSize of job (KB)
...
006 (11799298.000.000) 2025-04-28 06:55:39 Image size of job updated: 2783
	2783  -  MemoryUsage of job (MB)
	2850756  -  ResidentSetSize of job (KB)
...
006 (11799298.001.000) 2025-04-28 06:55:40 Image size of job updated: 2063
	2063  -  MemoryUsage of job (MB)
	2113008  -  ResidentSetSize of job (KB)
...
006 (11799298.002.000) 2025-04-28 06:55:52 Image size of job updated: 2797
	2797  -  MemoryUsage of job (MB)
	2864444  -  ResidentSetSize of job (KB)
...
006 (11799298.003.000) 2025-04-28 06:55:52 Image size of job updated: 2436
	2436  -  MemoryUsage of job (MB)
	2494792  -  ResidentSetSize of job (KB)
...
006 (11799298.004.000) 2025-04-28 06:55:56 Image size of job updated: 2203
	2203  -  MemoryUsage of job (MB)
	2256296  -  ResidentSetSize of job (KB)
...
006 (11799298.000.000) 2025-04-28 06:56:40 Image size of job updated: 2817
	2817  -  MemoryUsage of job (MB)
	2885112  -  ResidentSetSize of job (KB)
...
006 (11799298.001.000) 2025-04-28 06:56:41 Image size of job updated: 2093
	2093  -  MemoryUsage of job (MB)
	2144244  -  ResidentSetSize of job (KB)
...
006 (11799298.002.000) 2025-04-28 06:56:52 Image size of job updated: 2863
	2863  -  MemoryUsage of job (MB)
	2931876  -  ResidentSetSize of job (KB)
...
006 (11799298.003.000) 2025-04-28 06:56:52 Image size of job updated: 2472
	2472  -  MemoryUsage of job (MB)
	2531368  -  ResidentSetSize of job (KB)
...
006 (11799298.004.000) 2025-04-28 06:56:57 Image size of job updated: 2233
	2233  -  MemoryUsage of job (MB)
	2287096  -  ResidentSetSize of job (KB)
...
006 (11799298.000.000) 2025-04-28 06:57:41 Image size of job updated: 2852
	2852  -  MemoryUsage of job (MB)
	2921348  -  ResidentSetSize of job (KB)
...
006 (11799298.001.000) 2025-04-28 06:57:42 Image size of job updated: 2125
	2125  -  MemoryUsage of job (MB)
	2176096  -  ResidentSetSize of job (KB)
...
006 (11799298.002.000) 2025-04-28 06:57:53 Image size of job updated: 2896
	2896  -  MemoryUsage of job (MB)
	2965868  -  ResidentSetSize of job (KB)
...
006 (11799298.003.000) 2025-04-28 06:57:53 Image size of job updated: 2537
	2537  -  MemoryUsage of job (MB)
	2598384  -  ResidentSetSize of job (KB)
...
006 (11799298.004.000) 2025-04-28 06:57:58 Image size of job updated: 2263
	2263  -  MemoryUsage of job (MB)
	2317748  -  ResidentSetSize of job (KB)
...
006 (11799298.000.000) 2025-04-28 06:58:42 Image size of job updated: 2919
	2919  -  MemoryUsage of job (MB)
	2989524  -  ResidentSetSize of job (KB)
...
006 (11799298.001.000) 2025-04-28 06:58:43 Image size of job updated: 2185
	2185  -  MemoryUsage of job (MB)
	2237676  -  ResidentSetSize of job (KB)
...
006 (11799298.002.000) 2025-04-28 06:58:54 Image size of job updated: 2930
	2930  -  MemoryUsage of job (MB)
	3001204  -  ResidentSetSize of job (KB)
...
006 (11799298.003.000) 2025-04-28 06:58:54 Image size of job updated: 2570
	2570  -  MemoryUsage of job (MB)
	2632552  -  ResidentSetSize of job (KB)
...
006 (11799298.004.000) 2025-04-28 06:58:58 Image size of job updated: 2293
	2293  -  MemoryUsage of job (MB)
	2348556  -  ResidentSetSize of job (KB)
...
006 (11799298.000.000) 2025-04-28 06:59:42 Image size of job updated: 2953
	2953  -  MemoryUsage of job (MB)
	3023964  -  ResidentSetSize of job (KB)
...
006 (11799298.001.000) 2025-04-28 06:59:43 Image size of job updated: 2215
	2215  -  MemoryUsage of job (MB)
	2268916  -  ResidentSetSize of job (KB)
...
006 (11799298.002.000) 2025-04-28 06:59:54 Image size of job updated: 2996
	2996  -  MemoryUsage of job (MB)
	3068772  -  ResidentSetSize of job (KB)
...
006 (11799298.003.000) 2025-04-28 06:59:54 Image size of job updated: 2606
	2606  -  MemoryUsage of job (MB)
	2669104  -  ResidentSetSize of job (KB)
...
006 (11799298.004.000) 2025-04-28 06:59:58 Image size of job updated: 2323
	2323  -  MemoryUsage of job (MB)
	2379532  -  ResidentSetSize of job (KB)
...
006 (11799298.000.000) 2025-04-28 07:00:42 Image size of job updated: 2988
	2988  -  MemoryUsage of job (MB)
	3060108  -  ResidentSetSize of job (KB)
...
006 (11799298.001.000) 2025-04-28 07:00:43 Image size of job updated: 2246
	2246  -  MemoryUsage of job (MB)
	2300468  -  ResidentSetSize of job (KB)
...
006 (11799298.002.000) 2025-04-28 07:00:54 Image size of job updated: 3030
	3030  -  MemoryUsage of job (MB)
	3103356  -  ResidentSetSize of job (KB)
...
006 (11799298.003.000) 2025-04-28 07:00:54 Image size of job updated: 2672
	2672  -  MemoryUsage of job (MB)
	2737108  -  ResidentSetSize of job (KB)
...
006 (11799298.004.000) 2025-04-28 07:00:59 Image size of job updated: 2353
	2353  -  MemoryUsage of job (MB)
	2410140  -  ResidentSetSize of job (KB)
...
006 (11799298.000.000) 2025-04-28 07:01:42 Image size of job updated: 3054
	3054  -  MemoryUsage of job (MB)
	3127560  -  ResidentSetSize of job (KB)
...
006 (11799298.001.000) 2025-04-28 07:01:43 Image size of job updated: 2277
	2277  -  MemoryUsage of job (MB)
	2331716  -  ResidentSetSize of job (KB)
...
006 (11799298.003.000) 2025-04-28 07:01:55 Image size of job updated: 2706
	2706  -  MemoryUsage of job (MB)
	2771512  -  ResidentSetSize of job (KB)
...
006 (11799298.002.000) 2025-04-28 07:01:55 Image size of job updated: 3065
	3065  -  MemoryUsage of job (MB)
	3139440  -  ResidentSetSize of job (KB)
...
006 (11799298.004.000) 2025-04-28 07:01:59 Image size of job updated: 2383
	2383  -  MemoryUsage of job (MB)
	2440556  -  ResidentSetSize of job (KB)
...
006 (11799298.000.000) 2025-04-28 07:02:43 Image size of job updated: 3088
	3088  -  MemoryUsage of job (MB)
	3162460  -  ResidentSetSize of job (KB)
...
006 (11799298.001.000) 2025-04-28 07:02:44 Image size of job updated: 2307
	2307  -  MemoryUsage of job (MB)
	2362624  -  ResidentSetSize of job (KB)
...
006 (11799298.003.000) 2025-04-28 07:02:55 Image size of job updated: 2740
	2740  -  MemoryUsage of job (MB)
	2806012  -  ResidentSetSize of job (KB)
...
006 (11799298.002.000) 2025-04-28 07:02:56 Image size of job updated: 3131
	3131  -  MemoryUsage of job (MB)
	3206296  -  ResidentSetSize of job (KB)
...
006 (11799298.004.000) 2025-04-28 07:02:59 Image size of job updated: 2413
	2413  -  MemoryUsage of job (MB)
	2471504  -  ResidentSetSize of job (KB)
...
006 (11799298.000.000) 2025-04-28 07:03:44 Image size of job updated: 3123
	3123  -  MemoryUsage of job (MB)
	3198748  -  ResidentSetSize of job (KB)
...
006 (11799298.001.000) 2025-04-28 07:03:45 Image size of job updated: 2337
	2337  -  MemoryUsage of job (MB)
	2393800  -  ResidentSetSize of job (KB)
...
006 (11799298.002.000) 2025-04-28 07:03:56 Image size of job updated: 3164
	3164  -  MemoryUsage of job (MB)
	3240480  -  ResidentSetSize of job (KB)
...
006 (11799298.003.000) 2025-04-28 07:03:56 Image size of job updated: 2773
	2773  -  MemoryUsage of job (MB)
	2839680  -  ResidentSetSize of job (KB)
...
006 (11799298.004.000) 2025-04-28 07:04:00 Image size of job updated: 2464
	2464  -  MemoryUsage of job (MB)
	2523572  -  ResidentSetSize of job (KB)
...
006 (11799298.000.000) 2025-04-28 07:04:45 Image size of job updated: 3190
	3190  -  MemoryUsage of job (MB)
	3266660  -  ResidentSetSize of job (KB)
...
006 (11799298.001.000) 2025-04-28 07:04:46 Image size of job updated: 2368
	2368  -  MemoryUsage of job (MB)
	2425296  -  ResidentSetSize of job (KB)
...
006 (11799298.002.000) 2025-04-28 07:04:56 Image size of job updated: 3202
	3202  -  MemoryUsage of job (MB)
	3279728  -  ResidentSetSize of job (KB)
...
006 (11799298.003.000) 2025-04-28 07:04:57 Image size of job updated: 2807
	2807  -  MemoryUsage of job (MB)
	2875040  -  ResidentSetSize of job (KB)
...
006 (11799298.004.000) 2025-04-28 07:05:01 Image size of job updated: 2504
	2504  -  MemoryUsage of job (MB)
	2564108  -  ResidentSetSize of job (KB)
...
006 (11799298.000.000) 2025-04-28 07:05:45 Image size of job updated: 3223
	3223  -  MemoryUsage of job (MB)
	3301212  -  ResidentSetSize of job (KB)
...
006 (11799298.001.000) 2025-04-28 07:05:46 Image size of job updated: 2398
	2398  -  MemoryUsage of job (MB)
	2456420  -  ResidentSetSize of job (KB)
...
006 (11799298.002.000) 2025-04-28 07:05:57 Image size of job updated: 3264
	3264  -  MemoryUsage of job (MB)
	3343204  -  ResidentSetSize of job (KB)
...
006 (11799298.003.000) 2025-04-28 07:05:57 Image size of job updated: 2872
	2872  -  MemoryUsage of job (MB)
	2941228  -  ResidentSetSize of job (KB)
...
006 (11799298.004.000) 2025-04-28 07:06:01 Image size of job updated: 2534
	2534  -  MemoryUsage of job (MB)
	2595220  -  ResidentSetSize of job (KB)
...
006 (11799298.000.000) 2025-04-28 07:06:45 Image size of job updated: 3259
	3259  -  MemoryUsage of job (MB)
	3337784  -  ResidentSetSize of job (KB)
...
006 (11799298.001.000) 2025-04-28 07:06:46 Image size of job updated: 2429
	2429  -  MemoryUsage of job (MB)
	2487420  -  ResidentSetSize of job (KB)
...
006 (11799298.003.000) 2025-04-28 07:06:57 Image size of job updated: 2905
	2905  -  MemoryUsage of job (MB)
	2975576  -  ResidentSetSize of job (KB)
...
006 (11799298.002.000) 2025-04-28 07:06:57 Image size of job updated: 3299
	3299  -  MemoryUsage of job (MB)
	3378316  -  ResidentSetSize of job (KB)
...
006 (11799298.004.000) 2025-04-28 07:07:01 Image size of job updated: 2564
	2564  -  MemoryUsage of job (MB)
	2626060  -  ResidentSetSize of job (KB)
...
006 (11799298.000.000) 2025-04-28 07:07:45 Image size of job updated: 3326
	3326  -  MemoryUsage of job (MB)
	3405896  -  ResidentSetSize of job (KB)
...
006 (11799298.001.000) 2025-04-28 07:07:46 Image size of job updated: 2459
	2459  -  MemoryUsage of job (MB)
	2518624  -  ResidentSetSize of job (KB)
...
006 (11799298.003.000) 2025-04-28 07:07:58 Image size of job updated: 2972
	2972  -  MemoryUsage of job (MB)
	3043652  -  ResidentSetSize of job (KB)
...
006 (11799298.002.000) 2025-04-28 07:07:58 Image size of job updated: 3333
	3333  -  MemoryUsage of job (MB)
	3413728  -  ResidentSetSize of job (KB)
...
006 (11799298.004.000) 2025-04-28 07:08:02 Image size of job updated: 2594
	2594  -  MemoryUsage of job (MB)
	2657044  -  ResidentSetSize of job (KB)
...
006 (11799298.000.000) 2025-04-28 07:08:46 Image size of job updated: 3359
	3359  -  MemoryUsage of job (MB)
	3440232  -  ResidentSetSize of job (KB)
...
006 (11799298.001.000) 2025-04-28 07:08:47 Image size of job updated: 2489
	2489  -  MemoryUsage of job (MB)
	2549668  -  ResidentSetSize of job (KB)
...
006 (11799298.003.000) 2025-04-28 07:08:59 Image size of job updated: 3006
	3006  -  MemoryUsage of job (MB)
	3078752  -  ResidentSetSize of job (KB)
...
006 (11799298.002.000) 2025-04-28 07:08:59 Image size of job updated: 3399
	3399  -  MemoryUsage of job (MB)
	3480996  -  ResidentSetSize of job (KB)
...
006 (11799298.004.000) 2025-04-28 07:09:03 Image size of job updated: 2625
	2625  -  MemoryUsage of job (MB)
	2688860  -  ResidentSetSize of job (KB)
...
006 (11799298.000.000) 2025-04-28 07:09:48 Image size of job updated: 3393
	3393  -  MemoryUsage of job (MB)
	3475224  -  ResidentSetSize of job (KB)
...
006 (11799298.001.000) 2025-04-28 07:09:49 Image size of job updated: 2538
	2538  -  MemoryUsage of job (MB)
	2599792  -  ResidentSetSize of job (KB)
...
006 (11799298.002.000) 2025-04-28 07:09:59 Image size of job updated: 3432
	3432  -  MemoryUsage of job (MB)
	3514944  -  ResidentSetSize of job (KB)
...
006 (11799298.003.000) 2025-04-28 07:09:59 Image size of job updated: 3042
	3042  -  MemoryUsage of job (MB)
	3115252  -  ResidentSetSize of job (KB)
...
006 (11799298.004.000) 2025-04-28 07:10:04 Image size of job updated: 2658
	2658  -  MemoryUsage of job (MB)
	2722696  -  ResidentSetSize of job (KB)
...
006 (11799298.000.000) 2025-04-28 07:10:48 Image size of job updated: 3460
	3460  -  MemoryUsage of job (MB)
	3543056  -  ResidentSetSize of job (KB)
...
006 (11799298.001.000) 2025-04-28 07:10:49 Image size of job updated: 2581
	2581  -  MemoryUsage of job (MB)
	2643176  -  ResidentSetSize of job (KB)
...
006 (11799298.002.000) 2025-04-28 07:10:59 Image size of job updated: 3467
	3467  -  MemoryUsage of job (MB)
	3550680  -  ResidentSetSize of job (KB)
...
006 (11799298.003.000) 2025-04-28 07:10:59 Image size of job updated: 3107
	3107  -  MemoryUsage of job (MB)
	3182120  -  ResidentSetSize of job (KB)
...
006 (11799298.004.000) 2025-04-28 07:11:04 Image size of job updated: 2694
	2694  -  MemoryUsage of job (MB)
	2759508  -  ResidentSetSize of job (KB)
...
006 (11799298.000.000) 2025-04-28 07:11:48 Image size of job updated: 3494
	3494  -  MemoryUsage of job (MB)
	3578000  -  ResidentSetSize of job (KB)
...
006 (11799298.001.000) 2025-04-28 07:11:49 Image size of job updated: 2611
	2611  -  MemoryUsage of job (MB)
	2674160  -  ResidentSetSize of job (KB)
...
006 (11799298.002.000) 2025-04-28 07:12:00 Image size of job updated: 3532
	3532  -  MemoryUsage of job (MB)
	3617136  -  ResidentSetSize of job (KB)
...
006 (11799298.003.000) 2025-04-28 07:12:00 Image size of job updated: 3140
	3140  -  MemoryUsage of job (MB)
	3215652  -  ResidentSetSize of job (KB)
...
006 (11799298.004.000) 2025-04-28 07:12:04 Image size of job updated: 2761
	2761  -  MemoryUsage of job (MB)
	2827432  -  ResidentSetSize of job (KB)
...
006 (11799298.000.000) 2025-04-28 07:12:48 Image size of job updated: 3527
	3527  -  MemoryUsage of job (MB)
	3612540  -  ResidentSetSize of job (KB)
...
006 (11799298.001.000) 2025-04-28 07:12:49 Image size of job updated: 2643
	2643  -  MemoryUsage of job (MB)
	2706720  -  ResidentSetSize of job (KB)
...
006 (11799298.003.000) 2025-04-28 07:13:01 Image size of job updated: 3174
	3174  -  MemoryUsage of job (MB)
	3250744  -  ResidentSetSize of job (KB)
...
006 (11799298.002.000) 2025-04-28 07:13:01 Image size of job updated: 3565
	3565  -  MemoryUsage of job (MB)
	3651304  -  ResidentSetSize of job (KB)
...
006 (11799298.004.000) 2025-04-28 07:13:05 Image size of job updated: 2795
	2795  -  MemoryUsage of job (MB)
	2862684  -  ResidentSetSize of job (KB)
...
006 (11799298.000.000) 2025-04-28 07:13:49 Image size of job updated: 3595
	3595  -  MemoryUsage of job (MB)
	3681568  -  ResidentSetSize of job (KB)
...
006 (11799298.001.000) 2025-04-28 07:13:50 Image size of job updated: 2677
	2677  -  MemoryUsage of job (MB)
	2741672  -  ResidentSetSize of job (KB)
...
006 (11799298.003.000) 2025-04-28 07:14:01 Image size of job updated: 3239
	3239  -  MemoryUsage of job (MB)
	3316972  -  ResidentSetSize of job (KB)
...
006 (11799298.002.000) 2025-04-28 07:14:02 Image size of job updated: 3599
	3599  -  MemoryUsage of job (MB)
	3685400  -  ResidentSetSize of job (KB)
...
006 (11799298.004.000) 2025-04-28 07:14:06 Image size of job updated: 2831
	2831  -  MemoryUsage of job (MB)
	2898968  -  ResidentSetSize of job (KB)
...
006 (11799298.000.000) 2025-04-28 07:14:50 Image size of job updated: 3629
	3629  -  MemoryUsage of job (MB)
	3716416  -  ResidentSetSize of job (KB)
...
006 (11799298.001.000) 2025-04-28 07:14:51 Image size of job updated: 2745
	2745  -  MemoryUsage of job (MB)
	2811496  -  ResidentSetSize of job (KB)
...
006 (11799298.003.000) 2025-04-28 07:15:01 Image size of job updated: 3272
	3272  -  MemoryUsage of job (MB)
	3350608  -  ResidentSetSize of job (KB)
...
006 (11799298.002.000) 2025-04-28 07:15:02 Image size of job updated: 3663
	3663  -  MemoryUsage of job (MB)
	3751144  -  ResidentSetSize of job (KB)
...
006 (11799298.004.000) 2025-04-28 07:15:07 Image size of job updated: 2898
	2898  -  MemoryUsage of job (MB)
	2967960  -  ResidentSetSize of job (KB)
...
006 (11799298.000.000) 2025-04-28 07:15:51 Image size of job updated: 3663
	3663  -  MemoryUsage of job (MB)
	3751900  -  ResidentSetSize of job (KB)
...
006 (11799298.001.000) 2025-04-28 07:15:52 Image size of job updated: 2780
	2780  -  MemoryUsage of job (MB)
	2846848  -  ResidentSetSize of job (KB)
...
006 (11799298.002.000) 2025-04-28 07:16:02 Image size of job updated: 3695
	3695  -  MemoryUsage of job (MB)
	3784296  -  ResidentSetSize of job (KB)
...
006 (11799298.003.000) 2025-04-28 07:16:02 Image size of job updated: 3306
	3306  -  MemoryUsage of job (MB)
	3385816  -  ResidentSetSize of job (KB)
...
006 (11799298.004.000) 2025-04-28 07:16:07 Image size of job updated: 2933
	2933  -  MemoryUsage of job (MB)
	3004120  -  ResidentSetSize of job (KB)
...
006 (11799298.000.000) 2025-04-28 07:16:51 Image size of job updated: 3730
	3730  -  MemoryUsage of job (MB)
	3820116  -  ResidentSetSize of job (KB)
...
006 (11799298.001.000) 2025-04-28 07:16:52 Image size of job updated: 2815
	2815  -  MemoryUsage of job (MB)
	2883524  -  ResidentSetSize of job (KB)
...
006 (11799298.002.000) 2025-04-28 07:17:02 Image size of job updated: 3727
	3727  -  MemoryUsage of job (MB)
	3817368  -  ResidentSetSize of job (KB)
...
006 (11799298.003.000) 2025-04-28 07:17:03 Image size of job updated: 3371
	3371  -  MemoryUsage of job (MB)
	3452200  -  ResidentSetSize of job (KB)
...
006 (11799298.004.000) 2025-04-28 07:17:07 Image size of job updated: 2967
	2967  -  MemoryUsage of job (MB)
	3038628  -  ResidentSetSize of job (KB)
...
006 (11799298.000.000) 2025-04-28 07:17:51 Image size of job updated: 3763
	3763  -  MemoryUsage of job (MB)
	3854264  -  ResidentSetSize of job (KB)
...
006 (11799298.001.000) 2025-04-28 07:17:52 Image size of job updated: 2883
	2883  -  MemoryUsage of job (MB)
	2952496  -  ResidentSetSize of job (KB)
...
006 (11799298.003.000) 2025-04-28 07:18:03 Image size of job updated: 3404
	3404  -  MemoryUsage of job (MB)
	3486036  -  ResidentSetSize of job (KB)
...
006 (11799298.002.000) 2025-04-28 07:18:03 Image size of job updated: 3792
	3792  -  MemoryUsage of job (MB)
	3883404  -  ResidentSetSize of job (KB)
...
006 (11799298.004.000) 2025-04-28 07:18:07 Image size of job updated: 3002
	3002  -  MemoryUsage of job (MB)
	3074280  -  ResidentSetSize of job (KB)
...
006 (11799298.000.000) 2025-04-28 07:18:51 Image size of job updated: 3797
	3797  -  MemoryUsage of job (MB)
	3888616  -  ResidentSetSize of job (KB)
...
006 (11799298.001.000) 2025-04-28 07:18:52 Image size of job updated: 2917
	2917  -  MemoryUsage of job (MB)
	2987604  -  ResidentSetSize of job (KB)
...
006 (11799298.003.000) 2025-04-28 07:19:03 Image size of job updated: 3438
	3438  -  MemoryUsage of job (MB)
	3521428  -  ResidentSetSize of job (KB)
...
006 (11799298.002.000) 2025-04-28 07:19:04 Image size of job updated: 3824
	3824  -  MemoryUsage of job (MB)
	3916344  -  ResidentSetSize of job (KB)
...
006 (11799298.004.000) 2025-04-28 07:19:08 Image size of job updated: 3068
	3068  -  MemoryUsage of job (MB)
	3142180  -  ResidentSetSize of job (KB)
...
006 (11799298.000.000) 2025-04-28 07:19:52 Image size of job updated: 3830
	3830  -  MemoryUsage of job (MB)
	3922240  -  ResidentSetSize of job (KB)
...
006 (11799298.001.000) 2025-04-28 07:19:53 Image size of job updated: 2952
	2952  -  MemoryUsage of job (MB)
	3023172  -  ResidentSetSize of job (KB)
...
006 (11799298.003.000) 2025-04-28 07:20:03 Image size of job updated: 3507
	3507  -  MemoryUsage of job (MB)
	3591180  -  ResidentSetSize of job (KB)
...
006 (11799298.002.000) 2025-04-28 07:20:04 Image size of job updated: 3857
	3857  -  MemoryUsage of job (MB)
	3949928  -  ResidentSetSize of job (KB)
...
006 (11799298.004.000) 2025-04-28 07:20:10 Image size of job updated: 3102
	3102  -  MemoryUsage of job (MB)
	3177332  -  ResidentSetSize of job (KB)
...
006 (11799298.000.000) 2025-04-28 07:20:53 Image size of job updated: 3863
	3863  -  MemoryUsage of job (MB)
	3956112  -  ResidentSetSize of job (KB)
...
006 (11799298.001.000) 2025-04-28 07:20:54 Image size of job updated: 3019
	3019  -  MemoryUsage of job (MB)
	3092340  -  ResidentSetSize of job (KB)
...
006 (11799298.002.000) 2025-04-28 07:21:04 Image size of job updated: 3890
	3890  -  MemoryUsage of job (MB)
	3984320  -  ResidentSetSize of job (KB)
...
006 (11799298.003.000) 2025-04-28 07:21:04 Image size of job updated: 3541
	3541  -  MemoryUsage of job (MB)
	3626304  -  ResidentSetSize of job (KB)
...
006 (11799298.004.000) 2025-04-28 07:21:10 Image size of job updated: 3138
	3138  -  MemoryUsage of job (MB)
	3214088  -  ResidentSetSize of job (KB)
...
006 (11799298.000.000) 2025-04-28 07:21:54 Image size of job updated: 3929
	3929  -  MemoryUsage of job (MB)
	4024224  -  ResidentSetSize of job (KB)
...
006 (11799298.001.000) 2025-04-28 07:21:55 Image size of job updated: 3054
	3054  -  MemoryUsage of job (MB)
	3127524  -  ResidentSetSize of job (KB)
...
006 (11799298.002.000) 2025-04-28 07:22:05 Image size of job updated: 3953
	3953  -  MemoryUsage of job (MB)
	4048592  -  ResidentSetSize of job (KB)
...
006 (11799298.003.000) 2025-04-28 07:22:06 Image size of job updated: 3575
	3575  -  MemoryUsage of job (MB)
	3661108  -  ResidentSetSize of job (KB)
...
006 (11799298.004.000) 2025-04-28 07:22:10 Image size of job updated: 3203
	3203  -  MemoryUsage of job (MB)
	3280352  -  ResidentSetSize of job (KB)
...
006 (11799298.000.000) 2025-04-28 07:22:54 Image size of job updated: 3963
	3963  -  MemoryUsage of job (MB)
	4058436  -  ResidentSetSize of job (KB)
...
006 (11799298.001.000) 2025-04-28 07:22:55 Image size of job updated: 3089
	3089  -  MemoryUsage of job (MB)
	3163776  -  ResidentSetSize of job (KB)
...
006 (11799298.003.000) 2025-04-28 07:23:06 Image size of job updated: 3642
	3642  -  MemoryUsage of job (MB)
	3729492  -  ResidentSetSize of job (KB)
...
006 (11799298.002.000) 2025-04-28 07:23:06 Image size of job updated: 3986
	3986  -  MemoryUsage of job (MB)
	4081696  -  ResidentSetSize of job (KB)
...
006 (11799298.004.000) 2025-04-28 07:23:10 Image size of job updated: 3237
	3237  -  MemoryUsage of job (MB)
	3315016  -  ResidentSetSize of job (KB)
...
006 (11799298.000.000) 2025-04-28 07:23:54 Image size of job updated: 3996
	3996  -  MemoryUsage of job (MB)
	4092304  -  ResidentSetSize of job (KB)
...
006 (11799298.001.000) 2025-04-28 07:23:55 Image size of job updated: 3156
	3156  -  MemoryUsage of job (MB)
	3232440  -  ResidentSetSize of job (KB)
...
006 (11799298.003.000) 2025-04-28 07:24:06 Image size of job updated: 3683
	3683  -  MemoryUsage of job (MB)
	3771788  -  ResidentSetSize of job (KB)
...
006 (11799298.002.000) 2025-04-28 07:24:07 Image size of job updated: 4018
	4018  -  MemoryUsage of job (MB)
	4114924  -  ResidentSetSize of job (KB)
...
006 (11799298.004.000) 2025-04-28 07:24:11 Image size of job updated: 3272
	3272  -  MemoryUsage of job (MB)
	3351160  -  ResidentSetSize of job (KB)
...
006 (11799298.000.000) 2025-04-28 07:24:54 Image size of job updated: 4030
	4030  -  MemoryUsage of job (MB)
	4126936  -  ResidentSetSize of job (KB)
...
006 (11799298.001.000) 2025-04-28 07:24:56 Image size of job updated: 3190
	3190  -  MemoryUsage of job (MB)
	3267368  -  ResidentSetSize of job (KB)
...
006 (11799298.003.000) 2025-04-28 07:25:06 Image size of job updated: 3716
	3716  -  MemoryUsage of job (MB)
	3805668  -  ResidentSetSize of job (KB)
...
006 (11799298.002.000) 2025-04-28 07:25:07 Image size of job updated: 4082
	4082  -  MemoryUsage of job (MB)
	4180920  -  ResidentSetSize of job (KB)
...
006 (11799298.004.000) 2025-04-28 07:25:12 Image size of job updated: 3339
	3339  -  MemoryUsage of job (MB)
	3420144  -  ResidentSetSize of job (KB)
...
006 (11799298.000.000) 2025-04-28 07:25:55 Image size of job updated: 4095
	4095  -  MemoryUsage of job (MB)
	4193976  -  ResidentSetSize of job (KB)
...
006 (11799298.001.000) 2025-04-28 07:25:57 Image size of job updated: 3226
	3226  -  MemoryUsage of job (MB)
	3304400  -  ResidentSetSize of job (KB)
...
006 (11799298.002.000) 2025-04-28 07:26:07 Image size of job updated: 4115
	4115  -  MemoryUsage of job (MB)
	4213976  -  ResidentSetSize of job (KB)
...
006 (11799298.003.000) 2025-04-28 07:26:07 Image size of job updated: 3784
	3784  -  MemoryUsage of job (MB)
	3875000  -  ResidentSetSize of job (KB)
...
006 (11799298.004.000) 2025-04-28 07:26:13 Image size of job updated: 3405
	3405  -  MemoryUsage of job (MB)
	3486820  -  ResidentSetSize of job (KB)
...
006 (11799298.000.000) 2025-04-28 07:26:56 Image size of job updated: 4129
	4129  -  MemoryUsage of job (MB)
	4228308  -  ResidentSetSize of job (KB)
...
006 (11799298.001.000) 2025-04-28 07:26:58 Image size of job updated: 3293
	3293  -  MemoryUsage of job (MB)
	3372068  -  ResidentSetSize of job (KB)
...
006 (11799298.002.000) 2025-04-28 07:27:07 Image size of job updated: 4147
	4147  -  MemoryUsage of job (MB)
	4247288  -  ResidentSetSize of job (KB)
...
006 (11799298.003.000) 2025-04-28 07:27:08 Image size of job updated: 3818
	3818  -  MemoryUsage of job (MB)
	3910628  -  ResidentSetSize of job (KB)
...
006 (11799298.004.000) 2025-04-28 07:27:13 Image size of job updated: 3439
	3439  -  MemoryUsage of job (MB)
	3522404  -  ResidentSetSize of job (KB)
...
006 (11799298.000.000) 2025-04-28 07:27:56 Image size of job updated: 4169
	4169  -  MemoryUsage of job (MB)
	4269852  -  ResidentSetSize of job (KB)
...
006 (11799298.001.000) 2025-04-28 07:27:58 Image size of job updated: 3327
	3327  -  MemoryUsage of job (MB)
	3407120  -  ResidentSetSize of job (KB)
...
006 (11799298.002.000) 2025-04-28 07:28:08 Image size of job updated: 4211
	4211  -  MemoryUsage of job (MB)
	4312800  -  ResidentSetSize of job (KB)
...
006 (11799298.003.000) 2025-04-28 07:28:09 Image size of job updated: 3855
	3855  -  MemoryUsage of job (MB)
	3947820  -  ResidentSetSize of job (KB)
...
006 (11799298.004.000) 2025-04-28 07:28:13 Image size of job updated: 3506
	3506  -  MemoryUsage of job (MB)
	3591140  -  ResidentSetSize of job (KB)
...
006 (11799298.000.000) 2025-04-28 07:28:56 Image size of job updated: 4199
	4199  -  MemoryUsage of job (MB)
	4300348  -  ResidentSetSize of job (KB)
...
006 (11799298.001.000) 2025-04-28 07:28:58 Image size of job updated: 3363
	3363  -  MemoryUsage of job (MB)
	3443732  -  ResidentSetSize of job (KB)
...
006 (11799298.003.000) 2025-04-28 07:29:09 Image size of job updated: 3920
	3920  -  MemoryUsage of job (MB)
	4014484  -  ResidentSetSize of job (KB)
...
006 (11799298.002.000) 2025-04-28 07:29:09 Image size of job updated: 4245
	4245  -  MemoryUsage of job (MB)
	4347468  -  ResidentSetSize of job (KB)
...
006 (11799298.004.000) 2025-04-28 07:29:13 Image size of job updated: 3540
	3540  -  MemoryUsage of job (MB)
	3625464  -  ResidentSetSize of job (KB)
...
006 (11799298.000.000) 2025-04-28 07:29:56 Image size of job updated: 4229
	4229  -  MemoryUsage of job (MB)
	4330688  -  ResidentSetSize of job (KB)
...
006 (11799298.001.000) 2025-04-28 07:29:58 Image size of job updated: 3429
	3429  -  MemoryUsage of job (MB)
	3512020  -  ResidentSetSize of job (KB)
...
006 (11799298.003.000) 2025-04-28 07:30:09 Image size of job updated: 3954
	3954  -  MemoryUsage of job (MB)
	4049388  -  ResidentSetSize of job (KB)
...
006 (11799298.002.000) 2025-04-28 07:30:10 Image size of job updated: 4245
	4245  -  MemoryUsage of job (MB)
	4347624  -  ResidentSetSize of job (KB)
...
006 (11799298.004.000) 2025-04-28 07:30:14 Image size of job updated: 3576
	3576  -  MemoryUsage of job (MB)
	3662392  -  ResidentSetSize of job (KB)
...
006 (11799298.000.000) 2025-04-28 07:30:57 Image size of job updated: 4229
	4229  -  MemoryUsage of job (MB)
	4330700  -  ResidentSetSize of job (KB)
...
006 (11799298.001.000) 2025-04-28 07:30:59 Image size of job updated: 3464
	3464  -  MemoryUsage of job (MB)
	3547168  -  ResidentSetSize of job (KB)
...
006 (11799298.002.000) 2025-04-28 07:31:10 Image size of job updated: 4278
	4278  -  MemoryUsage of job (MB)
	4381660  -  ResidentSetSize of job (KB)
...
006 (11799298.003.000) 2025-04-28 07:31:10 Image size of job updated: 4023
	4023  -  MemoryUsage of job (MB)
	4120008  -  ResidentSetSize of job (KB)
...
006 (11799298.004.000) 2025-04-28 07:31:15 Image size of job updated: 3610
	3610  -  MemoryUsage of job (MB)
	3696848  -  ResidentSetSize of job (KB)
...
006 (11799298.000.000) 2025-04-28 07:31:58 Image size of job updated: 4262
	4262  -  MemoryUsage of job (MB)
	4364576  -  ResidentSetSize of job (KB)
...
006 (11799298.001.000) 2025-04-28 07:32:00 Image size of job updated: 3499
	3499  -  MemoryUsage of job (MB)
	3583952  -  ResidentSetSize of job (KB)
...
006 (11799298.002.000) 2025-04-28 07:32:10 Image size of job updated: 4309
	4309  -  MemoryUsage of job (MB)
	4412444  -  ResidentSetSize of job (KB)
...
006 (11799298.003.000) 2025-04-28 07:32:11 Image size of job updated: 4057
	4057  -  MemoryUsage of job (MB)
	4154448  -  ResidentSetSize of job (KB)
...
006 (11799298.004.000) 2025-04-28 07:32:15 Image size of job updated: 3645
	3645  -  MemoryUsage of job (MB)
	3733112  -  ResidentSetSize of job (KB)
...
006 (11799298.000.000) 2025-04-28 07:32:59 Image size of job updated: 4291
	4291  -  MemoryUsage of job (MB)
	4395004  -  ResidentSetSize of job (KB)
...
006 (11799298.001.000) 2025-04-28 07:33:01 Image size of job updated: 3567
	3567  -  MemoryUsage of job (MB)
	3653216  -  ResidentSetSize of job (KB)
...
006 (11799298.002.000) 2025-04-28 07:33:11 Image size of job updated: 4338
	4338  -  MemoryUsage of job (MB)
	4442888  -  ResidentSetSize of job (KB)
...
006 (11799298.003.000) 2025-04-28 07:33:12 Image size of job updated: 4091
	4091  -  MemoryUsage of job (MB)
	4189280  -  ResidentSetSize of job (KB)
...
006 (11799298.004.000) 2025-04-28 07:33:15 Image size of job updated: 3713
	3713  -  MemoryUsage of job (MB)
	3802496  -  ResidentSetSize of job (KB)
...
006 (11799298.000.000) 2025-04-28 07:33:59 Image size of job updated: 4321
	4321  -  MemoryUsage of job (MB)
	4425120  -  ResidentSetSize of job (KB)
...
006 (11799298.001.000) 2025-04-28 07:34:01 Image size of job updated: 3601
	3601  -  MemoryUsage of job (MB)
	3688056  -  ResidentSetSize of job (KB)
...
006 (11799298.003.000) 2025-04-28 07:34:12 Image size of job updated: 4156
	4156  -  MemoryUsage of job (MB)
	4256372  -  ResidentSetSize of job (KB)
...
006 (11799298.002.000) 2025-04-28 07:34:12 Image size of job updated: 4368
	4368  -  MemoryUsage of job (MB)
	4473612  -  ResidentSetSize of job (KB)
...
006 (11799298.004.000) 2025-04-28 07:34:15 Image size of job updated: 3746
	3746  -  MemoryUsage of job (MB)
	3836852  -  ResidentSetSize of job (KB)
...
006 (11799298.000.000) 2025-04-28 07:34:59 Image size of job updated: 4350
	4350  -  MemoryUsage of job (MB)
	4455192  -  ResidentSetSize of job (KB)
...
006 (11799298.001.000) 2025-04-28 07:35:01 Image size of job updated: 3637
	3637  -  MemoryUsage of job (MB)
	3724924  -  ResidentSetSize of job (KB)
...
006 (11799298.003.000) 2025-04-28 07:35:12 Image size of job updated: 4190
	4190  -  MemoryUsage of job (MB)
	4291336  -  ResidentSetSize of job (KB)
...
006 (11799298.002.000) 2025-04-28 07:35:13 Image size of job updated: 4375
	4375  -  MemoryUsage of job (MB)
	4480092  -  ResidentSetSize of job (KB)
...
006 (11799298.004.000) 2025-04-28 07:35:16 Image size of job updated: 3813
	3813  -  MemoryUsage of job (MB)
	3905528  -  ResidentSetSize of job (KB)
...
006 (11799298.000.000) 2025-04-28 07:35:59 Image size of job updated: 4380
	4380  -  MemoryUsage of job (MB)
	4485412  -  ResidentSetSize of job (KB)
...
006 (11799298.001.000) 2025-04-28 07:36:01 Image size of job updated: 3704
	3704  -  MemoryUsage of job (MB)
	3793672  -  ResidentSetSize of job (KB)
...
006 (11799298.003.000) 2025-04-28 07:36:12 Image size of job updated: 4226
	4226  -  MemoryUsage of job (MB)
	4327444  -  ResidentSetSize of job (KB)
...
006 (11799298.002.000) 2025-04-28 07:36:13 Image size of job updated: 4405
	4405  -  MemoryUsage of job (MB)
	4510960  -  ResidentSetSize of job (KB)
...
006 (11799298.004.000) 2025-04-28 07:36:17 Image size of job updated: 3815
	3815  -  MemoryUsage of job (MB)
	3906936  -  ResidentSetSize of job (KB)
...
006 (11799298.000.000) 2025-04-28 07:37:00 Image size of job updated: 4380
	4380  -  MemoryUsage of job (MB)
	4485604  -  ResidentSetSize of job (KB)
...
006 (11799298.001.000) 2025-04-28 07:37:02 Image size of job updated: 3738
	3738  -  MemoryUsage of job (MB)
	3828712  -  ResidentSetSize of job (KB)
...
006 (11799298.002.000) 2025-04-28 07:37:13 Image size of job updated: 4435
	4435  -  MemoryUsage of job (MB)
	4541564  -  ResidentSetSize of job (KB)
...
006 (11799298.003.000) 2025-04-28 07:37:13 Image size of job updated: 4290
	4290  -  MemoryUsage of job (MB)
	4393692  -  ResidentSetSize of job (KB)
...
006 (11799298.004.000) 2025-04-28 07:37:18 Image size of job updated: 3880
	3880  -  MemoryUsage of job (MB)
	3973824  -  ResidentSetSize of job (KB)
...
006 (11799298.000.000) 2025-04-28 07:38:01 Image size of job updated: 4409
	4409  -  MemoryUsage of job (MB)
	4515532  -  ResidentSetSize of job (KB)
...
006 (11799298.001.000) 2025-04-28 07:38:03 Image size of job updated: 3775
	3775  -  MemoryUsage of job (MB)
	3865844  -  ResidentSetSize of job (KB)
...
006 (11799298.002.000) 2025-04-28 07:38:14 Image size of job updated: 4465
	4465  -  MemoryUsage of job (MB)
	4572348  -  ResidentSetSize of job (KB)
...
006 (11799298.003.000) 2025-04-28 07:38:14 Image size of job updated: 4325
	4325  -  MemoryUsage of job (MB)
	4429288  -  ResidentSetSize of job (KB)
...
006 (11799298.004.000) 2025-04-28 07:38:18 Image size of job updated: 3915
	3915  -  MemoryUsage of job (MB)
	4009212  -  ResidentSetSize of job (KB)
...
006 (11799298.000.000) 2025-04-28 07:39:02 Image size of job updated: 4439
	4439  -  MemoryUsage of job (MB)
	4545624  -  ResidentSetSize of job (KB)
...
006 (11799298.001.000) 2025-04-28 07:39:04 Image size of job updated: 3840
	3840  -  MemoryUsage of job (MB)
	3933108  -  ResidentSetSize of job (KB)
...
006 (11799298.002.000) 2025-04-28 07:39:14 Image size of job updated: 4477
	4477  -  MemoryUsage of job (MB)
	4584540  -  ResidentSetSize of job (KB)
...
006 (11799298.003.000) 2025-04-28 07:39:14 Image size of job updated: 4359
	4359  -  MemoryUsage of job (MB)
	4464096  -  ResidentSetSize of job (KB)
...
006 (11799298.004.000) 2025-04-28 07:39:18 Image size of job updated: 3950
	3950  -  MemoryUsage of job (MB)
	4044804  -  ResidentSetSize of job (KB)
...
006 (11799298.001.000) 2025-04-28 07:40:05 Image size of job updated: 3846
	3846  -  MemoryUsage of job (MB)
	3939036  -  ResidentSetSize of job (KB)
...
006 (11799298.002.000) 2025-04-28 07:40:14 Image size of job updated: 4495
	4495  -  MemoryUsage of job (MB)
	4603004  -  ResidentSetSize of job (KB)
...
006 (11799298.003.000) 2025-04-28 07:40:15 Image size of job updated: 4392
	4392  -  MemoryUsage of job (MB)
	4497836  -  ResidentSetSize of job (KB)
...
006 (11799298.004.000) 2025-04-28 07:40:22 Image size of job updated: 3984
	3984  -  MemoryUsage of job (MB)
	4080144  -  ResidentSetSize of job (KB)
...
006 (11799298.000.000) 2025-04-28 07:41:03 Image size of job updated: 4468
	4468  -  MemoryUsage of job (MB)
	4576040  -  ResidentSetSize of job (KB)
...
006 (11799298.001.000) 2025-04-28 07:41:06 Image size of job updated: 3909
	3909  -  MemoryUsage of job (MB)
	4003704  -  ResidentSetSize of job (KB)
...
006 (11799298.003.000) 2025-04-28 07:41:15 Image size of job updated: 4428
	4428  -  MemoryUsage of job (MB)
	4534648  -  ResidentSetSize of job (KB)
...
006 (11799298.002.000) 2025-04-28 07:41:15 Image size of job updated: 4525
	4525  -  MemoryUsage of job (MB)
	4633772  -  ResidentSetSize of job (KB)
...
006 (11799298.004.000) 2025-04-28 07:41:22 Image size of job updated: 4020
	4020  -  MemoryUsage of job (MB)
	4116676  -  ResidentSetSize of job (KB)
...
006 (11799298.000.000) 2025-04-28 07:42:03 Image size of job updated: 4498
	4498  -  MemoryUsage of job (MB)
	4606296  -  ResidentSetSize of job (KB)
...
006 (11799298.001.000) 2025-04-28 07:42:06 Image size of job updated: 3944
	3944  -  MemoryUsage of job (MB)
	4038928  -  ResidentSetSize of job (KB)
...
006 (11799298.002.000) 2025-04-28 07:42:16 Image size of job updated: 4555
	4555  -  MemoryUsage of job (MB)
	4664388  -  ResidentSetSize of job (KB)
...
006 (11799298.003.000) 2025-04-28 07:42:16 Image size of job updated: 4460
	4460  -  MemoryUsage of job (MB)
	4567336  -  ResidentSetSize of job (KB)
...
006 (11799298.004.000) 2025-04-28 07:42:22 Image size of job updated: 4088
	4088  -  MemoryUsage of job (MB)
	4186716  -  ResidentSetSize of job (KB)
...
006 (11799298.000.000) 2025-04-28 07:43:03 Image size of job updated: 4527
	4527  -  MemoryUsage of job (MB)
	4636484  -  ResidentSetSize of job (KB)
...
006 (11799298.001.000) 2025-04-28 07:43:06 Image size of job updated: 3978
	3978  -  MemoryUsage of job (MB)
	4073848  -  ResidentSetSize of job (KB)
...
006 (11799298.002.000) 2025-04-28 07:43:16 Image size of job updated: 4555
	4555  -  MemoryUsage of job (MB)
	4664644  -  ResidentSetSize of job (KB)
...
006 (11799298.004.000) 2025-04-28 07:43:23 Image size of job updated: 4122
	4122  -  MemoryUsage of job (MB)
	4221596  -  ResidentSetSize of job (KB)
...
006 (11799298.001.000) 2025-04-28 07:44:06 Image size of job updated: 4043
	4043  -  MemoryUsage of job (MB)
	4140532  -  ResidentSetSize of job (KB)
...
006 (11799298.004.000) 2025-04-28 07:44:24 Image size of job updated: 4156
	4156  -  MemoryUsage of job (MB)
	4256736  -  ResidentSetSize of job (KB)
...
006 (11799298.001.000) 2025-04-28 07:45:07 Image size of job updated: 4077
	4077  -  MemoryUsage of job (MB)
	4175140  -  ResidentSetSize of job (KB)
...
006 (11799298.003.000) 2025-04-28 07:45:17 Image size of job updated: 4465
	4465  -  MemoryUsage of job (MB)
	4573156  -  ResidentSetSize of job (KB)
...
006 (11799298.004.000) 2025-04-28 07:45:25 Image size of job updated: 4166
	4166  -  MemoryUsage of job (MB)
	4266216  -  ResidentSetSize of job (KB)
...
006 (11799298.001.000) 2025-04-28 07:46:08 Image size of job updated: 4112
	4112  -  MemoryUsage of job (MB)
	4211400  -  ResidentSetSize of job (KB)
...
006 (11799298.003.000) 2025-04-28 07:46:17 Image size of job updated: 4498
	4498  -  MemoryUsage of job (MB)
	4606808  -  ResidentSetSize of job (KB)
...
006 (11799298.002.000) 2025-04-28 07:46:18 Image size of job updated: 4560
	4560  -  MemoryUsage of job (MB)
	4669440  -  ResidentSetSize of job (KB)
...
006 (11799298.001.000) 2025-04-28 07:47:09 Image size of job updated: 4179
	4179  -  MemoryUsage of job (MB)
	4280060  -  ResidentSetSize of job (KB)
...
006 (11799298.003.000) 2025-04-28 07:47:18 Image size of job updated: 4532
	4532  -  MemoryUsage of job (MB)
	4641336  -  ResidentSetSize of job (KB)
...
006 (11799298.002.000) 2025-04-28 07:47:19 Image size of job updated: 4589
	4589  -  MemoryUsage of job (MB)
	4699824  -  ResidentSetSize of job (KB)
...
006 (11799298.001.000) 2025-04-28 07:48:09 Image size of job updated: 4214
	4214  -  MemoryUsage of job (MB)
	4315264  -  ResidentSetSize of job (KB)
...
006 (11799298.003.000) 2025-04-28 07:48:19 Image size of job updated: 4596
	4596  -  MemoryUsage of job (MB)
	4707292  -  ResidentSetSize of job (KB)
...
006 (11799298.002.000) 2025-04-28 07:48:19 Image size of job updated: 4589
	4589  -  MemoryUsage of job (MB)
	4700104  -  ResidentSetSize of job (KB)
...
006 (11799298.001.000) 2025-04-28 07:49:09 Image size of job updated: 4250
	4250  -  MemoryUsage of job (MB)
	4352152  -  ResidentSetSize of job (KB)
...
006 (11799298.003.000) 2025-04-28 07:49:19 Image size of job updated: 4630
	4630  -  MemoryUsage of job (MB)
	4741644  -  ResidentSetSize of job (KB)
...
006 (11799298.002.000) 2025-04-28 07:49:19 Image size of job updated: 4619
	4619  -  MemoryUsage of job (MB)
	4730812  -  ResidentSetSize of job (KB)
...
006 (11799298.004.000) 2025-04-28 07:49:26 Image size of job updated: 4227
	4227  -  MemoryUsage of job (MB)
	4328448  -  ResidentSetSize of job (KB)
...
006 (11799298.000.000) 2025-04-28 07:50:06 Image size of job updated: 4546
	4546  -  MemoryUsage of job (MB)
	4655220  -  ResidentSetSize of job (KB)
...
006 (11799298.001.000) 2025-04-28 07:50:09 Image size of job updated: 4317
	4317  -  MemoryUsage of job (MB)
	4420920  -  ResidentSetSize of job (KB)
...
006 (11799298.003.000) 2025-04-28 07:50:19 Image size of job updated: 4665
	4665  -  MemoryUsage of job (MB)
	4777068  -  ResidentSetSize of job (KB)
...
006 (11799298.002.000) 2025-04-28 07:50:19 Image size of job updated: 4649
	4649  -  MemoryUsage of job (MB)
	4761368  -  ResidentSetSize of job (KB)
...
006 (11799298.004.000) 2025-04-28 07:50:27 Image size of job updated: 4261
	4261  -  MemoryUsage of job (MB)
	4363324  -  ResidentSetSize of job (KB)
...
006 (11799298.000.000) 2025-04-28 07:51:07 Image size of job updated: 4548
	4548  -  MemoryUsage of job (MB)
	4657872  -  ResidentSetSize of job (KB)
...
006 (11799298.001.000) 2025-04-28 07:51:10 Image size of job updated: 4353
	4353  -  MemoryUsage of job (MB)
	4457628  -  ResidentSetSize of job (KB)
...
006 (11799298.003.000) 2025-04-28 07:51:19 Image size of job updated: 4730
	4730  -  MemoryUsage of job (MB)
	4843656  -  ResidentSetSize of job (KB)
...
006 (11799298.002.000) 2025-04-28 07:51:20 Image size of job updated: 4679
	4679  -  MemoryUsage of job (MB)
	4792068  -  ResidentSetSize of job (KB)
...
006 (11799298.004.000) 2025-04-28 07:51:27 Image size of job updated: 4308
	4308  -  MemoryUsage of job (MB)
	4411816  -  ResidentSetSize of job (KB)
...
006 (11799298.000.000) 2025-04-28 07:52:08 Image size of job updated: 4578
	4578  -  MemoryUsage of job (MB)
	4687932  -  ResidentSetSize of job (KB)
...
006 (11799298.001.000) 2025-04-28 07:52:11 Image size of job updated: 4419
	4419  -  MemoryUsage of job (MB)
	4526036  -  ResidentSetSize of job (KB)
...
006 (11799298.003.000) 2025-04-28 07:52:20 Image size of job updated: 4763
	4763  -  MemoryUsage of job (MB)
	4877748  -  ResidentSetSize of job (KB)
...
006 (11799298.002.000) 2025-04-28 07:52:21 Image size of job updated: 4709
	4709  -  MemoryUsage of job (MB)
	4822640  -  ResidentSetSize of job (KB)
...
006 (11799298.004.000) 2025-04-28 07:52:27 Image size of job updated: 4368
	4368  -  MemoryUsage of job (MB)
	4473324  -  ResidentSetSize of job (KB)
...
006 (11799298.000.000) 2025-04-28 07:53:09 Image size of job updated: 4607
	4607  -  MemoryUsage of job (MB)
	4718308  -  ResidentSetSize of job (KB)
...
006 (11799298.001.000) 2025-04-28 07:53:12 Image size of job updated: 4454
	4454  -  MemoryUsage of job (MB)
	4561320  -  ResidentSetSize of job (KB)
...
006 (11799298.003.000) 2025-04-28 07:53:21 Image size of job updated: 4797
	4797  -  MemoryUsage of job (MB)
	4912256  -  ResidentSetSize of job (KB)
...
006 (11799298.002.000) 2025-04-28 07:53:22 Image size of job updated: 4739
	4739  -  MemoryUsage of job (MB)
	4853148  -  ResidentSetSize of job (KB)
...
006 (11799298.004.000) 2025-04-28 07:53:27 Image size of job updated: 4402
	4402  -  MemoryUsage of job (MB)
	4508092  -  ResidentSetSize of job (KB)
...
006 (11799298.000.000) 2025-04-28 07:54:09 Image size of job updated: 4637
	4637  -  MemoryUsage of job (MB)
	4748600  -  ResidentSetSize of job (KB)
...
006 (11799298.001.000) 2025-04-28 07:54:12 Image size of job updated: 4489
	4489  -  MemoryUsage of job (MB)
	4597688  -  ResidentSetSize of job (KB)
...
006 (11799298.003.000) 2025-04-28 07:54:21 Image size of job updated: 4862
	4862  -  MemoryUsage of job (MB)
	4979132  -  ResidentSetSize of job (KB)
...
006 (11799298.002.000) 2025-04-28 07:54:22 Image size of job updated: 4739
	4739  -  MemoryUsage of job (MB)
	4853280  -  ResidentSetSize of job (KB)
...
006 (11799298.004.000) 2025-04-28 07:54:28 Image size of job updated: 4468
	4468  -  MemoryUsage of job (MB)
	4576172  -  ResidentSetSize of job (KB)
...
006 (11799298.000.000) 2025-04-28 07:55:09 Image size of job updated: 4666
	4666  -  MemoryUsage of job (MB)
	4778600  -  ResidentSetSize of job (KB)
...
006 (11799298.001.000) 2025-04-28 07:55:12 Image size of job updated: 4557
	4557  -  MemoryUsage of job (MB)
	4666592  -  ResidentSetSize of job (KB)
...
006 (11799298.003.000) 2025-04-28 07:55:21 Image size of job updated: 4895
	4895  -  MemoryUsage of job (MB)
	5012624  -  ResidentSetSize of job (KB)
...
006 (11799298.002.000) 2025-04-28 07:55:22 Image size of job updated: 4769
	4769  -  MemoryUsage of job (MB)
	4883852  -  ResidentSetSize of job (KB)
...
006 (11799298.004.000) 2025-04-28 07:55:29 Image size of job updated: 4503
	4503  -  MemoryUsage of job (MB)
	4611564  -  ResidentSetSize of job (KB)
...
006 (11799298.000.000) 2025-04-28 07:56:09 Image size of job updated: 4666
	4666  -  MemoryUsage of job (MB)
	4778760  -  ResidentSetSize of job (KB)
...
006 (11799298.001.000) 2025-04-28 07:56:12 Image size of job updated: 4591
	4591  -  MemoryUsage of job (MB)
	4701624  -  ResidentSetSize of job (KB)
...
006 (11799298.003.000) 2025-04-28 07:56:21 Image size of job updated: 4928
	4928  -  MemoryUsage of job (MB)
	5046980  -  ResidentSetSize of job (KB)
...
006 (11799298.002.000) 2025-04-28 07:56:23 Image size of job updated: 4799
	4799  -  MemoryUsage of job (MB)
	4914340  -  ResidentSetSize of job (KB)
...
006 (11799298.004.000) 2025-04-28 07:56:30 Image size of job updated: 4537
	4537  -  MemoryUsage of job (MB)
	4646496  -  ResidentSetSize of job (KB)
...
006 (11799298.000.000) 2025-04-28 07:57:10 Image size of job updated: 4696
	4696  -  MemoryUsage of job (MB)
	4808944  -  ResidentSetSize of job (KB)
...
006 (11799298.001.000) 2025-04-28 07:57:13 Image size of job updated: 4625
	4625  -  MemoryUsage of job (MB)
	4736912  -  ResidentSetSize of job (KB)
...
006 (11799298.003.000) 2025-04-28 07:57:22 Image size of job updated: 4993
	4993  -  MemoryUsage of job (MB)
	5113260  -  ResidentSetSize of job (KB)
...
006 (11799298.002.000) 2025-04-28 07:57:24 Image size of job updated: 4829
	4829  -  MemoryUsage of job (MB)
	4945068  -  ResidentSetSize of job (KB)
...
006 (11799298.004.000) 2025-04-28 07:57:30 Image size of job updated: 4572
	4572  -  MemoryUsage of job (MB)
	4681876  -  ResidentSetSize of job (KB)
...
006 (11799298.000.000) 2025-04-28 07:58:11 Image size of job updated: 4725
	4725  -  MemoryUsage of job (MB)
	4839160  -  ResidentSetSize of job (KB)
...
006 (11799298.001.000) 2025-04-28 07:58:14 Image size of job updated: 4694
	4694  -  MemoryUsage of job (MB)
	4806704  -  ResidentSetSize of job (KB)
...
006 (11799298.003.000) 2025-04-28 07:58:23 Image size of job updated: 5026
	5026  -  MemoryUsage of job (MB)
	5147384  -  ResidentSetSize of job (KB)
...
006 (11799298.002.000) 2025-04-28 07:58:25 Image size of job updated: 4859
	4859  -  MemoryUsage of job (MB)
	4975640  -  ResidentSetSize of job (KB)
...
006 (11799298.004.000) 2025-04-28 07:58:30 Image size of job updated: 4633
	4633  -  MemoryUsage of job (MB)
	4744220  -  ResidentSetSize of job (KB)
...
006 (11799298.000.000) 2025-04-28 07:59:12 Image size of job updated: 4751
	4751  -  MemoryUsage of job (MB)
	4865696  -  ResidentSetSize of job (KB)
...
006 (11799298.001.000) 2025-04-28 07:59:15 Image size of job updated: 4728
	4728  -  MemoryUsage of job (MB)
	4841892  -  ResidentSetSize of job (KB)
...
006 (11799298.003.000) 2025-04-28 07:59:24 Image size of job updated: 5060
	5060  -  MemoryUsage of job (MB)
	5182004  -  ResidentSetSize of job (KB)
...
006 (11799298.004.000) 2025-04-28 07:59:31 Image size of job updated: 4665
	4665  -  MemoryUsage of job (MB)
	4777652  -  ResidentSetSize of job (KB)
...
006 (11799298.000.000) 2025-04-28 08:00:12 Image size of job updated: 4752
	4752  -  MemoryUsage of job (MB)
	4866080  -  ResidentSetSize of job (KB)
...
006 (11799298.001.000) 2025-04-28 08:00:15 Image size of job updated: 4762
	4762  -  MemoryUsage of job (MB)
	4876604  -  ResidentSetSize of job (KB)
...
006 (11799298.002.000) 2025-04-28 08:00:25 Image size of job updated: 4885
	4885  -  MemoryUsage of job (MB)
	5002940  -  ResidentSetSize of job (KB)
...
006 (11799298.003.000) 2025-04-28 08:00:25 Image size of job updated: 5124
	5124  -  MemoryUsage of job (MB)
	5247484  -  ResidentSetSize of job (KB)
...
006 (11799298.004.000) 2025-04-28 08:00:32 Image size of job updated: 4699
	4699  -  MemoryUsage of job (MB)
	4812680  -  ResidentSetSize of job (KB)
...
006 (11799298.000.000) 2025-04-28 08:01:13 Image size of job updated: 4781
	4781  -  MemoryUsage of job (MB)
	4896368  -  ResidentSetSize of job (KB)
...
006 (11799298.001.000) 2025-04-28 08:01:16 Image size of job updated: 4796
	4796  -  MemoryUsage of job (MB)
	4911224  -  ResidentSetSize of job (KB)
...
006 (11799298.002.000) 2025-04-28 08:01:26 Image size of job updated: 4915
	4915  -  MemoryUsage of job (MB)
	5033620  -  ResidentSetSize of job (KB)
...
006 (11799298.003.000) 2025-04-28 08:01:26 Image size of job updated: 5159
	5159  -  MemoryUsage of job (MB)
	5283128  -  ResidentSetSize of job (KB)
...
006 (11799298.004.000) 2025-04-28 08:01:32 Image size of job updated: 4734
	4734  -  MemoryUsage of job (MB)
	4847900  -  ResidentSetSize of job (KB)
...
006 (11799298.000.000) 2025-04-28 08:02:14 Image size of job updated: 4810
	4810  -  MemoryUsage of job (MB)
	4926392  -  ResidentSetSize of job (KB)
...
006 (11799298.001.000) 2025-04-28 08:02:17 Image size of job updated: 4831
	4831  -  MemoryUsage of job (MB)
	4947092  -  ResidentSetSize of job (KB)
...
006 (11799298.002.000) 2025-04-28 08:02:27 Image size of job updated: 4915
	4915  -  MemoryUsage of job (MB)
	5033692  -  ResidentSetSize of job (KB)
...
006 (11799298.003.000) 2025-04-28 08:02:27 Image size of job updated: 5192
	5192  -  MemoryUsage of job (MB)
	5316892  -  ResidentSetSize of job (KB)
...
006 (11799298.004.000) 2025-04-28 08:02:33 Image size of job updated: 4769
	4769  -  MemoryUsage of job (MB)
	4883604  -  ResidentSetSize of job (KB)
...
006 (11799298.000.000) 2025-04-28 08:03:14 Image size of job updated: 4811
	4811  -  MemoryUsage of job (MB)
	4926508  -  ResidentSetSize of job (KB)
...
006 (11799298.001.000) 2025-04-28 08:03:17 Image size of job updated: 4866
	4866  -  MemoryUsage of job (MB)
	4983512  -  ResidentSetSize of job (KB)
...
006 (11799298.003.000) 2025-04-28 08:03:27 Image size of job updated: 5225
	5225  -  MemoryUsage of job (MB)
	5351204  -  ResidentSetSize of job (KB)
...
006 (11799298.002.000) 2025-04-28 08:03:28 Image size of job updated: 4945
	4945  -  MemoryUsage of job (MB)
	5064256  -  ResidentSetSize of job (KB)
...
006 (11799298.004.000) 2025-04-28 08:03:34 Image size of job updated: 4804
	4804  -  MemoryUsage of job (MB)
	4919616  -  ResidentSetSize of job (KB)
...
006 (11799298.000.000) 2025-04-28 08:04:14 Image size of job updated: 4840
	4840  -  MemoryUsage of job (MB)
	4956604  -  ResidentSetSize of job (KB)
...
006 (11799298.001.000) 2025-04-28 08:04:17 Image size of job updated: 4901
	4901  -  MemoryUsage of job (MB)
	5018732  -  ResidentSetSize of job (KB)
...
006 (11799298.003.000) 2025-04-28 08:04:27 Image size of job updated: 5260
	5260  -  MemoryUsage of job (MB)
	5387108  -  ResidentSetSize of job (KB)
...
006 (11799298.002.000) 2025-04-28 08:04:28 Image size of job updated: 4975
	4975  -  MemoryUsage of job (MB)
	5094876  -  ResidentSetSize of job (KB)
...
006 (11799298.004.000) 2025-04-28 08:04:35 Image size of job updated: 4871
	4871  -  MemoryUsage of job (MB)
	4988072  -  ResidentSetSize of job (KB)
...
006 (11799298.000.000) 2025-04-28 08:05:14 Image size of job updated: 4869
	4869  -  MemoryUsage of job (MB)
	4986688  -  ResidentSetSize of job (KB)
...
006 (11799298.001.000) 2025-04-28 08:05:17 Image size of job updated: 4968
	4968  -  MemoryUsage of job (MB)
	5087684  -  ResidentSetSize of job (KB)
...
006 (11799298.003.000) 2025-04-28 08:05:28 Image size of job updated: 5326
	5326  -  MemoryUsage of job (MB)
	5454608  -  ResidentSetSize of job (KB)
...
006 (11799298.004.000) 2025-04-28 08:05:36 Image size of job updated: 4903
	4903  -  MemoryUsage of job (MB)
	5021568  -  ResidentSetSize of job (KB)
...
006 (11799298.000.000) 2025-04-28 08:06:15 Image size of job updated: 4883
	4883  -  MemoryUsage of job (MB)
	5000880  -  ResidentSetSize of job (KB)
...
006 (11799298.001.000) 2025-04-28 08:06:18 Image size of job updated: 5003
	5003  -  MemoryUsage of job (MB)
	5123748  -  ResidentSetSize of job (KB)
...
006 (11799298.002.000) 2025-04-28 08:06:28 Image size of job updated: 5002
	5002  -  MemoryUsage of job (MB)
	5123048  -  ResidentSetSize of job (KB)
...
006 (11799298.003.000) 2025-04-28 08:06:29 Image size of job updated: 5354
	5354  -  MemoryUsage of job (MB)
	5483488  -  ResidentSetSize of job (KB)
...
006 (11799298.004.000) 2025-04-28 08:06:37 Image size of job updated: 4932
	4932  -  MemoryUsage of job (MB)
	5050560  -  ResidentSetSize of job (KB)
...
006 (11799298.000.000) 2025-04-28 08:07:16 Image size of job updated: 4893
	4893  -  MemoryUsage of job (MB)
	5010792  -  ResidentSetSize of job (KB)
...
006 (11799298.001.000) 2025-04-28 08:07:18 Image size of job updated: 5039
	5039  -  MemoryUsage of job (MB)
	5160192  -  ResidentSetSize of job (KB)
...
006 (11799298.002.000) 2025-04-28 08:07:28 Image size of job updated: 5032
	5032  -  MemoryUsage of job (MB)
	5153684  -  ResidentSetSize of job (KB)
...
006 (11799298.003.000) 2025-04-28 08:07:30 Image size of job updated: 5388
	5388  -  MemoryUsage of job (MB)
	5518324  -  ResidentSetSize of job (KB)
...
006 (11799298.004.000) 2025-04-28 08:07:38 Image size of job updated: 4997
	4997  -  MemoryUsage of job (MB)
	5117340  -  ResidentSetSize of job (KB)
...
006 (11799298.000.000) 2025-04-28 08:08:16 Image size of job updated: 4923
	4923  -  MemoryUsage of job (MB)
	5041248  -  ResidentSetSize of job (KB)
...
006 (11799298.001.000) 2025-04-28 08:08:18 Image size of job updated: 5106
	5106  -  MemoryUsage of job (MB)
	5229544  -  ResidentSetSize of job (KB)
...
006 (11799298.002.000) 2025-04-28 08:08:28 Image size of job updated: 5062
	5062  -  MemoryUsage of job (MB)
	5184304  -  ResidentSetSize of job (KB)
...
006 (11799298.003.000) 2025-04-28 08:08:31 Image size of job updated: 5461
	5461  -  MemoryUsage of job (MB)
	5592688  -  ResidentSetSize of job (KB)
...
006 (11799298.004.000) 2025-04-28 08:08:39 Image size of job updated: 5030
	5030  -  MemoryUsage of job (MB)
	5150992  -  ResidentSetSize of job (KB)
...
006 (11799298.000.000) 2025-04-28 08:09:17 Image size of job updated: 4952
	4952  -  MemoryUsage of job (MB)
	5071160  -  ResidentSetSize of job (KB)
...
006 (11799298.001.000) 2025-04-28 08:09:19 Image size of job updated: 5141
	5141  -  MemoryUsage of job (MB)
	5264932  -  ResidentSetSize of job (KB)
...
006 (11799298.002.000) 2025-04-28 08:09:28 Image size of job updated: 5062
	5062  -  MemoryUsage of job (MB)
	5184364  -  ResidentSetSize of job (KB)
...
006 (11799298.003.000) 2025-04-28 08:09:32 Image size of job updated: 5496
	5496  -  MemoryUsage of job (MB)
	5628064  -  ResidentSetSize of job (KB)
...
006 (11799298.004.000) 2025-04-28 08:09:40 Image size of job updated: 5063
	5063  -  MemoryUsage of job (MB)
	5184900  -  ResidentSetSize of job (KB)
...
006 (11799298.000.000) 2025-04-28 08:10:17 Image size of job updated: 4981
	4981  -  MemoryUsage of job (MB)
	5101476  -  ResidentSetSize of job (KB)
...
006 (11799298.001.000) 2025-04-28 08:10:19 Image size of job updated: 5182
	5182  -  MemoryUsage of job (MB)
	5306676  -  ResidentSetSize of job (KB)
...
006 (11799298.002.000) 2025-04-28 08:10:29 Image size of job updated: 5096
	5096  -  MemoryUsage of job (MB)
	5219272  -  ResidentSetSize of job (KB)
...
006 (11799298.003.000) 2025-04-28 08:10:33 Image size of job updated: 5531
	5531  -  MemoryUsage of job (MB)
	5664720  -  ResidentSetSize of job (KB)
...
006 (11799298.004.000) 2025-04-28 08:10:40 Image size of job updated: 5102
	5102  -  MemoryUsage of job (MB)
	5224812  -  ResidentSetSize of job (KB)
...
006 (11799298.000.000) 2025-04-28 08:11:17 Image size of job updated: 4982
	4982  -  MemoryUsage of job (MB)
	5101696  -  ResidentSetSize of job (KB)
...
006 (11799298.001.000) 2025-04-28 08:11:20 Image size of job updated: 5217
	5217  -  MemoryUsage of job (MB)
	5342392  -  ResidentSetSize of job (KB)
...
006 (11799298.002.000) 2025-04-28 08:11:30 Image size of job updated: 5126
	5126  -  MemoryUsage of job (MB)
	5250008  -  ResidentSetSize of job (KB)
...
006 (11799298.003.000) 2025-04-28 08:11:34 Image size of job updated: 5597
	5597  -  MemoryUsage of job (MB)
	5732308  -  ResidentSetSize of job (KB)
...
006 (11799298.004.000) 2025-04-28 08:11:40 Image size of job updated: 5166
	5166  -  MemoryUsage of job (MB)
	5290532  -  ResidentSetSize of job (KB)
...
006 (11799298.000.000) 2025-04-28 08:12:18 Image size of job updated: 5011
	5011  -  MemoryUsage of job (MB)
	5131760  -  ResidentSetSize of job (KB)
...
006 (11799298.001.000) 2025-04-28 08:12:21 Image size of job updated: 5284
	5284  -  MemoryUsage of job (MB)
	5411824  -  ResidentSetSize of job (KB)
...
006 (11799298.002.000) 2025-04-28 08:12:31 Image size of job updated: 5156
	5156  -  MemoryUsage of job (MB)
	5280400  -  ResidentSetSize of job (KB)
...
006 (11799298.003.000) 2025-04-28 08:12:35 Image size of job updated: 5632
	5632  -  MemoryUsage of job (MB)
	5767512  -  ResidentSetSize of job (KB)
...
006 (11799298.004.000) 2025-04-28 08:12:40 Image size of job updated: 5199
	5199  -  MemoryUsage of job (MB)
	5324348  -  ResidentSetSize of job (KB)
...
006 (11799298.000.000) 2025-04-28 08:13:18 Image size of job updated: 5040
	5040  -  MemoryUsage of job (MB)
	5161964  -  ResidentSetSize of job (KB)
...
006 (11799298.001.000) 2025-04-28 08:13:21 Image size of job updated: 5319
	5319  -  MemoryUsage of job (MB)
	5446748  -  ResidentSetSize of job (KB)
...
006 (11799298.002.000) 2025-04-28 08:13:32 Image size of job updated: 5186
	5186  -  MemoryUsage of job (MB)
	5310728  -  ResidentSetSize of job (KB)
...
006 (11799298.003.000) 2025-04-28 08:13:36 Image size of job updated: 5667
	5667  -  MemoryUsage of job (MB)
	5803348  -  ResidentSetSize of job (KB)
...
006 (11799298.004.000) 2025-04-28 08:13:40 Image size of job updated: 5232
	5232  -  MemoryUsage of job (MB)
	5358024  -  ResidentSetSize of job (KB)
...
006 (11799298.000.000) 2025-04-28 08:14:19 Image size of job updated: 5041
	5041  -  MemoryUsage of job (MB)
	5162144  -  ResidentSetSize of job (KB)
...
006 (11799298.001.000) 2025-04-28 08:14:22 Image size of job updated: 5353
	5353  -  MemoryUsage of job (MB)
	5481984  -  ResidentSetSize of job (KB)
...
006 (11799298.002.000) 2025-04-28 08:14:33 Image size of job updated: 5186
	5186  -  MemoryUsage of job (MB)
	5311204  -  ResidentSetSize of job (KB)
...
006 (11799298.003.000) 2025-04-28 08:14:37 Image size of job updated: 5733
	5733  -  MemoryUsage of job (MB)
	5871096  -  ResidentSetSize of job (KB)
...
006 (11799298.004.000) 2025-04-28 08:14:40 Image size of job updated: 5298
	5298  -  MemoryUsage of job (MB)
	5425572  -  ResidentSetSize of job (KB)
...
006 (11799298.000.000) 2025-04-28 08:15:20 Image size of job updated: 5070
	5070  -  MemoryUsage of job (MB)
	5192456  -  ResidentSetSize of job (KB)
...
006 (11799298.001.000) 2025-04-28 08:15:23 Image size of job updated: 5388
	5388  -  MemoryUsage of job (MB)
	5517564  -  ResidentSetSize of job (KB)
...
006 (11799298.002.000) 2025-04-28 08:15:35 Image size of job updated: 5216
	5216  -  MemoryUsage of job (MB)
	5341836  -  ResidentSetSize of job (KB)
...
006 (11799298.003.000) 2025-04-28 08:15:38 Image size of job updated: 5766
	5766  -  MemoryUsage of job (MB)
	5905392  -  ResidentSetSize of job (KB)
...
006 (11799298.004.000) 2025-04-28 08:15:40 Image size of job updated: 5331
	5331  -  MemoryUsage of job (MB)
	5458992  -  ResidentSetSize of job (KB)
...
006 (11799298.000.000) 2025-04-28 08:16:20 Image size of job updated: 5100
	5100  -  MemoryUsage of job (MB)
	5222580  -  ResidentSetSize of job (KB)
...
006 (11799298.001.000) 2025-04-28 08:16:23 Image size of job updated: 5423
	5423  -  MemoryUsage of job (MB)
	5553832  -  ResidentSetSize of job (KB)
...
006 (11799298.002.000) 2025-04-28 08:16:35 Image size of job updated: 5246
	5246  -  MemoryUsage of job (MB)
	5372500  -  ResidentSetSize of job (KB)
...
006 (11799298.003.000) 2025-04-28 08:16:40 Image size of job updated: 5802
	5802  -  MemoryUsage of job (MB)
	5941768  -  ResidentSetSize of job (KB)
...
006 (11799298.004.000) 2025-04-28 08:16:41 Image size of job updated: 5363
	5363  -  MemoryUsage of job (MB)
	5492160  -  ResidentSetSize of job (KB)
...
006 (11799298.000.000) 2025-04-28 08:17:22 Image size of job updated: 5129
	5129  -  MemoryUsage of job (MB)
	5252796  -  ResidentSetSize of job (KB)
...
006 (11799298.001.000) 2025-04-28 08:17:25 Image size of job updated: 5458
	5458  -  MemoryUsage of job (MB)
	5589528  -  ResidentSetSize of job (KB)
...
006 (11799298.002.000) 2025-04-28 08:17:36 Image size of job updated: 5276
	5276  -  MemoryUsage of job (MB)
	5403260  -  ResidentSetSize of job (KB)
...
006 (11799298.003.000) 2025-04-28 08:17:41 Image size of job updated: 5869
	5869  -  MemoryUsage of job (MB)
	6010848  -  ResidentSetSize of job (KB)
...
006 (11799298.004.000) 2025-04-28 08:17:42 Image size of job updated: 5429
	5429  -  MemoryUsage of job (MB)
	5559296  -  ResidentSetSize of job (KB)
...
006 (11799298.000.000) 2025-04-28 08:18:22 Image size of job updated: 5129
	5129  -  MemoryUsage of job (MB)
	5253024  -  ResidentSetSize of job (KB)
...
006 (11799298.001.000) 2025-04-28 08:18:25 Image size of job updated: 5492
	5492  -  MemoryUsage of job (MB)
	5624544  -  ResidentSetSize of job (KB)
...
006 (11799298.002.000) 2025-04-28 08:18:37 Image size of job updated: 5309
	5309  -  MemoryUsage of job (MB)
	5436624  -  ResidentSetSize of job (KB)
...
006 (11799298.003.000) 2025-04-28 08:18:41 Image size of job updated: 5904
	5904  -  MemoryUsage of job (MB)
	6046244  -  ResidentSetSize of job (KB)
...
006 (11799298.004.000) 2025-04-28 08:18:43 Image size of job updated: 5461
	5461  -  MemoryUsage of job (MB)
	5592940  -  ResidentSetSize of job (KB)
...
006 (11799298.000.000) 2025-04-28 08:19:22 Image size of job updated: 5159
	5159  -  MemoryUsage of job (MB)
	5282936  -  ResidentSetSize of job (KB)
...
006 (11799298.001.000) 2025-04-28 08:19:25 Image size of job updated: 5527
	5527  -  MemoryUsage of job (MB)
	5659716  -  ResidentSetSize of job (KB)
...
006 (11799298.002.000) 2025-04-28 08:19:38 Image size of job updated: 5342
	5342  -  MemoryUsage of job (MB)
	5470856  -  ResidentSetSize of job (KB)
...
006 (11799298.003.000) 2025-04-28 08:19:42 Image size of job updated: 5939
	5939  -  MemoryUsage of job (MB)
	6082468  -  ResidentSetSize of job (KB)
...
006 (11799298.004.000) 2025-04-28 08:19:45 Image size of job updated: 5495
	5495  -  MemoryUsage of job (MB)
	5627044  -  ResidentSetSize of job (KB)
...
006 (11799298.000.000) 2025-04-28 08:20:23 Image size of job updated: 5188
	5188  -  MemoryUsage of job (MB)
	5313264  -  ResidentSetSize of job (KB)
...
006 (11799298.001.000) 2025-04-28 08:20:26 Image size of job updated: 5561
	5561  -  MemoryUsage of job (MB)
	5695216  -  ResidentSetSize of job (KB)
...
006 (11799298.002.000) 2025-04-28 08:20:39 Image size of job updated: 5376
	5376  -  MemoryUsage of job (MB)
	5505324  -  ResidentSetSize of job (KB)
...
006 (11799298.003.000) 2025-04-28 08:20:42 Image size of job updated: 5974
	5974  -  MemoryUsage of job (MB)
	6117932  -  ResidentSetSize of job (KB)
...
006 (11799298.004.000) 2025-04-28 08:20:45 Image size of job updated: 5528
	5528  -  MemoryUsage of job (MB)
	5660784  -  ResidentSetSize of job (KB)
...
006 (11799298.001.000) 2025-04-28 08:21:26 Image size of job updated: 5596
	5596  -  MemoryUsage of job (MB)
	5730316  -  ResidentSetSize of job (KB)
...
006 (11799298.002.000) 2025-04-28 08:21:39 Image size of job updated: 5409
	5409  -  MemoryUsage of job (MB)
	5539780  -  ResidentSetSize of job (KB)
...
006 (11799298.003.000) 2025-04-28 08:21:43 Image size of job updated: 6039
	6039  -  MemoryUsage of job (MB)
	6184068  -  ResidentSetSize of job (KB)
...
006 (11799298.004.000) 2025-04-28 08:21:45 Image size of job updated: 5561
	5561  -  MemoryUsage of job (MB)
	5694800  -  ResidentSetSize of job (KB)
...
006 (11799298.000.000) 2025-04-28 08:22:24 Image size of job updated: 5218
	5218  -  MemoryUsage of job (MB)
	5343564  -  ResidentSetSize of job (KB)
...
006 (11799298.001.000) 2025-04-28 08:22:27 Image size of job updated: 5634
	5634  -  MemoryUsage of job (MB)
	5769536  -  ResidentSetSize of job (KB)
...
006 (11799298.002.000) 2025-04-28 08:22:39 Image size of job updated: 5411
	5411  -  MemoryUsage of job (MB)
	5541264  -  ResidentSetSize of job (KB)
...
006 (11799298.003.000) 2025-04-28 08:22:43 Image size of job updated: 6072
	6072  -  MemoryUsage of job (MB)
	6218120  -  ResidentSetSize of job (KB)
...
006 (11799298.004.000) 2025-04-28 08:22:45 Image size of job updated: 5626
	5626  -  MemoryUsage of job (MB)
	5761752  -  ResidentSetSize of job (KB)
...
006 (11799298.000.000) 2025-04-28 08:23:24 Image size of job updated: 5248
	5248  -  MemoryUsage of job (MB)
	5373964  -  ResidentSetSize of job (KB)
...
006 (11799298.001.000) 2025-04-28 08:23:27 Image size of job updated: 5697
	5697  -  MemoryUsage of job (MB)
	5834120  -  ResidentSetSize of job (KB)
...
006 (11799298.002.000) 2025-04-28 08:23:40 Image size of job updated: 5444
	5444  -  MemoryUsage of job (MB)
	5574836  -  ResidentSetSize of job (KB)
...
006 (11799298.003.000) 2025-04-28 08:23:44 Image size of job updated: 6105
	6105  -  MemoryUsage of job (MB)
	6252188  -  ResidentSetSize of job (KB)
...
006 (11799298.004.000) 2025-04-28 08:23:46 Image size of job updated: 5659
	5659  -  MemoryUsage of job (MB)
	5795244  -  ResidentSetSize of job (KB)
...
006 (11799298.000.000) 2025-04-28 08:24:24 Image size of job updated: 5255
	5255  -  MemoryUsage of job (MB)
	5381384  -  ResidentSetSize of job (KB)
...
006 (11799298.001.000) 2025-04-28 08:24:27 Image size of job updated: 5731
	5731  -  MemoryUsage of job (MB)
	5869272  -  ResidentSetSize of job (KB)
...
006 (11799298.002.000) 2025-04-28 08:24:41 Image size of job updated: 5477
	5477  -  MemoryUsage of job (MB)
	5608864  -  ResidentSetSize of job (KB)
...
006 (11799298.003.000) 2025-04-28 08:24:45 Image size of job updated: 6139
	6139  -  MemoryUsage of job (MB)
	6286912  -  ResidentSetSize of job (KB)
...
006 (11799298.004.000) 2025-04-28 08:24:47 Image size of job updated: 5692
	5692  -  MemoryUsage of job (MB)
	5829124  -  ResidentSetSize of job (KB)
...
006 (11799298.000.000) 2025-04-28 08:25:25 Image size of job updated: 5280
	5280  -  MemoryUsage of job (MB)
	5407672  -  ResidentSetSize of job (KB)
...
006 (11799298.001.000) 2025-04-28 08:25:28 Image size of job updated: 5766
	5766  -  MemoryUsage of job (MB)
	5905096  -  ResidentSetSize of job (KB)
...
006 (11799298.002.000) 2025-04-28 08:25:42 Image size of job updated: 5511
	5511  -  MemoryUsage of job (MB)
	5643476  -  ResidentSetSize of job (KB)
...
006 (11799298.003.000) 2025-04-28 08:25:45 Image size of job updated: 6203
	6203  -  MemoryUsage of job (MB)
	6352764  -  ResidentSetSize of job (KB)
...
006 (11799298.004.000) 2025-04-28 08:25:48 Image size of job updated: 5725
	5725  -  MemoryUsage of job (MB)
	5863296  -  ResidentSetSize of job (KB)
...
006 (11799298.000.000) 2025-04-28 08:26:25 Image size of job updated: 5312
	5312  -  MemoryUsage of job (MB)
	5440320  -  ResidentSetSize of job (KB)
...
006 (11799298.001.000) 2025-04-28 08:26:28 Image size of job updated: 5801
	5801  -  MemoryUsage of job (MB)
	5941132  -  ResidentSetSize of job (KB)
...
006 (11799298.002.000) 2025-04-28 08:26:42 Image size of job updated: 5544
	5544  -  MemoryUsage of job (MB)
	5677732  -  ResidentSetSize of job (KB)
...
006 (11799298.003.000) 2025-04-28 08:26:46 Image size of job updated: 6237
	6237  -  MemoryUsage of job (MB)
	6386728  -  ResidentSetSize of job (KB)
...
006 (11799298.004.000) 2025-04-28 08:26:49 Image size of job updated: 5757
	5757  -  MemoryUsage of job (MB)
	5896092  -  ResidentSetSize of job (KB)
...
006 (11799298.000.000) 2025-04-28 08:27:25 Image size of job updated: 5346
	5346  -  MemoryUsage of job (MB)
	5474908  -  ResidentSetSize of job (KB)
...
006 (11799298.001.000) 2025-04-28 08:27:28 Image size of job updated: 5869
	5869  -  MemoryUsage of job (MB)
	6010340  -  ResidentSetSize of job (KB)
...
006 (11799298.002.000) 2025-04-28 08:27:42 Image size of job updated: 5578
	5578  -  MemoryUsage of job (MB)
	5712240  -  ResidentSetSize of job (KB)
...
006 (11799298.003.000) 2025-04-28 08:27:47 Image size of job updated: 6269
	6269  -  MemoryUsage of job (MB)
	6420388  -  ResidentSetSize of job (KB)
...
006 (11799298.004.000) 2025-04-28 08:27:50 Image size of job updated: 5791
	5791  -  MemoryUsage of job (MB)
	5930116  -  ResidentSetSize of job (KB)
...
006 (11799298.000.000) 2025-04-28 08:28:25 Image size of job updated: 5380
	5380  -  MemoryUsage of job (MB)
	5509520  -  ResidentSetSize of job (KB)
...
006 (11799298.001.000) 2025-04-28 08:28:29 Image size of job updated: 5903
	5903  -  MemoryUsage of job (MB)
	6045344  -  ResidentSetSize of job (KB)
...
006 (11799298.002.000) 2025-04-28 08:28:42 Image size of job updated: 5611
	5611  -  MemoryUsage of job (MB)
	5746512  -  ResidentSetSize of job (KB)
...
006 (11799298.003.000) 2025-04-28 08:28:47 Image size of job updated: 6303
	6303  -  MemoryUsage of job (MB)
	6454752  -  ResidentSetSize of job (KB)
...
006 (11799298.004.000) 2025-04-28 08:28:51 Image size of job updated: 5824
	5824  -  MemoryUsage of job (MB)
	5964128  -  ResidentSetSize of job (KB)
...
006 (11799298.000.000) 2025-04-28 08:29:25 Image size of job updated: 5414
	5414  -  MemoryUsage of job (MB)
	5544196  -  ResidentSetSize of job (KB)
...
006 (11799298.001.000) 2025-04-28 08:29:29 Image size of job updated: 5938
	5938  -  MemoryUsage of job (MB)
	6080676  -  ResidentSetSize of job (KB)
...
006 (11799298.002.000) 2025-04-28 08:29:42 Image size of job updated: 5645
	5645  -  MemoryUsage of job (MB)
	5781056  -  ResidentSetSize of job (KB)
...
006 (11799298.003.000) 2025-04-28 08:29:47 Image size of job updated: 6337
	6337  -  MemoryUsage of job (MB)
	6489160  -  ResidentSetSize of job (KB)
...
006 (11799298.004.000) 2025-04-28 08:29:51 Image size of job updated: 5857
	5857  -  MemoryUsage of job (MB)
	5998152  -  ResidentSetSize of job (KB)
...
006 (11799298.000.000) 2025-04-28 08:30:25 Image size of job updated: 5447
	5447  -  MemoryUsage of job (MB)
	5578680  -  ResidentSetSize of job (KB)
...
006 (11799298.001.000) 2025-04-28 08:30:29 Image size of job updated: 5973
	5973  -  MemoryUsage of job (MB)
	6116708  -  ResidentSetSize of job (KB)
...
006 (11799298.002.000) 2025-04-28 08:30:43 Image size of job updated: 5646
	5646  -  MemoryUsage of job (MB)
	5781548  -  ResidentSetSize of job (KB)
...
006 (11799298.003.000) 2025-04-28 08:30:48 Image size of job updated: 6401
	6401  -  MemoryUsage of job (MB)
	6555488  -  ResidentSetSize of job (KB)
...
006 (11799298.004.000) 2025-04-28 08:30:52 Image size of job updated: 5923
	5923  -  MemoryUsage of job (MB)
	6065472  -  ResidentSetSize of job (KB)
...
006 (11799298.000.000) 2025-04-28 08:31:25 Image size of job updated: 5481
	5481  -  MemoryUsage of job (MB)
	5613328  -  ResidentSetSize of job (KB)
...
006 (11799298.001.000) 2025-04-28 08:31:29 Image size of job updated: 6007
	6007  -  MemoryUsage of job (MB)
	6151924  -  ResidentSetSize of job (KB)
...
006 (11799298.002.000) 2025-04-28 08:31:44 Image size of job updated: 5679
	5679  -  MemoryUsage of job (MB)
	5815584  -  ResidentSetSize of job (KB)
...
006 (11799298.003.000) 2025-04-28 08:31:48 Image size of job updated: 6435
	6435  -  MemoryUsage of job (MB)
	6589768  -  ResidentSetSize of job (KB)
...
006 (11799298.004.000) 2025-04-28 08:31:53 Image size of job updated: 5955
	5955  -  MemoryUsage of job (MB)
	6098884  -  ResidentSetSize of job (KB)
...
006 (11799298.000.000) 2025-04-28 08:32:26 Image size of job updated: 5515
	5515  -  MemoryUsage of job (MB)
	5648104  -  ResidentSetSize of job (KB)
...
006 (11799298.001.000) 2025-04-28 08:32:30 Image size of job updated: 6041
	6041  -  MemoryUsage of job (MB)
	6186804  -  ResidentSetSize of job (KB)
...
006 (11799298.002.000) 2025-04-28 08:32:45 Image size of job updated: 5714
	5714  -  MemoryUsage of job (MB)
	5851860  -  ResidentSetSize of job (KB)
...
006 (11799298.003.000) 2025-04-28 08:32:49 Image size of job updated: 6468
	6468  -  MemoryUsage of job (MB)
	6624176  -  ResidentSetSize of job (KB)
...
006 (11799298.004.000) 2025-04-28 08:32:54 Image size of job updated: 5989
	5989  -  MemoryUsage of job (MB)
	6133404  -  ResidentSetSize of job (KB)
...
006 (11799298.000.000) 2025-04-28 08:33:27 Image size of job updated: 5549
	5549  -  MemoryUsage of job (MB)
	5682760  -  ResidentSetSize of job (KB)
...
006 (11799298.001.000) 2025-04-28 08:33:31 Image size of job updated: 6076
	6076  -  MemoryUsage of job (MB)
	6221872  -  ResidentSetSize of job (KB)
...
006 (11799298.002.000) 2025-04-28 08:33:45 Image size of job updated: 5716
	5716  -  MemoryUsage of job (MB)
	5853228  -  ResidentSetSize of job (KB)
...
006 (11799298.003.000) 2025-04-28 08:33:49 Image size of job updated: 6502
	6502  -  MemoryUsage of job (MB)
	6659028  -  ResidentSetSize of job (KB)
...
006 (11799298.004.000) 2025-04-28 08:33:54 Image size of job updated: 6022
	6022  -  MemoryUsage of job (MB)
	6167308  -  ResidentSetSize of job (KB)
...
006 (11799298.000.000) 2025-04-28 08:34:27 Image size of job updated: 5550
	5550  -  MemoryUsage of job (MB)
	5684012  -  ResidentSetSize of job (KB)
...
006 (11799298.001.000) 2025-04-28 08:34:31 Image size of job updated: 6144
	6144  -  MemoryUsage of job (MB)
	6291692  -  ResidentSetSize of job (KB)
...
006 (11799298.002.000) 2025-04-28 08:34:45 Image size of job updated: 5749
	5749  -  MemoryUsage of job (MB)
	5887636  -  ResidentSetSize of job (KB)
...
006 (11799298.003.000) 2025-04-28 08:34:50 Image size of job updated: 6537
	6537  -  MemoryUsage of job (MB)
	6693944  -  ResidentSetSize of job (KB)
...
006 (11799298.004.000) 2025-04-28 08:34:54 Image size of job updated: 6087
	6087  -  MemoryUsage of job (MB)
	6233512  -  ResidentSetSize of job (KB)
...
006 (11799298.000.000) 2025-04-28 08:35:27 Image size of job updated: 5617
	5617  -  MemoryUsage of job (MB)
	5752012  -  ResidentSetSize of job (KB)
...
006 (11799298.001.000) 2025-04-28 08:35:31 Image size of job updated: 6178
	6178  -  MemoryUsage of job (MB)
	6326984  -  ResidentSetSize of job (KB)
...
006 (11799298.002.000) 2025-04-28 08:35:46 Image size of job updated: 5783
	5783  -  MemoryUsage of job (MB)
	5922228  -  ResidentSetSize of job (KB)
...
006 (11799298.003.000) 2025-04-28 08:35:51 Image size of job updated: 6571
	6571  -  MemoryUsage of job (MB)
	6729272  -  ResidentSetSize of job (KB)
...
006 (11799298.004.000) 2025-04-28 08:35:55 Image size of job updated: 6120
	6120  -  MemoryUsage of job (MB)
	6267900  -  ResidentSetSize of job (KB)
...
006 (11799298.000.000) 2025-04-28 08:36:28 Image size of job updated: 5651
	5651  -  MemoryUsage of job (MB)
	5786632  -  ResidentSetSize of job (KB)
...
006 (11799298.001.000) 2025-04-28 08:36:32 Image size of job updated: 6214
	6214  -  MemoryUsage of job (MB)
	6363556  -  ResidentSetSize of job (KB)
...
006 (11799298.002.000) 2025-04-28 08:36:47 Image size of job updated: 5817
	5817  -  MemoryUsage of job (MB)
	5956716  -  ResidentSetSize of job (KB)
...
006 (11799298.003.000) 2025-04-28 08:36:52 Image size of job updated: 6637
	6637  -  MemoryUsage of job (MB)
	6796572  -  ResidentSetSize of job (KB)
...
006 (11799298.004.000) 2025-04-28 08:36:57 Image size of job updated: 6154
	6154  -  MemoryUsage of job (MB)
	6302260  -  ResidentSetSize of job (KB)
...
006 (11799298.000.000) 2025-04-28 08:37:29 Image size of job updated: 5684
	5684  -  MemoryUsage of job (MB)
	5821376  -  ResidentSetSize of job (KB)
...
006 (11799298.001.000) 2025-04-28 08:37:33 Image size of job updated: 6281
	6281  -  MemoryUsage of job (MB)
	6431932  -  ResidentSetSize of job (KB)
...
006 (11799298.002.000) 2025-04-28 08:37:48 Image size of job updated: 5849
	5849  -  MemoryUsage of job (MB)
	5990096  -  ResidentSetSize of job (KB)
...
006 (11799298.003.000) 2025-04-28 08:37:52 Image size of job updated: 6670
	6670  -  MemoryUsage of job (MB)
	6830596  -  ResidentSetSize of job (KB)
...
006 (11799298.004.000) 2025-04-28 08:37:57 Image size of job updated: 6222
	6222  -  MemoryUsage of job (MB)
	6371356  -  ResidentSetSize of job (KB)
...
006 (11799298.000.000) 2025-04-28 08:38:29 Image size of job updated: 5718
	5718  -  MemoryUsage of job (MB)
	5855908  -  ResidentSetSize of job (KB)
...
006 (11799298.001.000) 2025-04-28 08:38:33 Image size of job updated: 6315
	6315  -  MemoryUsage of job (MB)
	6467476  -  ResidentSetSize of job (KB)
...
006 (11799298.002.000) 2025-04-28 08:38:48 Image size of job updated: 5883
	5883  -  MemoryUsage of job (MB)
	6024804  -  ResidentSetSize of job (KB)
...
006 (11799298.003.000) 2025-04-28 08:38:52 Image size of job updated: 6737
	6737  -  MemoryUsage of job (MB)
	6899304  -  ResidentSetSize of job (KB)
...
006 (11799298.004.000) 2025-04-28 08:38:57 Image size of job updated: 6255
	6255  -  MemoryUsage of job (MB)
	6405148  -  ResidentSetSize of job (KB)
...
006 (11799298.000.000) 2025-04-28 08:39:30 Image size of job updated: 5752
	5752  -  MemoryUsage of job (MB)
	5890880  -  ResidentSetSize of job (KB)
...
006 (11799298.001.000) 2025-04-28 08:39:34 Image size of job updated: 6349
	6349  -  MemoryUsage of job (MB)
	6502336  -  ResidentSetSize of job (KB)
...
006 (11799298.002.000) 2025-04-28 08:39:48 Image size of job updated: 5917
	5917  -  MemoryUsage of job (MB)
	6059228  -  ResidentSetSize of job (KB)
...
006 (11799298.003.000) 2025-04-28 08:39:52 Image size of job updated: 6772
	6772  -  MemoryUsage of job (MB)
	6934888  -  ResidentSetSize of job (KB)
...
006 (11799298.004.000) 2025-04-28 08:39:57 Image size of job updated: 6288
	6288  -  MemoryUsage of job (MB)
	6439056  -  ResidentSetSize of job (KB)
...
006 (11799298.000.000) 2025-04-28 08:40:30 Image size of job updated: 5754
	5754  -  MemoryUsage of job (MB)
	5892104  -  ResidentSetSize of job (KB)
...
006 (11799298.001.000) 2025-04-28 08:40:34 Image size of job updated: 6386
	6386  -  MemoryUsage of job (MB)
	6539304  -  ResidentSetSize of job (KB)
...
006 (11799298.002.000) 2025-04-28 08:40:48 Image size of job updated: 5950
	5950  -  MemoryUsage of job (MB)
	6093132  -  ResidentSetSize of job (KB)
...
006 (11799298.003.000) 2025-04-28 08:40:53 Image size of job updated: 6806
	6806  -  MemoryUsage of job (MB)
	6969504  -  ResidentSetSize of job (KB)
...
006 (11799298.004.000) 2025-04-28 08:40:58 Image size of job updated: 6352
	6352  -  MemoryUsage of job (MB)
	6505124  -  ResidentSetSize of job (KB)
...
006 (11799298.000.000) 2025-04-28 08:41:30 Image size of job updated: 5788
	5788  -  MemoryUsage of job (MB)
	5926948  -  ResidentSetSize of job (KB)
...
006 (11799298.001.000) 2025-04-28 08:41:34 Image size of job updated: 6452
	6452  -  MemoryUsage of job (MB)
	6607220  -  ResidentSetSize of job (KB)
...
006 (11799298.002.000) 2025-04-28 08:41:49 Image size of job updated: 5984
	5984  -  MemoryUsage of job (MB)
	6127708  -  ResidentSetSize of job (KB)
...
006 (11799298.003.000) 2025-04-28 08:41:54 Image size of job updated: 6873
	6873  -  MemoryUsage of job (MB)
	7038056  -  ResidentSetSize of job (KB)
...
006 (11799298.004.000) 2025-04-28 08:42:00 Image size of job updated: 6385
	6385  -  MemoryUsage of job (MB)
	6538548  -  ResidentSetSize of job (KB)
...
006 (11799298.000.000) 2025-04-28 08:42:31 Image size of job updated: 5821
	5821  -  MemoryUsage of job (MB)
	5961516  -  ResidentSetSize of job (KB)
...
006 (11799298.001.000) 2025-04-28 08:42:35 Image size of job updated: 6486
	6486  -  MemoryUsage of job (MB)
	6642680  -  ResidentSetSize of job (KB)
...
006 (11799298.002.000) 2025-04-28 08:42:50 Image size of job updated: 6017
	6017  -  MemoryUsage of job (MB)
	6162160  -  ResidentSetSize of job (KB)
...
006 (11799298.003.000) 2025-04-28 08:42:54 Image size of job updated: 6906
	6906  -  MemoryUsage of job (MB)
	7071988  -  ResidentSetSize of job (KB)
...
006 (11799298.004.000) 2025-04-28 08:43:00 Image size of job updated: 6450
	6450  -  MemoryUsage of job (MB)
	6605432  -  ResidentSetSize of job (KB)
...
006 (11799298.000.000) 2025-04-28 08:43:32 Image size of job updated: 5855
	5855  -  MemoryUsage of job (MB)
	5996420  -  ResidentSetSize of job (KB)
...
006 (11799298.001.000) 2025-04-28 08:43:35 Image size of job updated: 6554
	6554  -  MemoryUsage of job (MB)
	6712188  -  ResidentSetSize of job (KB)
...
006 (11799298.002.000) 2025-04-28 08:43:51 Image size of job updated: 6051
	6051  -  MemoryUsage of job (MB)
	6196788  -  ResidentSetSize of job (KB)
...
006 (11799298.003.000) 2025-04-28 08:43:54 Image size of job updated: 6941
	6941  -  MemoryUsage of job (MB)
	7108028  -  ResidentSetSize of job (KB)
...
006 (11799298.004.000) 2025-04-28 08:44:00 Image size of job updated: 6483
	6483  -  MemoryUsage of job (MB)
	6639368  -  ResidentSetSize of job (KB)
...
006 (11799298.000.000) 2025-04-28 08:44:32 Image size of job updated: 5920
	5920  -  MemoryUsage of job (MB)
	6063032  -  ResidentSetSize of job (KB)
...
006 (11799298.001.000) 2025-04-28 08:44:35 Image size of job updated: 6589
	6589  -  MemoryUsage of job (MB)
	6747436  -  ResidentSetSize of job (KB)
...
006 (11799298.002.000) 2025-04-28 08:44:51 Image size of job updated: 6084
	6084  -  MemoryUsage of job (MB)
	6231008  -  ResidentSetSize of job (KB)
...
006 (11799298.003.000) 2025-04-28 08:44:54 Image size of job updated: 7008
	7008  -  MemoryUsage of job (MB)
	7176584  -  ResidentSetSize of job (KB)
...
006 (11799298.004.000) 2025-04-28 08:45:00 Image size of job updated: 6516
	6516  -  MemoryUsage of job (MB)
	6673000  -  ResidentSetSize of job (KB)
...
006 (11799298.000.000) 2025-04-28 08:45:33 Image size of job updated: 5955
	5955  -  MemoryUsage of job (MB)
	6098884  -  ResidentSetSize of job (KB)
...
006 (11799298.001.000) 2025-04-28 08:45:36 Image size of job updated: 6624
	6624  -  MemoryUsage of job (MB)
	6783068  -  ResidentSetSize of job (KB)
...
006 (11799298.002.000) 2025-04-28 08:45:51 Image size of job updated: 6118
	6118  -  MemoryUsage of job (MB)
	6265692  -  ResidentSetSize of job (KB)
...
006 (11799298.003.000) 2025-04-28 08:45:55 Image size of job updated: 7043
	7043  -  MemoryUsage of job (MB)
	7212904  -  ResidentSetSize of job (KB)
...
006 (11799298.004.000) 2025-04-28 08:46:01 Image size of job updated: 6578
	6578  -  MemoryUsage of job (MB)
	6735888  -  ResidentSetSize of job (KB)
...
006 (11799298.000.000) 2025-04-28 08:46:34 Image size of job updated: 5993
	5993  -  MemoryUsage of job (MB)
	6137392  -  ResidentSetSize of job (KB)
...
006 (11799298.001.000) 2025-04-28 08:46:37 Image size of job updated: 6678
	6678  -  MemoryUsage of job (MB)
	6838764  -  ResidentSetSize of job (KB)
...
006 (11799298.002.000) 2025-04-28 08:46:51 Image size of job updated: 6147
	6147  -  MemoryUsage of job (MB)
	6294868  -  ResidentSetSize of job (KB)
...
006 (11799298.003.000) 2025-04-28 08:46:56 Image size of job updated: 7108
	7108  -  MemoryUsage of job (MB)
	7279300  -  ResidentSetSize of job (KB)
...
006 (11799298.004.000) 2025-04-28 08:47:03 Image size of job updated: 6616
	6616  -  MemoryUsage of job (MB)
	6775268  -  ResidentSetSize of job (KB)
...
006 (11799298.000.000) 2025-04-28 08:47:34 Image size of job updated: 6027
	6027  -  MemoryUsage of job (MB)
	6171976  -  ResidentSetSize of job (KB)
...
006 (11799298.001.000) 2025-04-28 08:47:37 Image size of job updated: 6720
	6720  -  MemoryUsage of job (MB)
	6881456  -  ResidentSetSize of job (KB)
...
006 (11799298.002.000) 2025-04-28 08:47:52 Image size of job updated: 6184
	6184  -  MemoryUsage of job (MB)
	6333316  -  ResidentSetSize of job (KB)
...
006 (11799298.003.000) 2025-04-28 08:47:57 Image size of job updated: 7137
	7137  -  MemoryUsage of job (MB)
	7308860  -  ResidentSetSize of job (KB)
...
006 (11799298.004.000) 2025-04-28 08:48:03 Image size of job updated: 6650
	6650  -  MemoryUsage of job (MB)
	6809752  -  ResidentSetSize of job (KB)
...
006 (11799298.000.000) 2025-04-28 08:48:34 Image size of job updated: 6027
	6027  -  MemoryUsage of job (MB)
	6172536  -  ResidentSetSize of job (KB)
...
006 (11799298.001.000) 2025-04-28 08:48:37 Image size of job updated: 6755
	6755  -  MemoryUsage of job (MB)
	6917600  -  ResidentSetSize of job (KB)
...
006 (11799298.002.000) 2025-04-28 08:48:53 Image size of job updated: 6219
	6219  -  MemoryUsage of job (MB)
	6368936  -  ResidentSetSize of job (KB)
...
006 (11799298.003.000) 2025-04-28 08:48:57 Image size of job updated: 7204
	7204  -  MemoryUsage of job (MB)
	7377396  -  ResidentSetSize of job (KB)
...
006 (11799298.004.000) 2025-04-28 08:49:03 Image size of job updated: 6715
	6715  -  MemoryUsage of job (MB)
	6876792  -  ResidentSetSize of job (KB)
...
006 (11799298.000.000) 2025-04-28 08:49:35 Image size of job updated: 6061
	6061  -  MemoryUsage of job (MB)
	6206952  -  ResidentSetSize of job (KB)
...
006 (11799298.001.000) 2025-04-28 08:49:38 Image size of job updated: 6791
	6791  -  MemoryUsage of job (MB)
	6954492  -  ResidentSetSize of job (KB)
...
006 (11799298.002.000) 2025-04-28 08:49:53 Image size of job updated: 6253
	6253  -  MemoryUsage of job (MB)
	6403544  -  ResidentSetSize of job (KB)
...
006 (11799298.003.000) 2025-04-28 08:49:57 Image size of job updated: 7238
	7238  -  MemoryUsage of job (MB)
	7412544  -  ResidentSetSize of job (KB)
...
006 (11799298.004.000) 2025-04-28 08:50:03 Image size of job updated: 6748
	6748  -  MemoryUsage of job (MB)
	6910188  -  ResidentSetSize of job (KB)
...
006 (11799298.000.000) 2025-04-28 08:50:35 Image size of job updated: 6095
	6095  -  MemoryUsage of job (MB)
	6241560  -  ResidentSetSize of job (KB)
...
006 (11799298.001.000) 2025-04-28 08:50:38 Image size of job updated: 6858
	6858  -  MemoryUsage of job (MB)
	7022612  -  ResidentSetSize of job (KB)
...
006 (11799298.002.000) 2025-04-28 08:50:53 Image size of job updated: 6287
	6287  -  MemoryUsage of job (MB)
	6437996  -  ResidentSetSize of job (KB)
...
006 (11799298.003.000) 2025-04-28 08:50:58 Image size of job updated: 7273
	7273  -  MemoryUsage of job (MB)
	7448188  -  ResidentSetSize of job (KB)
...
006 (11799298.004.000) 2025-04-28 08:51:04 Image size of job updated: 6780
	6780  -  MemoryUsage of job (MB)
	6942784  -  ResidentSetSize of job (KB)
...
006 (11799298.000.000) 2025-04-28 08:51:35 Image size of job updated: 6128
	6128  -  MemoryUsage of job (MB)
	6275860  -  ResidentSetSize of job (KB)
...
006 (11799298.001.000) 2025-04-28 08:51:39 Image size of job updated: 6891
	6891  -  MemoryUsage of job (MB)
	7057196  -  ResidentSetSize of job (KB)
...
006 (11799298.002.000) 2025-04-28 08:51:54 Image size of job updated: 6320
	6320  -  MemoryUsage of job (MB)
	6472408  -  ResidentSetSize of job (KB)
...
006 (11799298.003.000) 2025-04-28 08:51:58 Image size of job updated: 7318
	7318  -  MemoryUsage of job (MB)
	7493996  -  ResidentSetSize of job (KB)
...
006 (11799298.004.000) 2025-04-28 08:52:05 Image size of job updated: 6845
	6845  -  MemoryUsage of job (MB)
	7009324  -  ResidentSetSize of job (KB)
...
006 (11799298.000.000) 2025-04-28 08:52:35 Image size of job updated: 6162
	6162  -  MemoryUsage of job (MB)
	6310648  -  ResidentSetSize of job (KB)
...
006 (11799298.001.000) 2025-04-28 08:52:39 Image size of job updated: 6927
	6927  -  MemoryUsage of job (MB)
	7093472  -  ResidentSetSize of job (KB)
...
006 (11799298.002.000) 2025-04-28 08:52:55 Image size of job updated: 6354
	6354  -  MemoryUsage of job (MB)
	6506992  -  ResidentSetSize of job (KB)
...
006 (11799298.003.000) 2025-04-28 08:52:58 Image size of job updated: 7379
	7379  -  MemoryUsage of job (MB)
	7556536  -  ResidentSetSize of job (KB)
...
006 (11799298.004.000) 2025-04-28 08:53:06 Image size of job updated: 6878
	6878  -  MemoryUsage of job (MB)
	7043248  -  ResidentSetSize of job (KB)
...
006 (11799298.000.000) 2025-04-28 08:53:35 Image size of job updated: 6196
	6196  -  MemoryUsage of job (MB)
	6345072  -  ResidentSetSize of job (KB)
...
006 (11799298.001.000) 2025-04-28 08:53:39 Image size of job updated: 6995
	6995  -  MemoryUsage of job (MB)
	7163140  -  ResidentSetSize of job (KB)
...
006 (11799298.002.000) 2025-04-28 08:53:56 Image size of job updated: 6388
	6388  -  MemoryUsage of job (MB)
	6541380  -  ResidentSetSize of job (KB)
...
006 (11799298.003.000) 2025-04-28 08:53:59 Image size of job updated: 7412
	7412  -  MemoryUsage of job (MB)
	7590408  -  ResidentSetSize of job (KB)
...
006 (11799298.004.000) 2025-04-28 08:54:06 Image size of job updated: 6908
	6908  -  MemoryUsage of job (MB)
	7074624  -  ResidentSetSize of job (KB)
...
006 (11799298.000.000) 2025-04-28 08:54:35 Image size of job updated: 6230
	6230  -  MemoryUsage of job (MB)
	6379912  -  ResidentSetSize of job (KB)
...
006 (11799298.001.000) 2025-04-28 08:54:39 Image size of job updated: 7029
	7029  -  MemoryUsage of job (MB)
	7198508  -  ResidentSetSize of job (KB)
...
006 (11799298.002.000) 2025-04-28 08:54:56 Image size of job updated: 6421
	6421  -  MemoryUsage of job (MB)
	6576088  -  ResidentSetSize of job (KB)
...
006 (11799298.003.000) 2025-04-28 08:55:00 Image size of job updated: 7478
	7478  -  MemoryUsage of job (MB)
	7657628  -  ResidentSetSize of job (KB)
...
006 (11799298.004.000) 2025-04-28 08:55:06 Image size of job updated: 6939
	6939  -  MemoryUsage of job (MB)
	7106416  -  ResidentSetSize of job (KB)
...
006 (11799298.000.000) 2025-04-28 08:55:36 Image size of job updated: 6264
	6264  -  MemoryUsage of job (MB)
	6414372  -  ResidentSetSize of job (KB)
...
006 (11799298.001.000) 2025-04-28 08:55:40 Image size of job updated: 7065
	7065  -  MemoryUsage of job (MB)
	7234868  -  ResidentSetSize of job (KB)
...
006 (11799298.002.000) 2025-04-28 08:55:56 Image size of job updated: 6455
	6455  -  MemoryUsage of job (MB)
	6610152  -  ResidentSetSize of job (KB)
...
006 (11799298.003.000) 2025-04-28 08:56:00 Image size of job updated: 7509
	7509  -  MemoryUsage of job (MB)
	7690088  -  ResidentSetSize of job (KB)
...
006 (11799298.004.000) 2025-04-28 08:56:06 Image size of job updated: 6970
	6970  -  MemoryUsage of job (MB)
	7137428  -  ResidentSetSize of job (KB)
...
006 (11799298.000.000) 2025-04-28 08:56:37 Image size of job updated: 6298
	6298  -  MemoryUsage of job (MB)
	6449176  -  ResidentSetSize of job (KB)
...
006 (11799298.001.000) 2025-04-28 08:56:41 Image size of job updated: 7132
	7132  -  MemoryUsage of job (MB)
	7303964  -  ResidentSetSize of job (KB)
...
006 (11799298.002.000) 2025-04-28 08:56:57 Image size of job updated: 6488
	6488  -  MemoryUsage of job (MB)
	6644692  -  ResidentSetSize of job (KB)
...
006 (11799298.003.000) 2025-04-28 08:57:00 Image size of job updated: 7542
	7542  -  MemoryUsage of job (MB)
	7723336  -  ResidentSetSize of job (KB)
...
006 (11799298.004.000) 2025-04-28 08:57:07 Image size of job updated: 7001
	7001  -  MemoryUsage of job (MB)
	7169560  -  ResidentSetSize of job (KB)
...
006 (11799298.000.000) 2025-04-28 08:57:37 Image size of job updated: 6332
	6332  -  MemoryUsage of job (MB)
	6484072  -  ResidentSetSize of job (KB)
...
006 (11799298.001.000) 2025-04-28 08:57:41 Image size of job updated: 7166
	7166  -  MemoryUsage of job (MB)
	7338216  -  ResidentSetSize of job (KB)
...
006 (11799298.002.000) 2025-04-28 08:57:58 Image size of job updated: 6522
	6522  -  MemoryUsage of job (MB)
	6679204  -  ResidentSetSize of job (KB)
...
006 (11799298.003.000) 2025-04-28 08:58:01 Image size of job updated: 7606
	7606  -  MemoryUsage of job (MB)
	7788908  -  ResidentSetSize of job (KB)
...
006 (11799298.004.000) 2025-04-28 08:58:08 Image size of job updated: 7032
	7032  -  MemoryUsage of job (MB)
	7201692  -  ResidentSetSize of job (KB)
...
006 (11799298.000.000) 2025-04-28 08:58:37 Image size of job updated: 6365
	6365  -  MemoryUsage of job (MB)
	6518600  -  ResidentSetSize of job (KB)
...
006 (11799298.001.000) 2025-04-28 08:58:41 Image size of job updated: 7199
	7199  -  MemoryUsage of job (MB)
	7371796  -  ResidentSetSize of job (KB)
...
006 (11799298.002.000) 2025-04-28 08:58:58 Image size of job updated: 6556
	6556  -  MemoryUsage of job (MB)
	6713408  -  ResidentSetSize of job (KB)
...
006 (11799298.003.000) 2025-04-28 08:59:02 Image size of job updated: 7638
	7638  -  MemoryUsage of job (MB)
	7821568  -  ResidentSetSize of job (KB)
...
006 (11799298.004.000) 2025-04-28 08:59:08 Image size of job updated: 7063
	7063  -  MemoryUsage of job (MB)
	7233300  -  ResidentSetSize of job (KB)
...
006 (11799298.000.000) 2025-04-28 08:59:38 Image size of job updated: 6399
	6399  -  MemoryUsage of job (MB)
	6553228  -  ResidentSetSize of job (KB)
...
006 (11799298.001.000) 2025-04-28 08:59:42 Image size of job updated: 7264
	7264  -  MemoryUsage of job (MB)
	7438928  -  ResidentSetSize of job (KB)
...
006 (11799298.002.000) 2025-04-28 08:59:58 Image size of job updated: 6557
	6557  -  MemoryUsage of job (MB)
	6714932  -  ResidentSetSize of job (KB)
...
006 (11799298.003.000) 2025-04-28 09:00:02 Image size of job updated: 7670
	7670  -  MemoryUsage of job (MB)
	7854724  -  ResidentSetSize of job (KB)
...
006 (11799298.004.000) 2025-04-28 09:00:08 Image size of job updated: 7094
	7094  -  MemoryUsage of job (MB)
	7264640  -  ResidentSetSize of job (KB)
...
006 (11799298.000.000) 2025-04-28 09:00:39 Image size of job updated: 6433
	6433  -  MemoryUsage of job (MB)
	6587800  -  ResidentSetSize of job (KB)
...
006 (11799298.001.000) 2025-04-28 09:00:43 Image size of job updated: 7297
	7297  -  MemoryUsage of job (MB)
	7472824  -  ResidentSetSize of job (KB)
...
006 (11799298.002.000) 2025-04-28 09:00:59 Image size of job updated: 6590
	6590  -  MemoryUsage of job (MB)
	6749116  -  ResidentSetSize of job (KB)
...
006 (11799298.003.000) 2025-04-28 09:01:02 Image size of job updated: 7734
	7734  -  MemoryUsage of job (MB)
	7919636  -  ResidentSetSize of job (KB)
...
006 (11799298.004.000) 2025-04-28 09:01:08 Image size of job updated: 7125
	7125  -  MemoryUsage of job (MB)
	7296204  -  ResidentSetSize of job (KB)
...
006 (11799298.000.000) 2025-04-28 09:01:39 Image size of job updated: 6467
	6467  -  MemoryUsage of job (MB)
	6622368  -  ResidentSetSize of job (KB)
...
006 (11799298.001.000) 2025-04-28 09:01:43 Image size of job updated: 7330
	7330  -  MemoryUsage of job (MB)
	7506724  -  ResidentSetSize of job (KB)
...
006 (11799298.002.000) 2025-04-28 09:02:00 Image size of job updated: 6624
	6624  -  MemoryUsage of job (MB)
	6783048  -  ResidentSetSize of job (KB)
...
006 (11799298.003.000) 2025-04-28 09:02:04 Image size of job updated: 7766
	7766  -  MemoryUsage of job (MB)
	7953120  -  ResidentSetSize of job (KB)
...
006 (11799298.004.000) 2025-04-28 09:02:09 Image size of job updated: 7156
	7156  -  MemoryUsage of job (MB)
	7328296  -  ResidentSetSize of job (KB)
...
006 (11799298.000.000) 2025-04-28 09:02:39 Image size of job updated: 6501
	6501  -  MemoryUsage of job (MB)
	6657296  -  ResidentSetSize of job (KB)
...
006 (11799298.001.000) 2025-04-28 09:02:43 Image size of job updated: 7374
	7374  -  MemoryUsage of job (MB)
	7551780  -  ResidentSetSize of job (KB)
...
006 (11799298.002.000) 2025-04-28 09:03:00 Image size of job updated: 6657
	6657  -  MemoryUsage of job (MB)
	6817424  -  ResidentSetSize of job (KB)
...
006 (11799298.003.000) 2025-04-28 09:03:04 Image size of job updated: 7799
	7799  -  MemoryUsage of job (MB)
	7986176  -  ResidentSetSize of job (KB)
...
006 (11799298.004.000) 2025-04-28 09:03:10 Image size of job updated: 7187
	7187  -  MemoryUsage of job (MB)
	7359912  -  ResidentSetSize of job (KB)
...
006 (11799298.000.000) 2025-04-28 09:03:40 Image size of job updated: 6535
	6535  -  MemoryUsage of job (MB)
	6691880  -  ResidentSetSize of job (KB)
...
006 (11799298.001.000) 2025-04-28 09:03:44 Image size of job updated: 7430
	7430  -  MemoryUsage of job (MB)
	7609204  -  ResidentSetSize of job (KB)
...
006 (11799298.002.000) 2025-04-28 09:04:01 Image size of job updated: 6691
	6691  -  MemoryUsage of job (MB)
	6851932  -  ResidentSetSize of job (KB)
...
006 (11799298.003.000) 2025-04-28 09:04:04 Image size of job updated: 7861
	7861  -  MemoryUsage of job (MB)
	8050560  -  ResidentSetSize of job (KB)
...
006 (11799298.004.000) 2025-04-28 09:04:11 Image size of job updated: 7218
	7218  -  MemoryUsage of job (MB)
	7392124  -  ResidentSetSize of job (KB)
...
006 (11799298.000.000) 2025-04-28 09:04:41 Image size of job updated: 6569
	6569  -  MemoryUsage of job (MB)
	6726772  -  ResidentSetSize of job (KB)
...
006 (11799298.001.000) 2025-04-28 09:04:45 Image size of job updated: 7463
	7463  -  MemoryUsage of job (MB)
	7642928  -  ResidentSetSize of job (KB)
...
006 (11799298.002.000) 2025-04-28 09:05:02 Image size of job updated: 6725
	6725  -  MemoryUsage of job (MB)
	6886600  -  ResidentSetSize of job (KB)
...
006 (11799298.003.000) 2025-04-28 09:05:04 Image size of job updated: 7894
	7894  -  MemoryUsage of job (MB)
	8083988  -  ResidentSetSize of job (KB)
...
006 (11799298.004.000) 2025-04-28 09:05:11 Image size of job updated: 7249
	7249  -  MemoryUsage of job (MB)
	7423828  -  ResidentSetSize of job (KB)
...
006 (11799298.000.000) 2025-04-28 09:05:42 Image size of job updated: 6602
	6602  -  MemoryUsage of job (MB)
	6761264  -  ResidentSetSize of job (KB)
...
006 (11799298.001.000) 2025-04-28 09:05:46 Image size of job updated: 7498
	7498  -  MemoryUsage of job (MB)
	7678228  -  ResidentSetSize of job (KB)
...
006 (11799298.002.000) 2025-04-28 09:06:02 Image size of job updated: 6758
	6758  -  MemoryUsage of job (MB)
	6920848  -  ResidentSetSize of job (KB)
...
006 (11799298.003.000) 2025-04-28 09:06:05 Image size of job updated: 7926
	7926  -  MemoryUsage of job (MB)
	8116860  -  ResidentSetSize of job (KB)
...
006 (11799298.004.000) 2025-04-28 09:06:11 Image size of job updated: 7281
	7281  -  MemoryUsage of job (MB)
	7455852  -  ResidentSetSize of job (KB)
...
006 (11799298.000.000) 2025-04-28 09:06:42 Image size of job updated: 6636
	6636  -  MemoryUsage of job (MB)
	6795764  -  ResidentSetSize of job (KB)
...
006 (11799298.001.000) 2025-04-28 09:06:46 Image size of job updated: 7562
	7562  -  MemoryUsage of job (MB)
	7744068  -  ResidentSetSize of job (KB)
...
006 (11799298.002.000) 2025-04-28 09:07:02 Image size of job updated: 6792
	6792  -  MemoryUsage of job (MB)
	6955184  -  ResidentSetSize of job (KB)
...
006 (11799298.003.000) 2025-04-28 09:07:06 Image size of job updated: 7991
	7991  -  MemoryUsage of job (MB)
	8183528  -  ResidentSetSize of job (KB)
...
006 (11799298.004.000) 2025-04-28 09:07:12 Image size of job updated: 7312
	7312  -  MemoryUsage of job (MB)
	7487676  -  ResidentSetSize of job (KB)
...
006 (11799298.000.000) 2025-04-28 09:07:42 Image size of job updated: 6670
	6670  -  MemoryUsage of job (MB)
	6830740  -  ResidentSetSize of job (KB)
...
006 (11799298.001.000) 2025-04-28 09:07:46 Image size of job updated: 7595
	7595  -  MemoryUsage of job (MB)
	7777708  -  ResidentSetSize of job (KB)
...
006 (11799298.002.000) 2025-04-28 09:08:02 Image size of job updated: 6793
	6793  -  MemoryUsage of job (MB)
	6956712  -  ResidentSetSize of job (KB)
...
006 (11799298.003.000) 2025-04-28 09:08:07 Image size of job updated: 8023
	8023  -  MemoryUsage of job (MB)
	8216104  -  ResidentSetSize of job (KB)
...
006 (11799298.004.000) 2025-04-28 09:08:13 Image size of job updated: 7343
	7343  -  MemoryUsage of job (MB)
	7519848  -  ResidentSetSize of job (KB)
...
006 (11799298.000.000) 2025-04-28 09:08:43 Image size of job updated: 6704
	6704  -  MemoryUsage of job (MB)
	6865348  -  ResidentSetSize of job (KB)
...
006 (11799298.001.000) 2025-04-28 09:08:47 Image size of job updated: 7628
	7628  -  MemoryUsage of job (MB)
	7811428  -  ResidentSetSize of job (KB)
...
006 (11799298.002.000) 2025-04-28 09:09:03 Image size of job updated: 6856
	6856  -  MemoryUsage of job (MB)
	7020580  -  ResidentSetSize of job (KB)
...
006 (11799298.003.000) 2025-04-28 09:09:07 Image size of job updated: 8056
	8056  -  MemoryUsage of job (MB)
	8249528  -  ResidentSetSize of job (KB)
...
006 (11799298.004.000) 2025-04-28 09:09:14 Image size of job updated: 7374
	7374  -  MemoryUsage of job (MB)
	7551600  -  ResidentSetSize of job (KB)
...
006 (11799298.000.000) 2025-04-28 09:09:44 Image size of job updated: 6738
	6738  -  MemoryUsage of job (MB)
	6899864  -  ResidentSetSize of job (KB)
...
006 (11799298.001.000) 2025-04-28 09:09:48 Image size of job updated: 7693
	7693  -  MemoryUsage of job (MB)
	7878192  -  ResidentSetSize of job (KB)
...
006 (11799298.002.000) 2025-04-28 09:10:04 Image size of job updated: 6862
	6862  -  MemoryUsage of job (MB)
	7026716  -  ResidentSetSize of job (KB)
...
006 (11799298.003.000) 2025-04-28 09:10:07 Image size of job updated: 8121
	8121  -  MemoryUsage of job (MB)
	8315940  -  ResidentSetSize of job (KB)
...
006 (11799298.004.000) 2025-04-28 09:10:14 Image size of job updated: 7406
	7406  -  MemoryUsage of job (MB)
	7584120  -  ResidentSetSize of job (KB)
...
006 (11799298.000.000) 2025-04-28 09:10:44 Image size of job updated: 6772
	6772  -  MemoryUsage of job (MB)
	6934800  -  ResidentSetSize of job (KB)
...
006 (11799298.001.000) 2025-04-28 09:10:48 Image size of job updated: 7727
	7727  -  MemoryUsage of job (MB)
	7913372  -  ResidentSetSize of job (KB)
...
006 (11799298.002.000) 2025-04-28 09:11:05 Image size of job updated: 6894
	6894  -  MemoryUsage of job (MB)
	7060248  -  ResidentSetSize of job (KB)
...
006 (11799298.003.000) 2025-04-28 09:11:07 Image size of job updated: 8153
	8153  -  MemoryUsage of job (MB)
	8348756  -  ResidentSetSize of job (KB)
...
006 (11799298.004.000) 2025-04-28 09:11:14 Image size of job updated: 7437
	7437  -  MemoryUsage of job (MB)
	7615888  -  ResidentSetSize of job (KB)
...
006 (11799298.000.000) 2025-04-28 09:11:44 Image size of job updated: 6806
	6806  -  MemoryUsage of job (MB)
	6969384  -  ResidentSetSize of job (KB)
...
006 (11799298.001.000) 2025-04-28 09:11:48 Image size of job updated: 7760
	7760  -  MemoryUsage of job (MB)
	7946872  -  ResidentSetSize of job (KB)
...
006 (11799298.002.000) 2025-04-28 09:12:05 Image size of job updated: 6928
	6928  -  MemoryUsage of job (MB)
	7094464  -  ResidentSetSize of job (KB)
...
006 (11799298.003.000) 2025-04-28 09:12:08 Image size of job updated: 8186
	8186  -  MemoryUsage of job (MB)
	8383216  -  ResidentSetSize of job (KB)
...
006 (11799298.004.000) 2025-04-28 09:12:14 Image size of job updated: 7468
	7468  -  MemoryUsage of job (MB)
	7647424  -  ResidentSetSize of job (KB)
...
006 (11799298.000.000) 2025-04-28 09:12:45 Image size of job updated: 6839
	6839  -  MemoryUsage of job (MB)
	7003972  -  ResidentSetSize of job (KB)
...
006 (11799298.001.000) 2025-04-28 09:12:49 Image size of job updated: 7804
	7804  -  MemoryUsage of job (MB)
	7991928  -  ResidentSetSize of job (KB)
...
006 (11799298.002.000) 2025-04-28 09:13:05 Image size of job updated: 6961
	6961  -  MemoryUsage of job (MB)
	7128196  -  ResidentSetSize of job (KB)
...
006 (11799298.003.000) 2025-04-28 09:13:09 Image size of job updated: 8192
	8192  -  MemoryUsage of job (MB)
	8388608  -  ResidentSetSize of job (KB)
...
006 (11799298.004.000) 2025-04-28 09:13:15 Image size of job updated: 7499
	7499  -  MemoryUsage of job (MB)
	7679468  -  ResidentSetSize of job (KB)
...
006 (11799298.000.000) 2025-04-28 09:13:46 Image size of job updated: 6873
	6873  -  MemoryUsage of job (MB)
	7038796  -  ResidentSetSize of job (KB)
...
006 (11799298.001.000) 2025-04-28 09:13:50 Image size of job updated: 7859
	7859  -  MemoryUsage of job (MB)
	8048036  -  ResidentSetSize of job (KB)
...
006 (11799298.002.000) 2025-04-28 09:14:05 Image size of job updated: 7003
	7003  -  MemoryUsage of job (MB)
	7171916  -  ResidentSetSize of job (KB)
...
006 (11799298.004.000) 2025-04-28 09:14:16 Image size of job updated: 7529
	7529  -  MemoryUsage of job (MB)
	7709968  -  ResidentSetSize of job (KB)
...
006 (11799298.000.000) 2025-04-28 09:14:46 Image size of job updated: 6907
	6907  -  MemoryUsage of job (MB)
	7073784  -  ResidentSetSize of job (KB)
...
006 (11799298.001.000) 2025-04-28 09:14:50 Image size of job updated: 7892
	7892  -  MemoryUsage of job (MB)
	8081756  -  ResidentSetSize of job (KB)
...
006 (11799298.002.000) 2025-04-28 09:15:06 Image size of job updated: 7037
	7037  -  MemoryUsage of job (MB)
	7206068  -  ResidentSetSize of job (KB)
...
006 (11799298.004.000) 2025-04-28 09:15:16 Image size of job updated: 7559
	7559  -  MemoryUsage of job (MB)
	7740820  -  ResidentSetSize of job (KB)
...
006 (11799298.000.000) 2025-04-28 09:15:46 Image size of job updated: 6941
	6941  -  MemoryUsage of job (MB)
	7108280  -  ResidentSetSize of job (KB)
...
006 (11799298.001.000) 2025-04-28 09:15:50 Image size of job updated: 7925
	7925  -  MemoryUsage of job (MB)
	8116068  -  ResidentSetSize of job (KB)
...
006 (11799298.002.000) 2025-04-28 09:16:08 Image size of job updated: 7071
	7071  -  MemoryUsage of job (MB)
	7240736  -  ResidentSetSize of job (KB)
...
006 (11799298.004.000) 2025-04-28 09:16:16 Image size of job updated: 7589
	7589  -  MemoryUsage of job (MB)
	7771808  -  ResidentSetSize of job (KB)
...
006 (11799298.000.000) 2025-04-28 09:16:46 Image size of job updated: 6976
	6976  -  MemoryUsage of job (MB)
	7143440  -  ResidentSetSize of job (KB)
...
006 (11799298.001.000) 2025-04-28 09:16:50 Image size of job updated: 7990
	7990  -  MemoryUsage of job (MB)
	8182744  -  ResidentSetSize of job (KB)
...
006 (11799298.002.000) 2025-04-28 09:17:08 Image size of job updated: 7104
	7104  -  MemoryUsage of job (MB)
	7275100  -  ResidentSetSize of job (KB)
...
006 (11799298.004.000) 2025-04-28 09:17:16 Image size of job updated: 7620
	7620  -  MemoryUsage of job (MB)
	7802992  -  ResidentSetSize of job (KB)
...
006 (11799298.000.000) 2025-04-28 09:17:47 Image size of job updated: 7009
	7009  -  MemoryUsage of job (MB)
	7177748  -  ResidentSetSize of job (KB)
...
006 (11799298.001.000) 2025-04-28 09:17:51 Image size of job updated: 8024
	8024  -  MemoryUsage of job (MB)
	8216696  -  ResidentSetSize of job (KB)
...
006 (11799298.002.000) 2025-04-28 09:18:08 Image size of job updated: 7138
	7138  -  MemoryUsage of job (MB)
	7309532  -  ResidentSetSize of job (KB)
...
006 (11799298.004.000) 2025-04-28 09:18:17 Image size of job updated: 7650
	7650  -  MemoryUsage of job (MB)
	7833844  -  ResidentSetSize of job (KB)
...
006 (11799298.000.000) 2025-04-28 09:18:48 Image size of job updated: 7043
	7043  -  MemoryUsage of job (MB)
	7212548  -  ResidentSetSize of job (KB)
...
006 (11799298.001.000) 2025-04-28 09:18:52 Image size of job updated: 8067
	8067  -  MemoryUsage of job (MB)
	8260676  -  ResidentSetSize of job (KB)
...
006 (11799298.002.000) 2025-04-28 09:19:08 Image size of job updated: 7171
	7171  -  MemoryUsage of job (MB)
	7343996  -  ResidentSetSize of job (KB)
...
006 (11799298.004.000) 2025-04-28 09:19:18 Image size of job updated: 7680
	7680  -  MemoryUsage of job (MB)
	7865036  -  ResidentSetSize of job (KB)
...
006 (11799298.000.000) 2025-04-28 09:19:48 Image size of job updated: 7077
	7077  -  MemoryUsage of job (MB)
	7247168  -  ResidentSetSize of job (KB)
...
006 (11799298.001.000) 2025-04-28 09:19:52 Image size of job updated: 8123
	8123  -  MemoryUsage of job (MB)
	8318420  -  ResidentSetSize of job (KB)
...
006 (11799298.002.000) 2025-04-28 09:20:09 Image size of job updated: 7205
	7205  -  MemoryUsage of job (MB)
	7378544  -  ResidentSetSize of job (KB)
...
006 (11799298.004.000) 2025-04-28 09:20:19 Image size of job updated: 7724
	7724  -  MemoryUsage of job (MB)
	7910356  -  ResidentSetSize of job (KB)
...
006 (11799298.000.000) 2025-04-28 09:20:48 Image size of job updated: 7111
	7111  -  MemoryUsage of job (MB)
	7281780  -  ResidentSetSize of job (KB)
...
006 (11799298.001.000) 2025-04-28 09:20:52 Image size of job updated: 8156
	8156  -  MemoryUsage of job (MB)
	8352680  -  ResidentSetSize of job (KB)
...
006 (11799298.002.000) 2025-04-28 09:21:10 Image size of job updated: 7239
	7239  -  MemoryUsage of job (MB)
	7412976  -  ResidentSetSize of job (KB)
...
006 (11799298.004.000) 2025-04-28 09:21:19 Image size of job updated: 7725
	7725  -  MemoryUsage of job (MB)
	7910660  -  ResidentSetSize of job (KB)
...
006 (11799298.000.000) 2025-04-28 09:21:48 Image size of job updated: 7145
	7145  -  MemoryUsage of job (MB)
	7316560  -  ResidentSetSize of job (KB)
...
006 (11799298.001.000) 2025-04-28 09:21:52 Image size of job updated: 8189
	8189  -  MemoryUsage of job (MB)
	8386412  -  ResidentSetSize of job (KB)
...
006 (11799298.002.000) 2025-04-28 09:22:11 Image size of job updated: 7272
	7272  -  MemoryUsage of job (MB)
	7447540  -  ResidentSetSize of job (KB)
...
006 (11799298.004.000) 2025-04-28 09:22:19 Image size of job updated: 7755
	7755  -  MemoryUsage of job (MB)
	7941636  -  ResidentSetSize of job (KB)
...
006 (11799298.000.000) 2025-04-28 09:22:49 Image size of job updated: 7178
	7178  -  MemoryUsage of job (MB)
	7351248  -  ResidentSetSize of job (KB)
...
006 (11799298.001.000) 2025-04-28 09:22:53 Image size of job updated: 8190
	8190  -  MemoryUsage of job (MB)
	8387328  -  ResidentSetSize of job (KB)
...
006 (11799298.002.000) 2025-04-28 09:23:11 Image size of job updated: 7306
	7306  -  MemoryUsage of job (MB)
	7481972  -  ResidentSetSize of job (KB)
...
006 (11799298.004.000) 2025-04-28 09:23:20 Image size of job updated: 7786
	7786  -  MemoryUsage of job (MB)
	7973036  -  ResidentSetSize of job (KB)
...
006 (11799298.000.000) 2025-04-28 09:23:50 Image size of job updated: 7212
	7212  -  MemoryUsage of job (MB)
	7385640  -  ResidentSetSize of job (KB)
...
006 (11799298.001.000) 2025-04-28 09:23:54 Image size of job updated: 8191
	8191  -  MemoryUsage of job (MB)
	8387840  -  ResidentSetSize of job (KB)
...
006 (11799298.002.000) 2025-04-28 09:24:11 Image size of job updated: 7340
	7340  -  MemoryUsage of job (MB)
	7516316  -  ResidentSetSize of job (KB)
...
006 (11799298.004.000) 2025-04-28 09:24:21 Image size of job updated: 7816
	7816  -  MemoryUsage of job (MB)
	8004372  -  ResidentSetSize of job (KB)
...
006 (11799298.000.000) 2025-04-28 09:24:50 Image size of job updated: 7213
	7213  -  MemoryUsage of job (MB)
	7386812  -  ResidentSetSize of job (KB)
...
006 (11799298.002.000) 2025-04-28 09:25:11 Image size of job updated: 7373
	7373  -  MemoryUsage of job (MB)
	7550828  -  ResidentSetSize of job (KB)
...
006 (11799298.004.000) 2025-04-28 09:25:22 Image size of job updated: 7846
	7846  -  MemoryUsage of job (MB)
	8035112  -  ResidentSetSize of job (KB)
...
006 (11799298.000.000) 2025-04-28 09:25:50 Image size of job updated: 7247
	7247  -  MemoryUsage of job (MB)
	7421412  -  ResidentSetSize of job (KB)
...
006 (11799298.001.000) 2025-04-28 09:25:54 Image size of job updated: 8191
	8191  -  MemoryUsage of job (MB)
	8388112  -  ResidentSetSize of job (KB)
...
006 (11799298.002.000) 2025-04-28 09:26:12 Image size of job updated: 7407
	7407  -  MemoryUsage of job (MB)
	7585252  -  ResidentSetSize of job (KB)
...
006 (11799298.004.000) 2025-04-28 09:26:22 Image size of job updated: 7877
	7877  -  MemoryUsage of job (MB)
	8066292  -  ResidentSetSize of job (KB)
...
006 (11799298.000.000) 2025-04-28 09:26:51 Image size of job updated: 7281
	7281  -  MemoryUsage of job (MB)
	7455912  -  ResidentSetSize of job (KB)
...
006 (11799298.002.000) 2025-04-28 09:27:14 Image size of job updated: 7441
	7441  -  MemoryUsage of job (MB)
	7619780  -  ResidentSetSize of job (KB)
...
006 (11799298.004.000) 2025-04-28 09:27:22 Image size of job updated: 7907
	7907  -  MemoryUsage of job (MB)
	8097256  -  ResidentSetSize of job (KB)
...
006 (11799298.000.000) 2025-04-28 09:27:52 Image size of job updated: 7314
	7314  -  MemoryUsage of job (MB)
	7490460  -  ResidentSetSize of job (KB)
...
006 (11799298.001.000) 2025-04-28 09:27:56 Image size of job updated: 8191
	8191  -  MemoryUsage of job (MB)
	8388544  -  ResidentSetSize of job (KB)
...
006 (11799298.002.000) 2025-04-28 09:28:14 Image size of job updated: 7474
	7474  -  MemoryUsage of job (MB)
	7654388  -  ResidentSetSize of job (KB)
...
006 (11799298.004.000) 2025-04-28 09:28:22 Image size of job updated: 7937
	7937  -  MemoryUsage of job (MB)
	8127940  -  ResidentSetSize of job (KB)
...
006 (11799298.000.000) 2025-04-28 09:28:52 Image size of job updated: 7349
	7349  -  MemoryUsage of job (MB)
	7525680  -  ResidentSetSize of job (KB)
...
006 (11799298.001.000) 2025-04-28 09:28:56 Image size of job updated: 8191
	8191  -  MemoryUsage of job (MB)
	8388576  -  ResidentSetSize of job (KB)
...
006 (11799298.002.000) 2025-04-28 09:29:14 Image size of job updated: 7508
	7508  -  MemoryUsage of job (MB)
	7688704  -  ResidentSetSize of job (KB)
...
006 (11799298.004.000) 2025-04-28 09:29:23 Image size of job updated: 7967
	7967  -  MemoryUsage of job (MB)
	8158712  -  ResidentSetSize of job (KB)
...
006 (11799298.000.000) 2025-04-28 09:29:52 Image size of job updated: 7382
	7382  -  MemoryUsage of job (MB)
	7559832  -  ResidentSetSize of job (KB)
...
006 (11799298.002.000) 2025-04-28 09:30:14 Image size of job updated: 7529
	7529  -  MemoryUsage of job (MB)
	7710308  -  ResidentSetSize of job (KB)
...
006 (11799298.004.000) 2025-04-28 09:30:24 Image size of job updated: 7998
	7998  -  MemoryUsage of job (MB)
	8190332  -  ResidentSetSize of job (KB)
...
006 (11799298.000.000) 2025-04-28 09:30:52 Image size of job updated: 7416
	7416  -  MemoryUsage of job (MB)
	7594448  -  ResidentSetSize of job (KB)
...
006 (11799298.002.000) 2025-04-28 09:31:15 Image size of job updated: 7543
	7543  -  MemoryUsage of job (MB)
	7724752  -  ResidentSetSize of job (KB)
...
006 (11799298.004.000) 2025-04-28 09:31:24 Image size of job updated: 8028
	8028  -  MemoryUsage of job (MB)
	8221092  -  ResidentSetSize of job (KB)
...
006 (11799298.000.000) 2025-04-28 09:31:53 Image size of job updated: 7450
	7450  -  MemoryUsage of job (MB)
	7629228  -  ResidentSetSize of job (KB)
...
006 (11799298.002.000) 2025-04-28 09:32:16 Image size of job updated: 7576
	7576  -  MemoryUsage of job (MB)
	7758840  -  ResidentSetSize of job (KB)
...
006 (11799298.004.000) 2025-04-28 09:32:24 Image size of job updated: 8028
	8028  -  MemoryUsage of job (MB)
	8221160  -  ResidentSetSize of job (KB)
...
006 (11799298.000.000) 2025-04-28 09:32:54 Image size of job updated: 7484
	7484  -  MemoryUsage of job (MB)
	7663676  -  ResidentSetSize of job (KB)
...
006 (11799298.001.000) 2025-04-28 09:32:59 Image size of job updated: 8192
	8192  -  MemoryUsage of job (MB)
	8388644  -  ResidentSetSize of job (KB)
...
006 (11799298.002.000) 2025-04-28 09:33:17 Image size of job updated: 7610
	7610  -  MemoryUsage of job (MB)
	7793144  -  ResidentSetSize of job (KB)
...
006 (11799298.004.000) 2025-04-28 09:33:24 Image size of job updated: 8058
	8058  -  MemoryUsage of job (MB)
	8252392  -  ResidentSetSize of job (KB)
...
006 (11799298.000.000) 2025-04-28 09:33:54 Image size of job updated: 7518
	7518  -  MemoryUsage of job (MB)
	7698572  -  ResidentSetSize of job (KB)
...
006 (11799298.002.000) 2025-04-28 09:34:17 Image size of job updated: 7644
	7644  -  MemoryUsage of job (MB)
	7827832  -  ResidentSetSize of job (KB)
...
006 (11799298.004.000) 2025-04-28 09:34:25 Image size of job updated: 8089
	8089  -  MemoryUsage of job (MB)
	8283416  -  ResidentSetSize of job (KB)
...
006 (11799298.000.000) 2025-04-28 09:34:54 Image size of job updated: 7551
	7551  -  MemoryUsage of job (MB)
	7733160  -  ResidentSetSize of job (KB)
...
006 (11799298.002.000) 2025-04-28 09:35:17 Image size of job updated: 7677
	7677  -  MemoryUsage of job (MB)
	7861580  -  ResidentSetSize of job (KB)
...
006 (11799298.004.000) 2025-04-28 09:35:26 Image size of job updated: 8118
	8118  -  MemoryUsage of job (MB)
	8313528  -  ResidentSetSize of job (KB)
...
006 (11799298.000.000) 2025-04-28 09:35:55 Image size of job updated: 7585
	7585  -  MemoryUsage of job (MB)
	7767736  -  ResidentSetSize of job (KB)
...
006 (11799298.002.000) 2025-04-28 09:36:17 Image size of job updated: 7713
	7713  -  MemoryUsage of job (MB)
	7898732  -  ResidentSetSize of job (KB)
...
006 (11799298.004.000) 2025-04-28 09:36:27 Image size of job updated: 8148
	8148  -  MemoryUsage of job (MB)
	8344484  -  ResidentSetSize of job (KB)
...
006 (11799298.000.000) 2025-04-28 09:36:56 Image size of job updated: 7652
	7652  -  MemoryUsage of job (MB)
	7836272  -  ResidentSetSize of job (KB)
...
006 (11799298.002.000) 2025-04-28 09:37:18 Image size of job updated: 7773
	7773  -  MemoryUsage of job (MB)
	7960556  -  ResidentSetSize of job (KB)
...
006 (11799298.004.000) 2025-04-28 09:37:27 Image size of job updated: 8179
	8179  -  MemoryUsage of job (MB)
	8375684  -  ResidentSetSize of job (KB)
...
006 (11799298.000.000) 2025-04-28 09:37:57 Image size of job updated: 7686
	7686  -  MemoryUsage of job (MB)
	7871016  -  ResidentSetSize of job (KB)
...
006 (11799298.002.000) 2025-04-28 09:38:19 Image size of job updated: 7806
	7806  -  MemoryUsage of job (MB)
	7993976  -  ResidentSetSize of job (KB)
...
006 (11799298.004.000) 2025-04-28 09:38:27 Image size of job updated: 8191
	8191  -  MemoryUsage of job (MB)
	8388332  -  ResidentSetSize of job (KB)
...
006 (11799298.000.000) 2025-04-28 09:38:57 Image size of job updated: 7720
	7720  -  MemoryUsage of job (MB)
	7905468  -  ResidentSetSize of job (KB)
...
006 (11799298.002.000) 2025-04-28 09:39:20 Image size of job updated: 7838
	7838  -  MemoryUsage of job (MB)
	8026712  -  ResidentSetSize of job (KB)
...
006 (11799298.003.000) 2025-04-28 09:39:22 Image size of job updated: 8192
	8192  -  MemoryUsage of job (MB)
	8388652  -  ResidentSetSize of job (KB)
...
006 (11799298.004.000) 2025-04-28 09:39:28 Image size of job updated: 8191
	8191  -  MemoryUsage of job (MB)
	8388352  -  ResidentSetSize of job (KB)
...
006 (11799298.000.000) 2025-04-28 09:39:57 Image size of job updated: 7754
	7754  -  MemoryUsage of job (MB)
	7940176  -  ResidentSetSize of job (KB)
...
006 (11799298.002.000) 2025-04-28 09:40:20 Image size of job updated: 7871
	7871  -  MemoryUsage of job (MB)
	8060056  -  ResidentSetSize of job (KB)
...
006 (11799298.004.000) 2025-04-28 09:40:29 Image size of job updated: 8191
	8191  -  MemoryUsage of job (MB)
	8388428  -  ResidentSetSize of job (KB)
...
006 (11799298.000.000) 2025-04-28 09:40:57 Image size of job updated: 7788
	7788  -  MemoryUsage of job (MB)
	7974928  -  ResidentSetSize of job (KB)
...
006 (11799298.002.000) 2025-04-28 09:41:20 Image size of job updated: 7902
	7902  -  MemoryUsage of job (MB)
	8092652  -  ResidentSetSize of job (KB)
...
006 (11799298.004.000) 2025-04-28 09:41:30 Image size of job updated: 8192
	8192  -  MemoryUsage of job (MB)
	8388608  -  ResidentSetSize of job (KB)
...
006 (11799298.000.000) 2025-04-28 09:41:58 Image size of job updated: 7821
	7821  -  MemoryUsage of job (MB)
	8009260  -  ResidentSetSize of job (KB)
...
040 (11799298.002.000) 2025-04-28 09:42:25 Finished transferring output files
...
005 (11799298.002.000) 2025-04-28 09:42:25 Job terminated.
	(1) Normal termination (return value 0)
		Usr 0 03:29:02, Sys 0 00:03:08  -  Run Remote Usage
		Usr 0 00:00:00, Sys 0 00:00:00  -  Run Local Usage
		Usr 0 03:29:02, Sys 0 00:03:08  -  Total Remote Usage
		Usr 0 00:00:00, Sys 0 00:00:00  -  Total Local Usage
	0  -  Run Bytes Sent By Job
	418827584  -  Run Bytes Received By Job
	0  -  Total Bytes Sent By Job
	418827584  -  Total Bytes Received By Job
	Partitionable Resources :      Usage  Request Allocated 
	   Cpus                 :       0.01        1         1 
	   Disk (KB)            : 7467157    52428800  52432301 
	   GPUs                 :                             0 
	   Memory (MB)          :    7902        8192      8192 
	   TimeExecute (s)      :   14237                       
	   TimeSlotBusy (s)     :   14244                       

	Job terminated of its own accord at 2025-04-28T14:42:25Z with exit-code 0.
...
006 (11799298.000.000) 2025-04-28 09:42:59 Image size of job updated: 7822
	7822  -  MemoryUsage of job (MB)
	8010508  -  ResidentSetSize of job (KB)
...
006 (11799298.000.000) 2025-04-28 09:43:59 Image size of job updated: 7855
	7855  -  MemoryUsage of job (MB)
	8044328  -  ResidentSetSize of job (KB)
...
006 (11799298.000.000) 2025-04-28 09:44:59 Image size of job updated: 7889
	7889  -  MemoryUsage of job (MB)
	8079188  -  ResidentSetSize of job (KB)
...
040 (11799298.000.000) 2025-04-28 10:03:46 Finished transferring output files
...
005 (11799298.000.000) 2025-04-28 10:03:46 Job terminated.
	(1) Normal termination (return value 0)
		Usr 0 03:48:28, Sys 0 00:03:27  -  Run Remote Usage
		Usr 0 00:00:00, Sys 0 00:00:00  -  Run Local Usage
		Usr 0 03:48:28, Sys 0 00:03:27  -  Total Remote Usage
		Usr 0 00:00:00, Sys 0 00:00:00  -  Total Local Usage
	0  -  Run Bytes Sent By Job
	418825472  -  Run Bytes Received By Job
	0  -  Total Bytes Sent By Job
	418825472  -  Total Bytes Received By Job
	Partitionable Resources :      Usage  Request Allocated 
	   Cpus                 :       0.00        1         1 
	   Disk (KB)            : 7758301    52428800  52430331 
	   GPUs                 :                             0 
	   Memory (MB)          :    7889        8192      8192 
	   TimeExecute (s)      :   15533                       
	   TimeSlotBusy (s)     :   15548                       

	Job terminated of its own accord at 2025-04-28T15:03:46Z with exit-code 0.
...
022 (11799298.001.000) 2025-04-28 11:30:52 Job disconnected, attempting to reconnect
    Socket between submit and execute hosts closed unexpectedly
    Trying to reconnect to slot1_16@cmswn2041.fnal.gov <131.225.188.84:9618?addrs=[2620-6a-0-8421-f0-0-188-84]-9618+131.225.188.84-9618&alias=cmswn2041.fnal.gov&noUDP&sock=startd_2276_b9a4>
...
024 (11799298.001.000) 2025-04-28 12:10:52 Job reconnection failed
    Job disconnected too long: JobLeaseDuration (2400 seconds) expired
    Can not reconnect to slot1_16@cmswn2041.fnal.gov, rescheduling job
...
004 (11799298.001.000) 2025-04-28 12:11:02 Job was evicted.
	(0) CPU times
		Usr 0 05:08:44, Sys 0 00:04:15  -  Run Remote Usage
		Usr 0 00:00:00, Sys 0 00:00:00  -  Run Local Usage
	0  -  Run Bytes Sent By Job
	418825472  -  Run Bytes Received By Job
	Job disconnected too long: JobLeaseDuration (2400 seconds) expired
	Partitionable Resources :       Usage  Request Allocated 
	   Cpus                 :        0.00        1         1 
	   Disk (KB)            : 10106834    52428800  52430331 
	   GPUs                 :                              0 
	   Memory (MB)          :     8192        8192      8192 
...
040 (11799298.001.000) 2025-04-28 12:13:02 Started transferring input files
	Transferring to host: <131.225.189.46:9618?addrs=[2620-6a-0-8421-f0-0-189-46]-9618+131.225.189.46-9618&alias=cmswn2095.fnal.gov&noUDP&sock=slot1_6_3699_07af_39604>
...
040 (11799298.001.000) 2025-04-28 12:13:13 Finished transferring input files
...
001 (11799298.001.000) 2025-04-28 12:13:14 Job executing on host: <131.225.189.46:9618?addrs=[2620-6a-0-8421-f0-0-189-46]-9618+131.225.189.46-9618&alias=cmswn2095.fnal.gov&noUDP&sock=startd_2291_0390>
	SlotName: slot1_6@cmswn2095.fnal.gov
	CondorScratchDir = "/storage/local/data1/condor/execute/dir_620748"
	Cpus = 1
	Disk = 52430325
	GPUs = 0
	Memory = 8192
...
006 (11799298.003.000) 2025-04-28 14:56:28 Image size of job updated: 8192
	8192  -  MemoryUsage of job (MB)
	8388660  -  ResidentSetSize of job (KB)
...
006 (11799298.003.000) 2025-04-28 14:59:29 Image size of job updated: 8192
	8192  -  MemoryUsage of job (MB)
	8388684  -  ResidentSetSize of job (KB)
...
006 (11799298.003.000) 2025-04-28 15:19:40 Image size of job updated: 8192
	8192  -  MemoryUsage of job (MB)
	8388732  -  ResidentSetSize of job (KB)
...
006 (11799298.003.000) 2025-04-28 15:36:49 Image size of job updated: 8192
	8192  -  MemoryUsage of job (MB)
	8388764  -  ResidentSetSize of job (KB)
...
006 (11799298.003.000) 2025-04-28 16:18:11 Image size of job updated: 8192
	8192  -  MemoryUsage of job (MB)
	8388768  -  ResidentSetSize of job (KB)
...
040 (11799298.003.000) 2025-04-28 17:16:23 Finished transferring output files
...
005 (11799298.003.000) 2025-04-28 17:16:23 Job terminated.
	(1) Normal termination (return value 0)
		Usr 0 09:42:26, Sys 0 00:09:40  -  Run Remote Usage
		Usr 0 00:00:00, Sys 0 00:00:00  -  Run Local Usage
		Usr 0 09:42:26, Sys 0 00:09:40  -  Total Remote Usage
		Usr 0 00:00:00, Sys 0 00:00:00  -  Total Local Usage
	0  -  Run Bytes Sent By Job
	418827584  -  Run Bytes Received By Job
	0  -  Total Bytes Sent By Job
	418827584  -  Total Bytes Received By Job
	Partitionable Resources :       Usage  Request Allocated 
	   Cpus                 :        0.01        1         1 
	   Disk (KB)            : 18305545    52428800  52432087 
	   GPUs                 :                              0 
	   Memory (MB)          :     8192        8192      8192 
	   TimeExecute (s)      :    41475                       
	   TimeSlotBusy (s)     :    41483                       

	Job terminated of its own accord at 2025-04-28T22:16:22Z with exit-code 0.
...
040 (11799298.004.000) 2025-04-28 18:17:54 Finished transferring output files
...
005 (11799298.004.000) 2025-04-28 18:17:54 Job terminated.
	(1) Normal termination (return value 0)
		Usr 0 10:51:46, Sys 0 00:13:21  -  Run Remote Usage
		Usr 0 00:00:00, Sys 0 00:00:00  -  Run Local Usage
		Usr 0 10:51:46, Sys 0 00:13:21  -  Total Remote Usage
		Usr 0 00:00:00, Sys 0 00:00:00  -  Total Local Usage
	0  -  Run Bytes Sent By Job
	418827744  -  Run Bytes Received By Job
	0  -  Total Bytes Sent By Job
	418827744  -  Total Bytes Received By Job
	Partitionable Resources :       Usage  Request Allocated 
	   Cpus                 :        0.01        1         1 
	   Disk (KB)            : 19292070    52428800  52430329 
	   GPUs                 :                              0 
	   Memory (MB)          :     8192        8192      8192 
	   TimeExecute (s)      :    45164                       
	   TimeSlotBusy (s)     :    45174                       

	Job terminated of its own accord at 2025-04-28T23:17:54Z with exit-code 0.
...
040 (11799298.001.000) 2025-04-29 01:42:18 Finished transferring output files
...
005 (11799298.001.000) 2025-04-29 01:42:19 Job terminated.
	(1) Normal termination (return value 0)
		Usr 0 11:52:13, Sys 0 00:13:38  -  Run Remote Usage
		Usr 0 00:00:00, Sys 0 00:00:00  -  Run Local Usage
		Usr 0 17:00:57, Sys 0 00:17:53  -  Total Remote Usage
		Usr 0 00:00:00, Sys 0 00:00:00  -  Total Local Usage
	0  -  Run Bytes Sent By Job
	420153888  -  Run Bytes Received By Job
	0  -  Total Bytes Sent By Job
	838979360  -  Total Bytes Received By Job
	Partitionable Resources :       Usage  Request Allocated 
	   Cpus                 :        0.01        1         1 
	   Disk (KB)            : 17455449    52428800  52430325 
	   GPUs                 :                              0 
	   Memory (MB)          :     8192        8192      8192 
	   TimeExecute (s)      :    48544                       
	   TimeSlotBusy (s)     :    48561                       

	Job terminated of its own accord at 2025-04-29T06:42:18Z with exit-code 0.
...
