000 (52791706.000.000) 2025-04-10 04:24:06 Job submitted from host: <131.225.204.62:9618?addrs=131.225.204.62-9618+[2620-6a-0-8420-f0-0-204-62]-9618&alias=lpcschedd5.fnal.gov&noUDP&sock=schedd_2241_b7d3>
...
000 (52791706.001.000) 2025-04-10 04:24:06 Job submitted from host: <131.225.204.62:9618?addrs=131.225.204.62-9618+[2620-6a-0-8420-f0-0-204-62]-9618&alias=lpcschedd5.fnal.gov&noUDP&sock=schedd_2241_b7d3>
...
000 (52791706.002.000) 2025-04-10 04:24:06 Job submitted from host: <131.225.204.62:9618?addrs=131.225.204.62-9618+[2620-6a-0-8420-f0-0-204-62]-9618&alias=lpcschedd5.fnal.gov&noUDP&sock=schedd_2241_b7d3>
...
000 (52791706.003.000) 2025-04-10 04:24:06 Job submitted from host: <131.225.204.62:9618?addrs=131.225.204.62-9618+[2620-6a-0-8420-f0-0-204-62]-9618&alias=lpcschedd5.fnal.gov&noUDP&sock=schedd_2241_b7d3>
...
000 (52791706.004.000) 2025-04-10 04:24:06 Job submitted from host: <131.225.204.62:9618?addrs=131.225.204.62-9618+[2620-6a-0-8420-f0-0-204-62]-9618&alias=lpcschedd5.fnal.gov&noUDP&sock=schedd_2241_b7d3>
...
040 (52791706.002.000) 2025-04-10 04:24:22 Started transferring input files
	Transferring to host: <131.225.189.173:9618?addrs=[2620-6a-0-8421-f0-0-189-173]-9618+131.225.189.173-9618&alias=cmswn2123.fnal.gov&noUDP&sock=slot1_11_2668_98e6_20063>
...
040 (52791706.001.000) 2025-04-10 04:24:22 Started transferring input files
	Transferring to host: <131.225.188.199:9618?addrs=[2620-6a-0-8421-f0-0-188-199]-9618+131.225.188.199-9618&alias=cmswn2064.fnal.gov&noUDP&sock=slot1_6_2603_cc83_18509>
...
040 (52791706.003.000) 2025-04-10 04:24:22 Started transferring input files
	Transferring to host: <131.225.188.157:9618?addrs=[2620-6a-0-8421-f0-0-188-157]-9618+131.225.188.157-9618&alias=cmswn2053.fnal.gov&noUDP&sock=slot1_7_479350_305e_9763>
...
040 (52791706.000.000) 2025-04-10 04:24:22 Started transferring input files
	Transferring to host: <131.225.189.19:9618?addrs=[2620-6a-0-8421-f0-0-189-19]-9618+131.225.189.19-9618&alias=cmswn2082.fnal.gov&noUDP&sock=slot1_10_3311_a620_19911>
...
040 (52791706.004.000) 2025-04-10 04:24:23 Started transferring input files
	Transferring to host: <131.225.189.225:9618?addrs=[2620-6a-0-8421-f0-0-189-225]-9618+131.225.189.225-9618&alias=cmswn2150.fnal.gov&noUDP&sock=slot1_8_2322_cf18_15656>
...
040 (52791706.002.000) 2025-04-10 04:24:26 Finished transferring input files
...
040 (52791706.003.000) 2025-04-10 04:24:26 Finished transferring input files
...
001 (52791706.002.000) 2025-04-10 04:24:27 Job executing on host: <131.225.189.173:9618?addrs=[2620-6a-0-8421-f0-0-189-173]-9618+131.225.189.173-9618&alias=cmswn2123.fnal.gov&noUDP&sock=startd_2333_d28a>
	SlotName: slot1_11@cmswn2123.fnal.gov
	CondorScratchDir = "/storage/local/data1/condor/execute/dir_936182"
	Cpus = 1
	Disk = 52432112
	GPUs = 0
	Memory = 8192
...
001 (52791706.003.000) 2025-04-10 04:24:27 Job executing on host: <131.225.188.157:9618?addrs=[2620-6a-0-8421-f0-0-188-157]-9618+131.225.188.157-9618&alias=cmswn2053.fnal.gov&noUDP&sock=startd_2276_b9a4>
	SlotName: slot1_7@cmswn2053.fnal.gov
	CondorScratchDir = "/storage/local/data1/condor/execute/dir_535578"
	Cpus = 1
	Disk = 52430337
	GPUs = 0
	Memory = 8192
...
040 (52791706.000.000) 2025-04-10 04:24:28 Finished transferring input files
...
001 (52791706.000.000) 2025-04-10 04:24:29 Job executing on host: <131.225.189.19:9618?addrs=[2620-6a-0-8421-f0-0-189-19]-9618+131.225.189.19-9618&alias=cmswn2082.fnal.gov&noUDP&sock=startd_2275_0a0c>
	SlotName: slot1_10@cmswn2082.fnal.gov
	CondorScratchDir = "/storage/local/data1/condor/execute/dir_474715"
	Cpus = 1
	Disk = 52430341
	GPUs = 0
	Memory = 8192
...
040 (52791706.004.000) 2025-04-10 04:24:29 Finished transferring input files
...
001 (52791706.004.000) 2025-04-10 04:24:30 Job executing on host: <131.225.189.225:9618?addrs=[2620-6a-0-8421-f0-0-189-225]-9618+131.225.189.225-9618&alias=cmswn2150.fnal.gov&noUDP&sock=startd_2242_676c>
	SlotName: slot1_8@cmswn2150.fnal.gov
	CondorScratchDir = "/storage/local/data1/condor/execute/dir_1255759"
	Cpus = 1
	Disk = 52432301
	GPUs = 0
	Memory = 8192
...
040 (52791706.001.000) 2025-04-10 04:24:30 Finished transferring input files
...
001 (52791706.001.000) 2025-04-10 04:24:31 Job executing on host: <131.225.188.199:9618?addrs=[2620-6a-0-8421-f0-0-188-199]-9618+131.225.188.199-9618&alias=cmswn2064.fnal.gov&noUDP&sock=startd_2277_693c>
	SlotName: slot1_6@cmswn2064.fnal.gov
	CondorScratchDir = "/storage/local/data1/condor/execute/dir_3146224"
	Cpus = 1
	Disk = 52430327
	GPUs = 0
	Memory = 8192
...
006 (52791706.000.000) 2025-04-10 04:24:37 Image size of job updated: 113
	113  -  MemoryUsage of job (MB)
	116560  -  ResidentSetSize of job (KB)
...
006 (52791706.004.000) 2025-04-10 04:24:39 Image size of job updated: 102
	102  -  MemoryUsage of job (MB)
	104540  -  ResidentSetSize of job (KB)
...
006 (52791706.001.000) 2025-04-10 04:24:40 Image size of job updated: 108
	108  -  MemoryUsage of job (MB)
	110788  -  ResidentSetSize of job (KB)
...
006 (52791706.002.000) 2025-04-10 04:25:36 Image size of job updated: 598
	598  -  MemoryUsage of job (MB)
	613196  -  ResidentSetSize of job (KB)
...
006 (52791706.003.000) 2025-04-10 04:25:37 Image size of job updated: 562
	562  -  MemoryUsage of job (MB)
	575740  -  ResidentSetSize of job (KB)
...
006 (52791706.000.000) 2025-04-10 04:25:37 Image size of job updated: 602
	602  -  MemoryUsage of job (MB)
	617248  -  ResidentSetSize of job (KB)
...
006 (52791706.004.000) 2025-04-10 04:25:39 Image size of job updated: 546
	546  -  MemoryUsage of job (MB)
	559184  -  ResidentSetSize of job (KB)
...
006 (52791706.001.000) 2025-04-10 04:25:41 Image size of job updated: 603
	603  -  MemoryUsage of job (MB)
	617492  -  ResidentSetSize of job (KB)
...
006 (52791706.002.000) 2025-04-10 04:26:36 Image size of job updated: 599
	599  -  MemoryUsage of job (MB)
	613700  -  ResidentSetSize of job (KB)
...
006 (52791706.003.000) 2025-04-10 04:26:37 Image size of job updated: 562
	562  -  MemoryUsage of job (MB)
	576096  -  ResidentSetSize of job (KB)
...
006 (52791706.000.000) 2025-04-10 04:26:38 Image size of job updated: 603
	603  -  MemoryUsage of job (MB)
	617760  -  ResidentSetSize of job (KB)
...
006 (52791706.004.000) 2025-04-10 04:26:40 Image size of job updated: 546
	546  -  MemoryUsage of job (MB)
	559536  -  ResidentSetSize of job (KB)
...
006 (52791706.001.000) 2025-04-10 04:26:42 Image size of job updated: 603
	603  -  MemoryUsage of job (MB)
	617812  -  ResidentSetSize of job (KB)
...
006 (52791706.002.000) 2025-04-10 04:27:36 Image size of job updated: 599
	599  -  MemoryUsage of job (MB)
	613856  -  ResidentSetSize of job (KB)
...
006 (52791706.003.000) 2025-04-10 04:27:38 Image size of job updated: 562
	562  -  MemoryUsage of job (MB)
	576288  -  ResidentSetSize of job (KB)
...
006 (52791706.004.000) 2025-04-10 04:27:40 Image size of job updated: 550
	550  -  MemoryUsage of job (MB)
	563580  -  ResidentSetSize of job (KB)
...
006 (52791706.003.000) 2025-04-10 04:28:38 Image size of job updated: 563
	563  -  MemoryUsage of job (MB)
	577388  -  ResidentSetSize of job (KB)
...
006 (52791706.000.000) 2025-04-10 04:28:39 Image size of job updated: 604
	604  -  MemoryUsage of job (MB)
	618684  -  ResidentSetSize of job (KB)
...
006 (52791706.004.000) 2025-04-10 04:28:41 Image size of job updated: 550
	550  -  MemoryUsage of job (MB)
	564148  -  ResidentSetSize of job (KB)
...
006 (52791706.003.000) 2025-04-10 04:29:39 Image size of job updated: 564
	564  -  MemoryUsage of job (MB)
	578280  -  ResidentSetSize of job (KB)
...
006 (52791706.000.000) 2025-04-10 04:29:39 Image size of job updated: 604
	604  -  MemoryUsage of job (MB)
	619464  -  ResidentSetSize of job (KB)
...
006 (52791706.004.000) 2025-04-10 04:29:42 Image size of job updated: 551
	551  -  MemoryUsage of job (MB)
	565208  -  ResidentSetSize of job (KB)
...
006 (52791706.003.000) 2025-04-10 04:30:40 Image size of job updated: 565
	565  -  MemoryUsage of job (MB)
	579260  -  ResidentSetSize of job (KB)
...
006 (52791706.000.000) 2025-04-10 04:30:40 Image size of job updated: 606
	606  -  MemoryUsage of job (MB)
	620696  -  ResidentSetSize of job (KB)
...
006 (52791706.003.000) 2025-04-10 04:31:40 Image size of job updated: 566
	566  -  MemoryUsage of job (MB)
	579740  -  ResidentSetSize of job (KB)
...
006 (52791706.000.000) 2025-04-10 04:31:41 Image size of job updated: 607
	607  -  MemoryUsage of job (MB)
	621668  -  ResidentSetSize of job (KB)
...
006 (52791706.003.000) 2025-04-10 04:32:41 Image size of job updated: 567
	567  -  MemoryUsage of job (MB)
	580704  -  ResidentSetSize of job (KB)
...
006 (52791706.000.000) 2025-04-10 04:32:41 Image size of job updated: 607
	607  -  MemoryUsage of job (MB)
	622416  -  ResidentSetSize of job (KB)
...
006 (52791706.002.000) 2025-04-10 04:33:39 Image size of job updated: 647
	647  -  MemoryUsage of job (MB)
	663076  -  ResidentSetSize of job (KB)
...
006 (52791706.003.000) 2025-04-10 04:33:41 Image size of job updated: 681
	681  -  MemoryUsage of job (MB)
	698188  -  ResidentSetSize of job (KB)
...
006 (52791706.000.000) 2025-04-10 04:33:42 Image size of job updated: 860
	860  -  MemoryUsage of job (MB)
	881604  -  ResidentSetSize of job (KB)
...
006 (52791706.002.000) 2025-04-10 04:34:40 Image size of job updated: 958
	958  -  MemoryUsage of job (MB)
	981632  -  ResidentSetSize of job (KB)
...
006 (52791706.003.000) 2025-04-10 04:34:41 Image size of job updated: 893
	893  -  MemoryUsage of job (MB)
	914964  -  ResidentSetSize of job (KB)
...
006 (52791706.000.000) 2025-04-10 04:34:43 Image size of job updated: 968
	968  -  MemoryUsage of job (MB)
	991884  -  ResidentSetSize of job (KB)
...
006 (52791706.001.000) 2025-04-10 04:34:49 Image size of job updated: 854
	854  -  MemoryUsage of job (MB)
	875044  -  ResidentSetSize of job (KB)
...
006 (52791706.003.000) 2025-04-10 04:35:42 Image size of job updated: 893
	893  -  MemoryUsage of job (MB)
	915020  -  ResidentSetSize of job (KB)
...
006 (52791706.000.000) 2025-04-10 04:35:44 Image size of job updated: 968
	968  -  MemoryUsage of job (MB)
	992052  -  ResidentSetSize of job (KB)
...
006 (52791706.004.000) 2025-04-10 04:35:45 Image size of job updated: 623
	623  -  MemoryUsage of job (MB)
	638472  -  ResidentSetSize of job (KB)
...
006 (52791706.001.000) 2025-04-10 04:35:49 Image size of job updated: 963
	963  -  MemoryUsage of job (MB)
	986176  -  ResidentSetSize of job (KB)
...
006 (52791706.003.000) 2025-04-10 04:36:42 Image size of job updated: 893
	893  -  MemoryUsage of job (MB)
	915044  -  ResidentSetSize of job (KB)
...
006 (52791706.004.000) 2025-04-10 04:36:45 Image size of job updated: 879
	879  -  MemoryUsage of job (MB)
	900836  -  ResidentSetSize of job (KB)
...
006 (52791706.002.000) 2025-04-10 04:37:42 Image size of job updated: 970
	970  -  MemoryUsage of job (MB)
	994136  -  ResidentSetSize of job (KB)
...
006 (52791706.003.000) 2025-04-10 04:37:42 Image size of job updated: 893
	893  -  MemoryUsage of job (MB)
	915060  -  ResidentSetSize of job (KB)
...
006 (52791706.004.000) 2025-04-10 04:37:46 Image size of job updated: 879
	879  -  MemoryUsage of job (MB)
	901028  -  ResidentSetSize of job (KB)
...
006 (52791706.003.000) 2025-04-10 04:38:43 Image size of job updated: 917
	917  -  MemoryUsage of job (MB)
	939464  -  ResidentSetSize of job (KB)
...
006 (52791706.000.000) 2025-04-10 04:38:45 Image size of job updated: 979
	979  -  MemoryUsage of job (MB)
	1002688  -  ResidentSetSize of job (KB)
...
006 (52791706.004.000) 2025-04-10 04:38:47 Image size of job updated: 880
	880  -  MemoryUsage of job (MB)
	901264  -  ResidentSetSize of job (KB)
...
006 (52791706.002.000) 2025-04-10 04:39:43 Image size of job updated: 970
	970  -  MemoryUsage of job (MB)
	994284  -  ResidentSetSize of job (KB)
...
006 (52791706.004.000) 2025-04-10 04:39:47 Image size of job updated: 909
	909  -  MemoryUsage of job (MB)
	931248  -  ResidentSetSize of job (KB)
...
006 (52791706.002.000) 2025-04-10 04:40:44 Image size of job updated: 972
	972  -  MemoryUsage of job (MB)
	996124  -  ResidentSetSize of job (KB)
...
006 (52791706.000.000) 2025-04-10 04:40:46 Image size of job updated: 982
	982  -  MemoryUsage of job (MB)
	1006180  -  ResidentSetSize of job (KB)
...
006 (52791706.004.000) 2025-04-10 04:40:47 Image size of job updated: 909
	909  -  MemoryUsage of job (MB)
	931636  -  ResidentSetSize of job (KB)
...
006 (52791706.004.000) 2025-04-10 04:41:48 Image size of job updated: 910
	910  -  MemoryUsage of job (MB)
	931864  -  ResidentSetSize of job (KB)
...
006 (52791706.001.000) 2025-04-10 04:42:51 Image size of job updated: 965
	965  -  MemoryUsage of job (MB)
	988844  -  ResidentSetSize of job (KB)
...
006 (52791706.000.000) 2025-04-10 04:43:47 Image size of job updated: 982
	982  -  MemoryUsage of job (MB)
	1006384  -  ResidentSetSize of job (KB)
...
006 (52791706.001.000) 2025-04-10 04:43:52 Image size of job updated: 968
	968  -  MemoryUsage of job (MB)
	991500  -  ResidentSetSize of job (KB)
...
006 (52791706.001.000) 2025-04-10 04:44:53 Image size of job updated: 976
	976  -  MemoryUsage of job (MB)
	1000232  -  ResidentSetSize of job (KB)
...
006 (52791706.001.000) 2025-04-10 04:45:54 Image size of job updated: 1002
	1002  -  MemoryUsage of job (MB)
	1026944  -  ResidentSetSize of job (KB)
...
006 (52791706.002.000) 2025-04-10 04:47:49 Image size of job updated: 1112
	1112  -  MemoryUsage of job (MB)
	1139472  -  ResidentSetSize of job (KB)
...
006 (52791706.000.000) 2025-04-10 04:47:50 Image size of job updated: 1129
	1129  -  MemoryUsage of job (MB)
	1157088  -  ResidentSetSize of job (KB)
...
006 (52791706.002.000) 2025-04-10 04:48:49 Image size of job updated: 1148
	1148  -  MemoryUsage of job (MB)
	1175940  -  ResidentSetSize of job (KB)
...
006 (52791706.000.000) 2025-04-10 04:48:51 Image size of job updated: 1162
	1162  -  MemoryUsage of job (MB)
	1190060  -  ResidentSetSize of job (KB)
...
006 (52791706.002.000) 2025-04-10 04:49:49 Image size of job updated: 1182
	1182  -  MemoryUsage of job (MB)
	1210704  -  ResidentSetSize of job (KB)
...
006 (52791706.000.000) 2025-04-10 04:49:51 Image size of job updated: 1194
	1194  -  MemoryUsage of job (MB)
	1222724  -  ResidentSetSize of job (KB)
...
006 (52791706.002.000) 2025-04-10 04:50:49 Image size of job updated: 1212
	1212  -  MemoryUsage of job (MB)
	1241288  -  ResidentSetSize of job (KB)
...
006 (52791706.000.000) 2025-04-10 04:50:52 Image size of job updated: 1223
	1223  -  MemoryUsage of job (MB)
	1253060  -  ResidentSetSize of job (KB)
...
006 (52791706.002.000) 2025-04-10 04:51:50 Image size of job updated: 1271
	1271  -  MemoryUsage of job (MB)
	1302220  -  ResidentSetSize of job (KB)
...
006 (52791706.000.000) 2025-04-10 04:51:52 Image size of job updated: 1253
	1253  -  MemoryUsage of job (MB)
	1283316  -  ResidentSetSize of job (KB)
...
006 (52791706.002.000) 2025-04-10 04:52:51 Image size of job updated: 1302
	1302  -  MemoryUsage of job (MB)
	1333412  -  ResidentSetSize of job (KB)
...
006 (52791706.000.000) 2025-04-10 04:52:52 Image size of job updated: 1312
	1312  -  MemoryUsage of job (MB)
	1343876  -  ResidentSetSize of job (KB)
...
006 (52791706.002.000) 2025-04-10 04:53:52 Image size of job updated: 1331
	1331  -  MemoryUsage of job (MB)
	1363796  -  ResidentSetSize of job (KB)
...
006 (52791706.000.000) 2025-04-10 04:53:53 Image size of job updated: 1342
	1342  -  MemoryUsage of job (MB)
	1374412  -  ResidentSetSize of job (KB)
...
006 (52791706.002.000) 2025-04-10 04:54:52 Image size of job updated: 1391
	1391  -  MemoryUsage of job (MB)
	1424512  -  ResidentSetSize of job (KB)
...
006 (52791706.000.000) 2025-04-10 04:54:53 Image size of job updated: 1371
	1371  -  MemoryUsage of job (MB)
	1404912  -  ResidentSetSize of job (KB)
...
006 (52791706.003.000) 2025-04-10 04:55:52 Image size of job updated: 1041
	1041  -  MemoryUsage of job (MB)
	1066940  -  ResidentSetSize of job (KB)
...
006 (52791706.002.000) 2025-04-10 04:55:53 Image size of job updated: 1421
	1421  -  MemoryUsage of job (MB)
	1455396  -  ResidentSetSize of job (KB)
...
006 (52791706.000.000) 2025-04-10 04:55:53 Image size of job updated: 1401
	1401  -  MemoryUsage of job (MB)
	1434692  -  ResidentSetSize of job (KB)
...
006 (52791706.003.000) 2025-04-10 04:56:53 Image size of job updated: 1070
	1070  -  MemoryUsage of job (MB)
	1096116  -  ResidentSetSize of job (KB)
...
006 (52791706.002.000) 2025-04-10 04:56:53 Image size of job updated: 1452
	1452  -  MemoryUsage of job (MB)
	1486956  -  ResidentSetSize of job (KB)
...
006 (52791706.000.000) 2025-04-10 04:56:54 Image size of job updated: 1430
	1430  -  MemoryUsage of job (MB)
	1465252  -  ResidentSetSize of job (KB)
...
006 (52791706.000.000) 2025-04-10 04:57:54 Image size of job updated: 1468
	1468  -  MemoryUsage of job (MB)
	1503852  -  ResidentSetSize of job (KB)
...
006 (52791706.002.000) 2025-04-10 04:57:54 Image size of job updated: 1482
	1482  -  MemoryUsage of job (MB)
	1517856  -  ResidentSetSize of job (KB)
...
006 (52791706.003.000) 2025-04-10 04:58:53 Image size of job updated: 1129
	1129  -  MemoryUsage of job (MB)
	1156336  -  ResidentSetSize of job (KB)
...
006 (52791706.000.000) 2025-04-10 04:58:54 Image size of job updated: 1519
	1519  -  MemoryUsage of job (MB)
	1555656  -  ResidentSetSize of job (KB)
...
006 (52791706.002.000) 2025-04-10 04:58:55 Image size of job updated: 1541
	1541  -  MemoryUsage of job (MB)
	1578512  -  ResidentSetSize of job (KB)
...
006 (52791706.003.000) 2025-04-10 04:59:53 Image size of job updated: 1157
	1157  -  MemoryUsage of job (MB)
	1185748  -  ResidentSetSize of job (KB)
...
006 (52791706.000.000) 2025-04-10 04:59:55 Image size of job updated: 1547
	1547  -  MemoryUsage of job (MB)
	1585072  -  ResidentSetSize of job (KB)
...
006 (52791706.002.000) 2025-04-10 04:59:55 Image size of job updated: 1571
	1571  -  MemoryUsage of job (MB)
	1608788  -  ResidentSetSize of job (KB)
...
006 (52791706.003.000) 2025-04-10 05:00:53 Image size of job updated: 1215
	1215  -  MemoryUsage of job (MB)
	1244296  -  ResidentSetSize of job (KB)
...
006 (52791706.000.000) 2025-04-10 05:00:56 Image size of job updated: 1578
	1578  -  MemoryUsage of job (MB)
	1615952  -  ResidentSetSize of job (KB)
...
006 (52791706.002.000) 2025-04-10 05:00:56 Image size of job updated: 1600
	1600  -  MemoryUsage of job (MB)
	1639140  -  ResidentSetSize of job (KB)
...
006 (52791706.003.000) 2025-04-10 05:01:53 Image size of job updated: 1244
	1244  -  MemoryUsage of job (MB)
	1274236  -  ResidentSetSize of job (KB)
...
006 (52791706.002.000) 2025-04-10 05:01:56 Image size of job updated: 1632
	1632  -  MemoryUsage of job (MB)
	1671772  -  ResidentSetSize of job (KB)
...
006 (52791706.000.000) 2025-04-10 05:01:56 Image size of job updated: 1607
	1607  -  MemoryUsage of job (MB)
	1646532  -  ResidentSetSize of job (KB)
...
006 (52791706.003.000) 2025-04-10 05:02:54 Image size of job updated: 1274
	1274  -  MemoryUsage of job (MB)
	1304820  -  ResidentSetSize of job (KB)
...
006 (52791706.002.000) 2025-04-10 05:02:56 Image size of job updated: 1692
	1692  -  MemoryUsage of job (MB)
	1733140  -  ResidentSetSize of job (KB)
...
006 (52791706.000.000) 2025-04-10 05:02:57 Image size of job updated: 1638
	1638  -  MemoryUsage of job (MB)
	1677340  -  ResidentSetSize of job (KB)
...
006 (52791706.003.000) 2025-04-10 05:03:55 Image size of job updated: 1303
	1303  -  MemoryUsage of job (MB)
	1334992  -  ResidentSetSize of job (KB)
...
006 (52791706.002.000) 2025-04-10 05:03:57 Image size of job updated: 1753
	1753  -  MemoryUsage of job (MB)
	1795264  -  ResidentSetSize of job (KB)
...
006 (52791706.000.000) 2025-04-10 05:03:58 Image size of job updated: 1668
	1668  -  MemoryUsage of job (MB)
	1708292  -  ResidentSetSize of job (KB)
...
006 (52791706.004.000) 2025-04-10 05:04:00 Image size of job updated: 1071
	1071  -  MemoryUsage of job (MB)
	1097056  -  ResidentSetSize of job (KB)
...
006 (52791706.003.000) 2025-04-10 05:04:55 Image size of job updated: 1361
	1361  -  MemoryUsage of job (MB)
	1393892  -  ResidentSetSize of job (KB)
...
006 (52791706.000.000) 2025-04-10 05:04:58 Image size of job updated: 1698
	1698  -  MemoryUsage of job (MB)
	1738936  -  ResidentSetSize of job (KB)
...
006 (52791706.002.000) 2025-04-10 05:04:58 Image size of job updated: 1784
	1784  -  MemoryUsage of job (MB)
	1827568  -  ResidentSetSize of job (KB)
...
006 (52791706.004.000) 2025-04-10 05:05:00 Image size of job updated: 1100
	1100  -  MemoryUsage of job (MB)
	1126916  -  ResidentSetSize of job (KB)
...
006 (52791706.003.000) 2025-04-10 05:05:56 Image size of job updated: 1390
	1390  -  MemoryUsage of job (MB)
	1423716  -  ResidentSetSize of job (KB)
...
006 (52791706.000.000) 2025-04-10 05:05:58 Image size of job updated: 1756
	1756  -  MemoryUsage of job (MB)
	1798524  -  ResidentSetSize of job (KB)
...
006 (52791706.002.000) 2025-04-10 05:05:59 Image size of job updated: 1842
	1842  -  MemoryUsage of job (MB)
	1887164  -  ResidentSetSize of job (KB)
...
006 (52791706.004.000) 2025-04-10 05:06:00 Image size of job updated: 1128
	1128  -  MemoryUsage of job (MB)
	1155804  -  ResidentSetSize of job (KB)
...
006 (52791706.003.000) 2025-04-10 05:06:57 Image size of job updated: 1419
	1419  -  MemoryUsage of job (MB)
	1453412  -  ResidentSetSize of job (KB)
...
006 (52791706.000.000) 2025-04-10 05:06:59 Image size of job updated: 1786
	1786  -  MemoryUsage of job (MB)
	1829152  -  ResidentSetSize of job (KB)
...
006 (52791706.002.000) 2025-04-10 05:06:59 Image size of job updated: 1872
	1872  -  MemoryUsage of job (MB)
	1917180  -  ResidentSetSize of job (KB)
...
006 (52791706.004.000) 2025-04-10 05:07:01 Image size of job updated: 1157
	1157  -  MemoryUsage of job (MB)
	1185148  -  ResidentSetSize of job (KB)
...
006 (52791706.003.000) 2025-04-10 05:07:57 Image size of job updated: 1478
	1478  -  MemoryUsage of job (MB)
	1513476  -  ResidentSetSize of job (KB)
...
006 (52791706.000.000) 2025-04-10 05:07:59 Image size of job updated: 1815
	1815  -  MemoryUsage of job (MB)
	1859484  -  ResidentSetSize of job (KB)
...
006 (52791706.002.000) 2025-04-10 05:08:00 Image size of job updated: 1902
	1902  -  MemoryUsage of job (MB)
	1947740  -  ResidentSetSize of job (KB)
...
006 (52791706.004.000) 2025-04-10 05:08:01 Image size of job updated: 1185
	1185  -  MemoryUsage of job (MB)
	1214292  -  ResidentSetSize of job (KB)
...
006 (52791706.003.000) 2025-04-10 05:08:57 Image size of job updated: 1507
	1507  -  MemoryUsage of job (MB)
	1543892  -  ResidentSetSize of job (KB)
...
006 (52791706.000.000) 2025-04-10 05:08:59 Image size of job updated: 1845
	1845  -  MemoryUsage of job (MB)
	1889896  -  ResidentSetSize of job (KB)
...
006 (52791706.002.000) 2025-04-10 05:09:01 Image size of job updated: 1962
	1962  -  MemoryUsage of job (MB)
	2009176  -  ResidentSetSize of job (KB)
...
006 (52791706.004.000) 2025-04-10 05:09:02 Image size of job updated: 1214
	1214  -  MemoryUsage of job (MB)
	1243560  -  ResidentSetSize of job (KB)
...
006 (52791706.003.000) 2025-04-10 05:09:57 Image size of job updated: 1537
	1537  -  MemoryUsage of job (MB)
	1574080  -  ResidentSetSize of job (KB)
...
006 (52791706.000.000) 2025-04-10 05:10:00 Image size of job updated: 1875
	1875  -  MemoryUsage of job (MB)
	1920852  -  ResidentSetSize of job (KB)
...
006 (52791706.002.000) 2025-04-10 05:10:02 Image size of job updated: 1992
	1992  -  MemoryUsage of job (MB)
	2040292  -  ResidentSetSize of job (KB)
...
006 (52791706.004.000) 2025-04-10 05:10:03 Image size of job updated: 1243
	1243  -  MemoryUsage of job (MB)
	1273020  -  ResidentSetSize of job (KB)
...
006 (52791706.003.000) 2025-04-10 05:10:58 Image size of job updated: 1595
	1595  -  MemoryUsage of job (MB)
	1634168  -  ResidentSetSize of job (KB)
...
006 (52791706.000.000) 2025-04-10 05:11:01 Image size of job updated: 1904
	1904  -  MemoryUsage of job (MB)
	1950712  -  ResidentSetSize of job (KB)
...
006 (52791706.002.000) 2025-04-10 05:11:02 Image size of job updated: 2051
	2051  -  MemoryUsage of job (MB)
	2100240  -  ResidentSetSize of job (KB)
...
006 (52791706.004.000) 2025-04-10 05:11:03 Image size of job updated: 1272
	1272  -  MemoryUsage of job (MB)
	1302684  -  ResidentSetSize of job (KB)
...
006 (52791706.001.000) 2025-04-10 05:11:08 Image size of job updated: 1125
	1125  -  MemoryUsage of job (MB)
	1152344  -  ResidentSetSize of job (KB)
...
006 (52791706.003.000) 2025-04-10 05:11:59 Image size of job updated: 1625
	1625  -  MemoryUsage of job (MB)
	1664152  -  ResidentSetSize of job (KB)
...
006 (52791706.000.000) 2025-04-10 05:12:01 Image size of job updated: 1963
	1963  -  MemoryUsage of job (MB)
	2010684  -  ResidentSetSize of job (KB)
...
006 (52791706.002.000) 2025-04-10 05:12:03 Image size of job updated: 2080
	2080  -  MemoryUsage of job (MB)
	2130668  -  ResidentSetSize of job (KB)
...
006 (52791706.004.000) 2025-04-10 05:12:04 Image size of job updated: 1301
	1301  -  MemoryUsage of job (MB)
	1332428  -  ResidentSetSize of job (KB)
...
006 (52791706.001.000) 2025-04-10 05:12:09 Image size of job updated: 1155
	1155  -  MemoryUsage of job (MB)
	1182876  -  ResidentSetSize of job (KB)
...
006 (52791706.003.000) 2025-04-10 05:12:59 Image size of job updated: 1653
	1653  -  MemoryUsage of job (MB)
	1693456  -  ResidentSetSize of job (KB)
...
006 (52791706.000.000) 2025-04-10 05:13:02 Image size of job updated: 1992
	1992  -  MemoryUsage of job (MB)
	2040420  -  ResidentSetSize of job (KB)
...
006 (52791706.002.000) 2025-04-10 05:13:04 Image size of job updated: 2137
	2137  -  MemoryUsage of job (MB)
	2189268  -  ResidentSetSize of job (KB)
...
006 (52791706.004.000) 2025-04-10 05:13:05 Image size of job updated: 1357
	1357  -  MemoryUsage of job (MB)
	1390064  -  ResidentSetSize of job (KB)
...
006 (52791706.001.000) 2025-04-10 05:13:10 Image size of job updated: 1184
	1184  -  MemoryUsage of job (MB)
	1213396  -  ResidentSetSize of job (KB)
...
006 (52791706.003.000) 2025-04-10 05:13:59 Image size of job updated: 1711
	1711  -  MemoryUsage of job (MB)
	1752492  -  ResidentSetSize of job (KB)
...
006 (52791706.000.000) 2025-04-10 05:14:03 Image size of job updated: 2022
	2022  -  MemoryUsage of job (MB)
	2070960  -  ResidentSetSize of job (KB)
...
006 (52791706.002.000) 2025-04-10 05:14:04 Image size of job updated: 2171
	2171  -  MemoryUsage of job (MB)
	2223964  -  ResidentSetSize of job (KB)
...
006 (52791706.004.000) 2025-04-10 05:14:05 Image size of job updated: 1385
	1385  -  MemoryUsage of job (MB)
	1418680  -  ResidentSetSize of job (KB)
...
006 (52791706.001.000) 2025-04-10 05:14:11 Image size of job updated: 1197
	1197  -  MemoryUsage of job (MB)
	1225744  -  ResidentSetSize of job (KB)
...
006 (52791706.003.000) 2025-04-10 05:15:00 Image size of job updated: 1740
	1740  -  MemoryUsage of job (MB)
	1782232  -  ResidentSetSize of job (KB)
...
006 (52791706.000.000) 2025-04-10 05:15:04 Image size of job updated: 2051
	2051  -  MemoryUsage of job (MB)
	2100988  -  ResidentSetSize of job (KB)
...
006 (52791706.002.000) 2025-04-10 05:15:05 Image size of job updated: 2225
	2225  -  MemoryUsage of job (MB)
	2278812  -  ResidentSetSize of job (KB)
...
006 (52791706.004.000) 2025-04-10 05:15:06 Image size of job updated: 1414
	1414  -  MemoryUsage of job (MB)
	1448340  -  ResidentSetSize of job (KB)
...
006 (52791706.001.000) 2025-04-10 05:15:12 Image size of job updated: 1236
	1236  -  MemoryUsage of job (MB)
	1266008  -  ResidentSetSize of job (KB)
...
006 (52791706.003.000) 2025-04-10 05:16:01 Image size of job updated: 1799
	1799  -  MemoryUsage of job (MB)
	1842732  -  ResidentSetSize of job (KB)
...
006 (52791706.000.000) 2025-04-10 05:16:04 Image size of job updated: 2080
	2080  -  MemoryUsage of job (MB)
	2130912  -  ResidentSetSize of job (KB)
...
006 (52791706.002.000) 2025-04-10 05:16:06 Image size of job updated: 2264
	2264  -  MemoryUsage of job (MB)
	2318468  -  ResidentSetSize of job (KB)
...
006 (52791706.004.000) 2025-04-10 05:16:07 Image size of job updated: 1443
	1443  -  MemoryUsage of job (MB)
	1477764  -  ResidentSetSize of job (KB)
...
006 (52791706.001.000) 2025-04-10 05:16:13 Image size of job updated: 1276
	1276  -  MemoryUsage of job (MB)
	1306852  -  ResidentSetSize of job (KB)
...
006 (52791706.003.000) 2025-04-10 05:17:01 Image size of job updated: 1829
	1829  -  MemoryUsage of job (MB)
	1873040  -  ResidentSetSize of job (KB)
...
006 (52791706.000.000) 2025-04-10 05:17:05 Image size of job updated: 2140
	2140  -  MemoryUsage of job (MB)
	2191676  -  ResidentSetSize of job (KB)
...
006 (52791706.002.000) 2025-04-10 05:17:06 Image size of job updated: 2294
	2294  -  MemoryUsage of job (MB)
	2350064  -  ResidentSetSize of job (KB)
...
006 (52791706.004.000) 2025-04-10 05:17:07 Image size of job updated: 1471
	1471  -  MemoryUsage of job (MB)
	1507092  -  ResidentSetSize of job (KB)
...
006 (52791706.001.000) 2025-04-10 05:17:14 Image size of job updated: 1306
	1306  -  MemoryUsage of job (MB)
	1337468  -  ResidentSetSize of job (KB)
...
006 (52791706.003.000) 2025-04-10 05:18:01 Image size of job updated: 1857
	1857  -  MemoryUsage of job (MB)
	1902292  -  ResidentSetSize of job (KB)
...
006 (52791706.000.000) 2025-04-10 05:18:05 Image size of job updated: 2169
	2169  -  MemoryUsage of job (MB)
	2222028  -  ResidentSetSize of job (KB)
...
006 (52791706.002.000) 2025-04-10 05:18:07 Image size of job updated: 2326
	2326  -  MemoryUsage of job (MB)
	2382756  -  ResidentSetSize of job (KB)
...
006 (52791706.004.000) 2025-04-10 05:18:08 Image size of job updated: 1529
	1529  -  MemoryUsage of job (MB)
	1566460  -  ResidentSetSize of job (KB)
...
006 (52791706.001.000) 2025-04-10 05:18:15 Image size of job updated: 1336
	1336  -  MemoryUsage of job (MB)
	1368144  -  ResidentSetSize of job (KB)
...
006 (52791706.003.000) 2025-04-10 05:19:02 Image size of job updated: 1916
	1916  -  MemoryUsage of job (MB)
	1962864  -  ResidentSetSize of job (KB)
...
006 (52791706.000.000) 2025-04-10 05:19:05 Image size of job updated: 2199
	2199  -  MemoryUsage of job (MB)
	2252276  -  ResidentSetSize of job (KB)
...
006 (52791706.002.000) 2025-04-10 05:19:07 Image size of job updated: 2365
	2365  -  MemoryUsage of job (MB)
	2422208  -  ResidentSetSize of job (KB)
...
006 (52791706.004.000) 2025-04-10 05:19:08 Image size of job updated: 1557
	1557  -  MemoryUsage of job (MB)
	1595348  -  ResidentSetSize of job (KB)
...
006 (52791706.001.000) 2025-04-10 05:19:16 Image size of job updated: 1365
	1365  -  MemoryUsage of job (MB)
	1398708  -  ResidentSetSize of job (KB)
...
006 (52791706.003.000) 2025-04-10 05:20:03 Image size of job updated: 1947
	1947  -  MemoryUsage of job (MB)
	1993808  -  ResidentSetSize of job (KB)
...
006 (52791706.000.000) 2025-04-10 05:20:06 Image size of job updated: 2229
	2229  -  MemoryUsage of job (MB)
	2282672  -  ResidentSetSize of job (KB)
...
006 (52791706.002.000) 2025-04-10 05:20:08 Image size of job updated: 2414
	2414  -  MemoryUsage of job (MB)
	2472864  -  ResidentSetSize of job (KB)
...
006 (52791706.004.000) 2025-04-10 05:20:08 Image size of job updated: 1586
	1586  -  MemoryUsage of job (MB)
	1624264  -  ResidentSetSize of job (KB)
...
006 (52791706.001.000) 2025-04-10 05:20:16 Image size of job updated: 1366
	1366  -  MemoryUsage of job (MB)
	1399004  -  ResidentSetSize of job (KB)
...
006 (52791706.003.000) 2025-04-10 05:21:04 Image size of job updated: 1977
	1977  -  MemoryUsage of job (MB)
	2024784  -  ResidentSetSize of job (KB)
...
006 (52791706.000.000) 2025-04-10 05:21:07 Image size of job updated: 2258
	2258  -  MemoryUsage of job (MB)
	2312780  -  ResidentSetSize of job (KB)
...
006 (52791706.002.000) 2025-04-10 05:21:09 Image size of job updated: 2444
	2444  -  MemoryUsage of job (MB)
	2503524  -  ResidentSetSize of job (KB)
...
006 (52791706.004.000) 2025-04-10 05:21:09 Image size of job updated: 1615
	1615  -  MemoryUsage of job (MB)
	1653784  -  ResidentSetSize of job (KB)
...
006 (52791706.001.000) 2025-04-10 05:21:16 Image size of job updated: 1396
	1396  -  MemoryUsage of job (MB)
	1429836  -  ResidentSetSize of job (KB)
...
006 (52791706.003.000) 2025-04-10 05:22:04 Image size of job updated: 2035
	2035  -  MemoryUsage of job (MB)
	2084664  -  ResidentSetSize of job (KB)
...
006 (52791706.000.000) 2025-04-10 05:22:07 Image size of job updated: 2289
	2289  -  MemoryUsage of job (MB)
	2344824  -  ResidentSetSize of job (KB)
...
006 (52791706.004.000) 2025-04-10 05:22:09 Image size of job updated: 1643
	1643  -  MemoryUsage of job (MB)
	1683348  -  ResidentSetSize of job (KB)
...
006 (52791706.002.000) 2025-04-10 05:22:09 Image size of job updated: 2475
	2475  -  MemoryUsage of job (MB)
	2534884  -  ResidentSetSize of job (KB)
...
006 (52791706.001.000) 2025-04-10 05:22:16 Image size of job updated: 1426
	1426  -  MemoryUsage of job (MB)
	1460864  -  ResidentSetSize of job (KB)
...
006 (52791706.003.000) 2025-04-10 05:23:05 Image size of job updated: 2064
	2064  -  MemoryUsage of job (MB)
	2114420  -  ResidentSetSize of job (KB)
...
006 (52791706.000.000) 2025-04-10 05:23:07 Image size of job updated: 2352
	2352  -  MemoryUsage of job (MB)
	2408484  -  ResidentSetSize of job (KB)
...
006 (52791706.004.000) 2025-04-10 05:23:09 Image size of job updated: 1674
	1674  -  MemoryUsage of job (MB)
	1714984  -  ResidentSetSize of job (KB)
...
006 (52791706.002.000) 2025-04-10 05:23:09 Image size of job updated: 2506
	2506  -  MemoryUsage of job (MB)
	2566424  -  ResidentSetSize of job (KB)
...
006 (52791706.001.000) 2025-04-10 05:23:16 Image size of job updated: 1457
	1457  -  MemoryUsage of job (MB)
	1491992  -  ResidentSetSize of job (KB)
...
006 (52791706.003.000) 2025-04-10 05:24:06 Image size of job updated: 2122
	2122  -  MemoryUsage of job (MB)
	2173824  -  ResidentSetSize of job (KB)
...
006 (52791706.000.000) 2025-04-10 05:24:07 Image size of job updated: 2353
	2353  -  MemoryUsage of job (MB)
	2409820  -  ResidentSetSize of job (KB)
...
006 (52791706.004.000) 2025-04-10 05:24:10 Image size of job updated: 1730
	1730  -  MemoryUsage of job (MB)
	1771848  -  ResidentSetSize of job (KB)
...
006 (52791706.002.000) 2025-04-10 05:24:10 Image size of job updated: 2537
	2537  -  MemoryUsage of job (MB)
	2598348  -  ResidentSetSize of job (KB)
...
006 (52791706.001.000) 2025-04-10 05:24:16 Image size of job updated: 1494
	1494  -  MemoryUsage of job (MB)
	1529920  -  ResidentSetSize of job (KB)
...
006 (52791706.003.000) 2025-04-10 05:25:07 Image size of job updated: 2123
	2123  -  MemoryUsage of job (MB)
	2174080  -  ResidentSetSize of job (KB)
...
006 (52791706.004.000) 2025-04-10 05:25:10 Image size of job updated: 1758
	1758  -  MemoryUsage of job (MB)
	1800988  -  ResidentSetSize of job (KB)
...
006 (52791706.002.000) 2025-04-10 05:25:11 Image size of job updated: 2565
	2565  -  MemoryUsage of job (MB)
	2627580  -  ResidentSetSize of job (KB)
...
006 (52791706.001.000) 2025-04-10 05:25:16 Image size of job updated: 1517
	1517  -  MemoryUsage of job (MB)
	1553580  -  ResidentSetSize of job (KB)
...
006 (52791706.004.000) 2025-04-10 05:26:11 Image size of job updated: 1787
	1787  -  MemoryUsage of job (MB)
	1830708  -  ResidentSetSize of job (KB)
...
006 (52791706.001.000) 2025-04-10 05:26:16 Image size of job updated: 1547
	1547  -  MemoryUsage of job (MB)
	1584388  -  ResidentSetSize of job (KB)
...
006 (52791706.000.000) 2025-04-10 05:27:08 Image size of job updated: 2373
	2373  -  MemoryUsage of job (MB)
	2430660  -  ResidentSetSize of job (KB)
...
006 (52791706.003.000) 2025-04-10 05:28:08 Image size of job updated: 2144
	2144  -  MemoryUsage of job (MB)
	2196172  -  ResidentSetSize of job (KB)
...
006 (52791706.000.000) 2025-04-10 05:28:09 Image size of job updated: 2406
	2406  -  MemoryUsage of job (MB)
	2464528  -  ResidentSetSize of job (KB)
...
006 (52791706.003.000) 2025-04-10 05:29:08 Image size of job updated: 2202
	2202  -  MemoryUsage of job (MB)
	2254936  -  ResidentSetSize of job (KB)
...
006 (52791706.000.000) 2025-04-10 05:29:10 Image size of job updated: 2469
	2469  -  MemoryUsage of job (MB)
	2528432  -  ResidentSetSize of job (KB)
...
006 (52791706.003.000) 2025-04-10 05:30:08 Image size of job updated: 2231
	2231  -  MemoryUsage of job (MB)
	2285156  -  ResidentSetSize of job (KB)
...
006 (52791706.000.000) 2025-04-10 05:30:10 Image size of job updated: 2501
	2501  -  MemoryUsage of job (MB)
	2561156  -  ResidentSetSize of job (KB)
...
006 (52791706.002.000) 2025-04-10 05:30:13 Image size of job updated: 2577
	2577  -  MemoryUsage of job (MB)
	2639124  -  ResidentSetSize of job (KB)
...
006 (52791706.003.000) 2025-04-10 05:31:08 Image size of job updated: 2261
	2261  -  MemoryUsage of job (MB)
	2315468  -  ResidentSetSize of job (KB)
...
006 (52791706.000.000) 2025-04-10 05:31:11 Image size of job updated: 2563
	2563  -  MemoryUsage of job (MB)
	2625196  -  ResidentSetSize of job (KB)
...
006 (52791706.004.000) 2025-04-10 05:31:13 Image size of job updated: 1806
	1806  -  MemoryUsage of job (MB)
	1850128  -  ResidentSetSize of job (KB)
...
006 (52791706.002.000) 2025-04-10 05:31:14 Image size of job updated: 2608
	2608  -  MemoryUsage of job (MB)
	2671504  -  ResidentSetSize of job (KB)
...
006 (52791706.003.000) 2025-04-10 05:32:09 Image size of job updated: 2291
	2291  -  MemoryUsage of job (MB)
	2346056  -  ResidentSetSize of job (KB)
...
006 (52791706.000.000) 2025-04-10 05:32:12 Image size of job updated: 2596
	2596  -  MemoryUsage of job (MB)
	2658544  -  ResidentSetSize of job (KB)
...
006 (52791706.004.000) 2025-04-10 05:32:14 Image size of job updated: 1835
	1835  -  MemoryUsage of job (MB)
	1879092  -  ResidentSetSize of job (KB)
...
006 (52791706.002.000) 2025-04-10 05:32:15 Image size of job updated: 2639
	2639  -  MemoryUsage of job (MB)
	2703140  -  ResidentSetSize of job (KB)
...
006 (52791706.001.000) 2025-04-10 05:32:16 Image size of job updated: 1562
	1562  -  MemoryUsage of job (MB)
	1599496  -  ResidentSetSize of job (KB)
...
006 (52791706.003.000) 2025-04-10 05:33:10 Image size of job updated: 2320
	2320  -  MemoryUsage of job (MB)
	2376280  -  ResidentSetSize of job (KB)
...
006 (52791706.000.000) 2025-04-10 05:33:13 Image size of job updated: 2660
	2660  -  MemoryUsage of job (MB)
	2724052  -  ResidentSetSize of job (KB)
...
006 (52791706.004.000) 2025-04-10 05:33:15 Image size of job updated: 1863
	1863  -  MemoryUsage of job (MB)
	1907868  -  ResidentSetSize of job (KB)
...
006 (52791706.002.000) 2025-04-10 05:33:15 Image size of job updated: 2696
	2696  -  MemoryUsage of job (MB)
	2761272  -  ResidentSetSize of job (KB)
...
006 (52791706.001.000) 2025-04-10 05:33:16 Image size of job updated: 1592
	1592  -  MemoryUsage of job (MB)
	1630216  -  ResidentSetSize of job (KB)
...
006 (52791706.003.000) 2025-04-10 05:34:10 Image size of job updated: 2349
	2349  -  MemoryUsage of job (MB)
	2406184  -  ResidentSetSize of job (KB)
...
006 (52791706.000.000) 2025-04-10 05:34:13 Image size of job updated: 2692
	2692  -  MemoryUsage of job (MB)
	2757064  -  ResidentSetSize of job (KB)
...
006 (52791706.004.000) 2025-04-10 05:34:15 Image size of job updated: 1892
	1892  -  MemoryUsage of job (MB)
	1937520  -  ResidentSetSize of job (KB)
...
006 (52791706.002.000) 2025-04-10 05:34:15 Image size of job updated: 2725
	2725  -  MemoryUsage of job (MB)
	2791240  -  ResidentSetSize of job (KB)
...
006 (52791706.001.000) 2025-04-10 05:34:16 Image size of job updated: 1622
	1622  -  MemoryUsage of job (MB)
	1660948  -  ResidentSetSize of job (KB)
...
006 (52791706.003.000) 2025-04-10 05:35:10 Image size of job updated: 2385
	2385  -  MemoryUsage of job (MB)
	2442356  -  ResidentSetSize of job (KB)
...
006 (52791706.000.000) 2025-04-10 05:35:14 Image size of job updated: 2727
	2727  -  MemoryUsage of job (MB)
	2792572  -  ResidentSetSize of job (KB)
...
006 (52791706.001.000) 2025-04-10 05:35:16 Image size of job updated: 1651
	1651  -  MemoryUsage of job (MB)
	1691636  -  ResidentSetSize of job (KB)
...
006 (52791706.004.000) 2025-04-10 05:35:16 Image size of job updated: 1948
	1948  -  MemoryUsage of job (MB)
	1995768  -  ResidentSetSize of job (KB)
...
006 (52791706.002.000) 2025-04-10 05:35:16 Image size of job updated: 2755
	2755  -  MemoryUsage of job (MB)
	2821512  -  ResidentSetSize of job (KB)
...
006 (52791706.003.000) 2025-04-10 05:36:11 Image size of job updated: 2442
	2442  -  MemoryUsage of job (MB)
	2500892  -  ResidentSetSize of job (KB)
...
006 (52791706.000.000) 2025-04-10 05:36:15 Image size of job updated: 2788
	2788  -  MemoryUsage of job (MB)
	2855736  -  ResidentSetSize of job (KB)
...
006 (52791706.004.000) 2025-04-10 05:36:16 Image size of job updated: 1977
	1977  -  MemoryUsage of job (MB)
	2025160  -  ResidentSetSize of job (KB)
...
006 (52791706.001.000) 2025-04-10 05:36:16 Image size of job updated: 1681
	1681  -  MemoryUsage of job (MB)
	1722180  -  ResidentSetSize of job (KB)
...
006 (52791706.002.000) 2025-04-10 05:36:16 Image size of job updated: 2784
	2784  -  MemoryUsage of job (MB)
	2851560  -  ResidentSetSize of job (KB)
...
006 (52791706.003.000) 2025-04-10 05:37:12 Image size of job updated: 2474
	2474  -  MemoryUsage of job (MB)
	2533400  -  ResidentSetSize of job (KB)
...
006 (52791706.000.000) 2025-04-10 05:37:15 Image size of job updated: 2822
	2822  -  MemoryUsage of job (MB)
	2890584  -  ResidentSetSize of job (KB)
...
006 (52791706.001.000) 2025-04-10 05:37:16 Image size of job updated: 1711
	1711  -  MemoryUsage of job (MB)
	1752920  -  ResidentSetSize of job (KB)
...
006 (52791706.004.000) 2025-04-10 05:37:16 Image size of job updated: 2006
	2006  -  MemoryUsage of job (MB)
	2054732  -  ResidentSetSize of job (KB)
...
006 (52791706.002.000) 2025-04-10 05:37:16 Image size of job updated: 2816
	2816  -  MemoryUsage of job (MB)
	2884008  -  ResidentSetSize of job (KB)
...
006 (52791706.003.000) 2025-04-10 05:38:12 Image size of job updated: 2529
	2529  -  MemoryUsage of job (MB)
	2590292  -  ResidentSetSize of job (KB)
...
006 (52791706.001.000) 2025-04-10 05:38:16 Image size of job updated: 1742
	1742  -  MemoryUsage of job (MB)
	1784168  -  ResidentSetSize of job (KB)
...
006 (52791706.000.000) 2025-04-10 05:38:16 Image size of job updated: 2884
	2884  -  MemoryUsage of job (MB)
	2953800  -  ResidentSetSize of job (KB)
...
006 (52791706.004.000) 2025-04-10 05:38:17 Image size of job updated: 2035
	2035  -  MemoryUsage of job (MB)
	2084524  -  ResidentSetSize of job (KB)
...
006 (52791706.002.000) 2025-04-10 05:38:17 Image size of job updated: 2849
	2849  -  MemoryUsage of job (MB)
	2917468  -  ResidentSetSize of job (KB)
...
006 (52791706.003.000) 2025-04-10 05:39:12 Image size of job updated: 2586
	2586  -  MemoryUsage of job (MB)
	2648268  -  ResidentSetSize of job (KB)
...
006 (52791706.001.000) 2025-04-10 05:39:16 Image size of job updated: 1772
	1772  -  MemoryUsage of job (MB)
	1814944  -  ResidentSetSize of job (KB)
...
006 (52791706.000.000) 2025-04-10 05:39:17 Image size of job updated: 2918
	2918  -  MemoryUsage of job (MB)
	2988636  -  ResidentSetSize of job (KB)
...
006 (52791706.004.000) 2025-04-10 05:39:17 Image size of job updated: 2063
	2063  -  MemoryUsage of job (MB)
	2113364  -  ResidentSetSize of job (KB)
...
006 (52791706.002.000) 2025-04-10 05:39:18 Image size of job updated: 2880
	2880  -  MemoryUsage of job (MB)
	2949540  -  ResidentSetSize of job (KB)
...
006 (52791706.003.000) 2025-04-10 05:40:13 Image size of job updated: 2614
	2614  -  MemoryUsage of job (MB)
	2676984  -  ResidentSetSize of job (KB)
...
006 (52791706.001.000) 2025-04-10 05:40:17 Image size of job updated: 1802
	1802  -  MemoryUsage of job (MB)
	1846024  -  ResidentSetSize of job (KB)
...
006 (52791706.000.000) 2025-04-10 05:40:17 Image size of job updated: 2980
	2980  -  MemoryUsage of job (MB)
	3052504  -  ResidentSetSize of job (KB)
...
006 (52791706.002.000) 2025-04-10 05:40:18 Image size of job updated: 2911
	2911  -  MemoryUsage of job (MB)
	2981320  -  ResidentSetSize of job (KB)
...
006 (52791706.004.000) 2025-04-10 05:40:18 Image size of job updated: 2119
	2119  -  MemoryUsage of job (MB)
	2170740  -  ResidentSetSize of job (KB)
...
006 (52791706.003.000) 2025-04-10 05:41:14 Image size of job updated: 2671
	2671  -  MemoryUsage of job (MB)
	2735456  -  ResidentSetSize of job (KB)
...
006 (52791706.001.000) 2025-04-10 05:41:17 Image size of job updated: 1833
	1833  -  MemoryUsage of job (MB)
	1876996  -  ResidentSetSize of job (KB)
...
006 (52791706.000.000) 2025-04-10 05:41:18 Image size of job updated: 3013
	3013  -  MemoryUsage of job (MB)
	3086192  -  ResidentSetSize of job (KB)
...
006 (52791706.002.000) 2025-04-10 05:41:18 Image size of job updated: 2971
	2971  -  MemoryUsage of job (MB)
	3042476  -  ResidentSetSize of job (KB)
...
006 (52791706.004.000) 2025-04-10 05:41:19 Image size of job updated: 2148
	2148  -  MemoryUsage of job (MB)
	2200344  -  ResidentSetSize of job (KB)
...
006 (52791706.003.000) 2025-04-10 05:42:14 Image size of job updated: 2701
	2701  -  MemoryUsage of job (MB)
	2766336  -  ResidentSetSize of job (KB)
...
006 (52791706.001.000) 2025-04-10 05:42:18 Image size of job updated: 1863
	1863  -  MemoryUsage of job (MB)
	1907816  -  ResidentSetSize of job (KB)
...
006 (52791706.000.000) 2025-04-10 05:42:19 Image size of job updated: 3076
	3076  -  MemoryUsage of job (MB)
	3150120  -  ResidentSetSize of job (KB)
...
006 (52791706.002.000) 2025-04-10 05:42:19 Image size of job updated: 3001
	3001  -  MemoryUsage of job (MB)
	3073792  -  ResidentSetSize of job (KB)
...
006 (52791706.004.000) 2025-04-10 05:42:19 Image size of job updated: 2177
	2177  -  MemoryUsage of job (MB)
	2229816  -  ResidentSetSize of job (KB)
...
006 (52791706.003.000) 2025-04-10 05:43:14 Image size of job updated: 2759
	2759  -  MemoryUsage of job (MB)
	2825800  -  ResidentSetSize of job (KB)
...
006 (52791706.000.000) 2025-04-10 05:43:19 Image size of job updated: 3110
	3110  -  MemoryUsage of job (MB)
	3184740  -  ResidentSetSize of job (KB)
...
006 (52791706.001.000) 2025-04-10 05:43:20 Image size of job updated: 1892
	1892  -  MemoryUsage of job (MB)
	1938212  -  ResidentSetSize of job (KB)
...
006 (52791706.002.000) 2025-04-10 05:43:20 Image size of job updated: 3032
	3032  -  MemoryUsage of job (MB)
	3104912  -  ResidentSetSize of job (KB)
...
006 (52791706.004.000) 2025-04-10 05:43:20 Image size of job updated: 2223
	2223  -  MemoryUsage of job (MB)
	2277220  -  ResidentSetSize of job (KB)
...
006 (52791706.003.000) 2025-04-10 05:44:15 Image size of job updated: 2790
	2790  -  MemoryUsage of job (MB)
	2857624  -  ResidentSetSize of job (KB)
...
006 (52791706.000.000) 2025-04-10 05:44:19 Image size of job updated: 3172
	3172  -  MemoryUsage of job (MB)
	3248300  -  ResidentSetSize of job (KB)
...
006 (52791706.002.000) 2025-04-10 05:44:20 Image size of job updated: 3062
	3062  -  MemoryUsage of job (MB)
	3135824  -  ResidentSetSize of job (KB)
...
006 (52791706.004.000) 2025-04-10 05:44:20 Image size of job updated: 2255
	2255  -  MemoryUsage of job (MB)
	2309444  -  ResidentSetSize of job (KB)
...
006 (52791706.001.000) 2025-04-10 05:44:21 Image size of job updated: 1923
	1923  -  MemoryUsage of job (MB)
	1969212  -  ResidentSetSize of job (KB)
...
006 (52791706.003.000) 2025-04-10 05:45:16 Image size of job updated: 2838
	2838  -  MemoryUsage of job (MB)
	2906700  -  ResidentSetSize of job (KB)
...
006 (52791706.000.000) 2025-04-10 05:45:20 Image size of job updated: 3205
	3205  -  MemoryUsage of job (MB)
	3282380  -  ResidentSetSize of job (KB)
...
006 (52791706.002.000) 2025-04-10 05:45:20 Image size of job updated: 3091
	3091  -  MemoryUsage of job (MB)
	3166072  -  ResidentSetSize of job (KB)
...
006 (52791706.004.000) 2025-04-10 05:45:20 Image size of job updated: 2283
	2283  -  MemoryUsage of job (MB)
	2338564  -  ResidentSetSize of job (KB)
...
006 (52791706.001.000) 2025-04-10 05:45:22 Image size of job updated: 1953
	1953  -  MemoryUsage of job (MB)
	2000076  -  ResidentSetSize of job (KB)
...
006 (52791706.003.000) 2025-04-10 05:46:17 Image size of job updated: 2869
	2869  -  MemoryUsage of job (MB)
	2938240  -  ResidentSetSize of job (KB)
...
006 (52791706.000.000) 2025-04-10 05:46:21 Image size of job updated: 3267
	3267  -  MemoryUsage of job (MB)
	3346324  -  ResidentSetSize of job (KB)
...
006 (52791706.004.000) 2025-04-10 05:46:21 Image size of job updated: 2300
	2300  -  MemoryUsage of job (MB)
	2355444  -  ResidentSetSize of job (KB)
...
006 (52791706.002.000) 2025-04-10 05:46:21 Image size of job updated: 3118
	3118  -  MemoryUsage of job (MB)
	3193076  -  ResidentSetSize of job (KB)
...
006 (52791706.001.000) 2025-04-10 05:46:22 Image size of job updated: 1963
	1963  -  MemoryUsage of job (MB)
	2010744  -  ResidentSetSize of job (KB)
...
006 (52791706.003.000) 2025-04-10 05:47:17 Image size of job updated: 2931
	2931  -  MemoryUsage of job (MB)
	3001420  -  ResidentSetSize of job (KB)
...
006 (52791706.004.000) 2025-04-10 05:47:21 Image size of job updated: 2339
	2339  -  MemoryUsage of job (MB)
	2395612  -  ResidentSetSize of job (KB)
...
006 (52791706.000.000) 2025-04-10 05:47:21 Image size of job updated: 3301
	3301  -  MemoryUsage of job (MB)
	3380740  -  ResidentSetSize of job (KB)
...
006 (52791706.002.000) 2025-04-10 05:47:22 Image size of job updated: 3178
	3178  -  MemoryUsage of job (MB)
	3254344  -  ResidentSetSize of job (KB)
...
006 (52791706.001.000) 2025-04-10 05:47:23 Image size of job updated: 2008
	2008  -  MemoryUsage of job (MB)
	2056376  -  ResidentSetSize of job (KB)
...
006 (52791706.003.000) 2025-04-10 05:48:17 Image size of job updated: 2990
	2990  -  MemoryUsage of job (MB)
	3062760  -  ResidentSetSize of job (KB)
...
006 (52791706.004.000) 2025-04-10 05:48:21 Image size of job updated: 2376
	2376  -  MemoryUsage of job (MB)
	2433164  -  ResidentSetSize of job (KB)
...
006 (52791706.000.000) 2025-04-10 05:48:22 Image size of job updated: 3363
	3363  -  MemoryUsage of job (MB)
	3444332  -  ResidentSetSize of job (KB)
...
006 (52791706.002.000) 2025-04-10 05:48:22 Image size of job updated: 3208
	3208  -  MemoryUsage of job (MB)
	3285832  -  ResidentSetSize of job (KB)
...
006 (52791706.001.000) 2025-04-10 05:48:24 Image size of job updated: 2043
	2043  -  MemoryUsage of job (MB)
	2092232  -  ResidentSetSize of job (KB)
...
006 (52791706.003.000) 2025-04-10 05:49:18 Image size of job updated: 3023
	3023  -  MemoryUsage of job (MB)
	3095756  -  ResidentSetSize of job (KB)
...
006 (52791706.004.000) 2025-04-10 05:49:22 Image size of job updated: 2408
	2408  -  MemoryUsage of job (MB)
	2466460  -  ResidentSetSize of job (KB)
...
006 (52791706.000.000) 2025-04-10 05:49:23 Image size of job updated: 3397
	3397  -  MemoryUsage of job (MB)
	3478676  -  ResidentSetSize of job (KB)
...
006 (52791706.002.000) 2025-04-10 05:49:23 Image size of job updated: 3269
	3269  -  MemoryUsage of job (MB)
	3348076  -  ResidentSetSize of job (KB)
...
006 (52791706.001.000) 2025-04-10 05:49:25 Image size of job updated: 2073
	2073  -  MemoryUsage of job (MB)
	2123128  -  ResidentSetSize of job (KB)
...
006 (52791706.003.000) 2025-04-10 05:50:19 Image size of job updated: 3081
	3081  -  MemoryUsage of job (MB)
	3155340  -  ResidentSetSize of job (KB)
...
006 (52791706.004.000) 2025-04-10 05:50:23 Image size of job updated: 2437
	2437  -  MemoryUsage of job (MB)
	2496232  -  ResidentSetSize of job (KB)
...
006 (52791706.000.000) 2025-04-10 05:50:24 Image size of job updated: 3459
	3459  -  MemoryUsage of job (MB)
	3542768  -  ResidentSetSize of job (KB)
...
006 (52791706.002.000) 2025-04-10 05:50:24 Image size of job updated: 3301
	3301  -  MemoryUsage of job (MB)
	3380828  -  ResidentSetSize of job (KB)
...
006 (52791706.001.000) 2025-04-10 05:50:26 Image size of job updated: 2085
	2085  -  MemoryUsage of job (MB)
	2135712  -  ResidentSetSize of job (KB)
...
006 (52791706.003.000) 2025-04-10 05:51:19 Image size of job updated: 3138
	3138  -  MemoryUsage of job (MB)
	3213668  -  ResidentSetSize of job (KB)
...
006 (52791706.004.000) 2025-04-10 05:51:23 Image size of job updated: 2466
	2466  -  MemoryUsage of job (MB)
	2525496  -  ResidentSetSize of job (KB)
...
006 (52791706.002.000) 2025-04-10 05:51:24 Image size of job updated: 3361
	3361  -  MemoryUsage of job (MB)
	3442072  -  ResidentSetSize of job (KB)
...
006 (52791706.000.000) 2025-04-10 05:51:24 Image size of job updated: 3493
	3493  -  MemoryUsage of job (MB)
	3577200  -  ResidentSetSize of job (KB)
...
006 (52791706.001.000) 2025-04-10 05:51:27 Image size of job updated: 2103
	2103  -  MemoryUsage of job (MB)
	2154004  -  ResidentSetSize of job (KB)
...
006 (52791706.003.000) 2025-04-10 05:52:19 Image size of job updated: 3194
	3194  -  MemoryUsage of job (MB)
	3271388  -  ResidentSetSize of job (KB)
...
006 (52791706.004.000) 2025-04-10 05:52:24 Image size of job updated: 2522
	2522  -  MemoryUsage of job (MB)
	2582980  -  ResidentSetSize of job (KB)
...
006 (52791706.002.000) 2025-04-10 05:52:24 Image size of job updated: 3393
	3393  -  MemoryUsage of job (MB)
	3474460  -  ResidentSetSize of job (KB)
...
006 (52791706.000.000) 2025-04-10 05:52:25 Image size of job updated: 3555
	3555  -  MemoryUsage of job (MB)
	3640728  -  ResidentSetSize of job (KB)
...
006 (52791706.001.000) 2025-04-10 05:52:28 Image size of job updated: 2132
	2132  -  MemoryUsage of job (MB)
	2184160  -  ResidentSetSize of job (KB)
...
006 (52791706.003.000) 2025-04-10 05:53:20 Image size of job updated: 3224
	3224  -  MemoryUsage of job (MB)
	3302052  -  ResidentSetSize of job (KB)
...
006 (52791706.004.000) 2025-04-10 05:53:24 Image size of job updated: 2550
	2550  -  MemoryUsage of job (MB)
	2611936  -  ResidentSetSize of job (KB)
...
006 (52791706.000.000) 2025-04-10 05:53:25 Image size of job updated: 3588
	3588  -  MemoryUsage of job (MB)
	3675116  -  ResidentSetSize of job (KB)
...
006 (52791706.002.000) 2025-04-10 05:53:25 Image size of job updated: 3454
	3454  -  MemoryUsage of job (MB)
	3537192  -  ResidentSetSize of job (KB)
...
006 (52791706.001.000) 2025-04-10 05:53:29 Image size of job updated: 2162
	2162  -  MemoryUsage of job (MB)
	2214348  -  ResidentSetSize of job (KB)
...
006 (52791706.003.000) 2025-04-10 05:54:21 Image size of job updated: 3281
	3281  -  MemoryUsage of job (MB)
	3360408  -  ResidentSetSize of job (KB)
...
006 (52791706.004.000) 2025-04-10 05:54:24 Image size of job updated: 2579
	2579  -  MemoryUsage of job (MB)
	2640988  -  ResidentSetSize of job (KB)
...
006 (52791706.000.000) 2025-04-10 05:54:25 Image size of job updated: 3652
	3652  -  MemoryUsage of job (MB)
	3740196  -  ResidentSetSize of job (KB)
...
006 (52791706.002.000) 2025-04-10 05:54:25 Image size of job updated: 3485
	3485  -  MemoryUsage of job (MB)
	3568860  -  ResidentSetSize of job (KB)
...
006 (52791706.001.000) 2025-04-10 05:54:30 Image size of job updated: 2192
	2192  -  MemoryUsage of job (MB)
	2245204  -  ResidentSetSize of job (KB)
...
006 (52791706.003.000) 2025-04-10 05:55:22 Image size of job updated: 3339
	3339  -  MemoryUsage of job (MB)
	3419960  -  ResidentSetSize of job (KB)
...
006 (52791706.004.000) 2025-04-10 05:55:25 Image size of job updated: 2607
	2607  -  MemoryUsage of job (MB)
	2670240  -  ResidentSetSize of job (KB)
...
006 (52791706.000.000) 2025-04-10 05:55:26 Image size of job updated: 3685
	3685  -  MemoryUsage of job (MB)
	3773944  -  ResidentSetSize of job (KB)
...
006 (52791706.002.000) 2025-04-10 05:55:26 Image size of job updated: 3516
	3516  -  MemoryUsage of job (MB)
	3600732  -  ResidentSetSize of job (KB)
...
006 (52791706.001.000) 2025-04-10 05:55:31 Image size of job updated: 2222
	2222  -  MemoryUsage of job (MB)
	2275876  -  ResidentSetSize of job (KB)
...
006 (52791706.003.000) 2025-04-10 05:56:22 Image size of job updated: 3397
	3397  -  MemoryUsage of job (MB)
	3479376  -  ResidentSetSize of job (KB)
...
006 (52791706.004.000) 2025-04-10 05:56:25 Image size of job updated: 2636
	2636  -  MemoryUsage of job (MB)
	2699956  -  ResidentSetSize of job (KB)
...
006 (52791706.000.000) 2025-04-10 05:56:26 Image size of job updated: 3746
	3746  -  MemoryUsage of job (MB)
	3836600  -  ResidentSetSize of job (KB)
...
006 (52791706.002.000) 2025-04-10 05:56:27 Image size of job updated: 3547
	3547  -  MemoryUsage of job (MB)
	3633060  -  ResidentSetSize of job (KB)
...
006 (52791706.001.000) 2025-04-10 05:56:32 Image size of job updated: 2252
	2252  -  MemoryUsage of job (MB)
	2306380  -  ResidentSetSize of job (KB)
...
006 (52791706.003.000) 2025-04-10 05:57:23 Image size of job updated: 3430
	3430  -  MemoryUsage of job (MB)
	3512460  -  ResidentSetSize of job (KB)
...
006 (52791706.000.000) 2025-04-10 05:57:26 Image size of job updated: 3763
	3763  -  MemoryUsage of job (MB)
	3854112  -  ResidentSetSize of job (KB)
...
006 (52791706.004.000) 2025-04-10 05:57:26 Image size of job updated: 2684
	2684  -  MemoryUsage of job (MB)
	2748828  -  ResidentSetSize of job (KB)
...
006 (52791706.002.000) 2025-04-10 05:57:27 Image size of job updated: 3578
	3578  -  MemoryUsage of job (MB)
	3664084  -  ResidentSetSize of job (KB)
...
006 (52791706.001.000) 2025-04-10 05:57:33 Image size of job updated: 2281
	2281  -  MemoryUsage of job (MB)
	2336600  -  ResidentSetSize of job (KB)
...
006 (52791706.003.000) 2025-04-10 05:58:23 Image size of job updated: 3489
	3489  -  MemoryUsage of job (MB)
	3572836  -  ResidentSetSize of job (KB)
...
006 (52791706.000.000) 2025-04-10 05:58:26 Image size of job updated: 3826
	3826  -  MemoryUsage of job (MB)
	3918192  -  ResidentSetSize of job (KB)
...
006 (52791706.004.000) 2025-04-10 05:58:26 Image size of job updated: 2712
	2712  -  MemoryUsage of job (MB)
	2777964  -  ResidentSetSize of job (KB)
...
006 (52791706.002.000) 2025-04-10 05:58:28 Image size of job updated: 3608
	3608  -  MemoryUsage of job (MB)
	3695528  -  ResidentSetSize of job (KB)
...
006 (52791706.001.000) 2025-04-10 05:58:34 Image size of job updated: 2304
	2304  -  MemoryUsage of job (MB)
	2359428  -  ResidentSetSize of job (KB)
...
006 (52791706.003.000) 2025-04-10 05:59:24 Image size of job updated: 3547
	3547  -  MemoryUsage of job (MB)
	3632384  -  ResidentSetSize of job (KB)
...
006 (52791706.004.000) 2025-04-10 05:59:27 Image size of job updated: 2740
	2740  -  MemoryUsage of job (MB)
	2805800  -  ResidentSetSize of job (KB)
...
006 (52791706.000.000) 2025-04-10 05:59:27 Image size of job updated: 3859
	3859  -  MemoryUsage of job (MB)
	3951624  -  ResidentSetSize of job (KB)
...
006 (52791706.002.000) 2025-04-10 05:59:28 Image size of job updated: 3653
	3653  -  MemoryUsage of job (MB)
	3741628  -  ResidentSetSize of job (KB)
...
006 (52791706.001.000) 2025-04-10 05:59:34 Image size of job updated: 2330
	2330  -  MemoryUsage of job (MB)
	2386120  -  ResidentSetSize of job (KB)
...
006 (52791706.003.000) 2025-04-10 06:00:25 Image size of job updated: 3580
	3580  -  MemoryUsage of job (MB)
	3666124  -  ResidentSetSize of job (KB)
...
006 (52791706.004.000) 2025-04-10 06:00:27 Image size of job updated: 2768
	2768  -  MemoryUsage of job (MB)
	2835252  -  ResidentSetSize of job (KB)
...
006 (52791706.000.000) 2025-04-10 06:00:27 Image size of job updated: 3915
	3915  -  MemoryUsage of job (MB)
	4009216  -  ResidentSetSize of job (KB)
...
006 (52791706.002.000) 2025-04-10 06:00:28 Image size of job updated: 3697
	3697  -  MemoryUsage of job (MB)
	3786696  -  ResidentSetSize of job (KB)
...
006 (52791706.001.000) 2025-04-10 06:00:34 Image size of job updated: 2360
	2360  -  MemoryUsage of job (MB)
	2417048  -  ResidentSetSize of job (KB)
...
006 (52791706.003.000) 2025-04-10 06:01:25 Image size of job updated: 3631
	3631  -  MemoryUsage of job (MB)
	3718664  -  ResidentSetSize of job (KB)
...
006 (52791706.004.000) 2025-04-10 06:01:28 Image size of job updated: 2826
	2826  -  MemoryUsage of job (MB)
	2894172  -  ResidentSetSize of job (KB)
...
006 (52791706.000.000) 2025-04-10 06:01:28 Image size of job updated: 3947
	3947  -  MemoryUsage of job (MB)
	4042168  -  ResidentSetSize of job (KB)
...
006 (52791706.002.000) 2025-04-10 06:01:29 Image size of job updated: 3728
	3728  -  MemoryUsage of job (MB)
	3817496  -  ResidentSetSize of job (KB)
...
006 (52791706.001.000) 2025-04-10 06:01:35 Image size of job updated: 2390
	2390  -  MemoryUsage of job (MB)
	2448288  -  ResidentSetSize of job (KB)
...
006 (52791706.003.000) 2025-04-10 06:02:26 Image size of job updated: 3688
	3688  -  MemoryUsage of job (MB)
	3777432  -  ResidentSetSize of job (KB)
...
006 (52791706.002.000) 2025-04-10 06:02:29 Image size of job updated: 3757
	3757  -  MemoryUsage of job (MB)
	3847924  -  ResidentSetSize of job (KB)
...
006 (52791706.004.000) 2025-04-10 06:02:29 Image size of job updated: 2854
	2854  -  MemoryUsage of job (MB)
	2923464  -  ResidentSetSize of job (KB)
...
006 (52791706.000.000) 2025-04-10 06:02:29 Image size of job updated: 4014
	4014  -  MemoryUsage of job (MB)
	4110972  -  ResidentSetSize of job (KB)
...
006 (52791706.001.000) 2025-04-10 06:02:35 Image size of job updated: 2420
	2420  -  MemoryUsage of job (MB)
	2478848  -  ResidentSetSize of job (KB)
...
006 (52791706.003.000) 2025-04-10 06:03:27 Image size of job updated: 3745
	3745  -  MemoryUsage of job (MB)
	3835588  -  ResidentSetSize of job (KB)
...
006 (52791706.002.000) 2025-04-10 06:03:29 Image size of job updated: 3788
	3788  -  MemoryUsage of job (MB)
	3878940  -  ResidentSetSize of job (KB)
...
006 (52791706.004.000) 2025-04-10 06:03:29 Image size of job updated: 2884
	2884  -  MemoryUsage of job (MB)
	2953248  -  ResidentSetSize of job (KB)
...
006 (52791706.000.000) 2025-04-10 06:03:29 Image size of job updated: 4046
	4046  -  MemoryUsage of job (MB)
	4143612  -  ResidentSetSize of job (KB)
...
006 (52791706.001.000) 2025-04-10 06:03:36 Image size of job updated: 2450
	2450  -  MemoryUsage of job (MB)
	2509728  -  ResidentSetSize of job (KB)
...
006 (52791706.003.000) 2025-04-10 06:04:27 Image size of job updated: 3776
	3776  -  MemoryUsage of job (MB)
	3867220  -  ResidentSetSize of job (KB)
...
006 (52791706.002.000) 2025-04-10 06:04:30 Image size of job updated: 3817
	3817  -  MemoryUsage of job (MB)
	3909212  -  ResidentSetSize of job (KB)
...
006 (52791706.004.000) 2025-04-10 06:04:30 Image size of job updated: 2917
	2917  -  MemoryUsage of job (MB)
	2987208  -  ResidentSetSize of job (KB)
...
006 (52791706.000.000) 2025-04-10 06:04:30 Image size of job updated: 4106
	4106  -  MemoryUsage of job (MB)
	4204876  -  ResidentSetSize of job (KB)
...
006 (52791706.001.000) 2025-04-10 06:04:37 Image size of job updated: 2480
	2480  -  MemoryUsage of job (MB)
	2540020  -  ResidentSetSize of job (KB)
...
006 (52791706.003.000) 2025-04-10 06:05:28 Image size of job updated: 3831
	3831  -  MemoryUsage of job (MB)
	3923580  -  ResidentSetSize of job (KB)
...
006 (52791706.004.000) 2025-04-10 06:05:30 Image size of job updated: 2974
	2974  -  MemoryUsage of job (MB)
	3045892  -  ResidentSetSize of job (KB)
...
006 (52791706.002.000) 2025-04-10 06:05:30 Image size of job updated: 3847
	3847  -  MemoryUsage of job (MB)
	3939808  -  ResidentSetSize of job (KB)
...
006 (52791706.000.000) 2025-04-10 06:05:31 Image size of job updated: 4138
	4138  -  MemoryUsage of job (MB)
	4237460  -  ResidentSetSize of job (KB)
...
006 (52791706.001.000) 2025-04-10 06:05:37 Image size of job updated: 2510
	2510  -  MemoryUsage of job (MB)
	2571108  -  ResidentSetSize of job (KB)
...
006 (52791706.003.000) 2025-04-10 06:06:29 Image size of job updated: 3888
	3888  -  MemoryUsage of job (MB)
	3981556  -  ResidentSetSize of job (KB)
...
006 (52791706.002.000) 2025-04-10 06:06:31 Image size of job updated: 3885
	3885  -  MemoryUsage of job (MB)
	3978904  -  ResidentSetSize of job (KB)
...
006 (52791706.004.000) 2025-04-10 06:06:31 Image size of job updated: 3005
	3005  -  MemoryUsage of job (MB)
	3077428  -  ResidentSetSize of job (KB)
...
006 (52791706.000.000) 2025-04-10 06:06:31 Image size of job updated: 4161
	4161  -  MemoryUsage of job (MB)
	4261376  -  ResidentSetSize of job (KB)
...
006 (52791706.001.000) 2025-04-10 06:06:37 Image size of job updated: 2540
	2540  -  MemoryUsage of job (MB)
	2601752  -  ResidentSetSize of job (KB)
...
006 (52791706.003.000) 2025-04-10 06:07:29 Image size of job updated: 3919
	3919  -  MemoryUsage of job (MB)
	4013288  -  ResidentSetSize of job (KB)
...
006 (52791706.004.000) 2025-04-10 06:07:31 Image size of job updated: 3060
	3060  -  MemoryUsage of job (MB)
	3134004  -  ResidentSetSize of job (KB)
...
006 (52791706.002.000) 2025-04-10 06:07:31 Image size of job updated: 3935
	3935  -  MemoryUsage of job (MB)
	4030360  -  ResidentSetSize of job (KB)
...
006 (52791706.000.000) 2025-04-10 06:07:32 Image size of job updated: 4227
	4227  -  MemoryUsage of job (MB)
	4328544  -  ResidentSetSize of job (KB)
...
006 (52791706.001.000) 2025-04-10 06:07:37 Image size of job updated: 2558
	2558  -  MemoryUsage of job (MB)
	2619916  -  ResidentSetSize of job (KB)
...
006 (52791706.003.000) 2025-04-10 06:08:30 Image size of job updated: 3975
	3975  -  MemoryUsage of job (MB)
	4071256  -  ResidentSetSize of job (KB)
...
006 (52791706.004.000) 2025-04-10 06:08:31 Image size of job updated: 3118
	3118  -  MemoryUsage of job (MB)
	3193168  -  ResidentSetSize of job (KB)
...
006 (52791706.002.000) 2025-04-10 06:08:32 Image size of job updated: 3967
	3967  -  MemoryUsage of job (MB)
	4063228  -  ResidentSetSize of job (KB)
...
006 (52791706.000.000) 2025-04-10 06:08:33 Image size of job updated: 4257
	4257  -  MemoryUsage of job (MB)
	4360068  -  ResidentSetSize of job (KB)
...
006 (52791706.001.000) 2025-04-10 06:08:37 Image size of job updated: 2571
	2571  -  MemoryUsage of job (MB)
	2632720  -  ResidentSetSize of job (KB)
...
006 (52791706.003.000) 2025-04-10 06:09:30 Image size of job updated: 4033
	4033  -  MemoryUsage of job (MB)
	4129928  -  ResidentSetSize of job (KB)
...
006 (52791706.004.000) 2025-04-10 06:09:32 Image size of job updated: 3147
	3147  -  MemoryUsage of job (MB)
	3222536  -  ResidentSetSize of job (KB)
...
006 (52791706.002.000) 2025-04-10 06:09:32 Image size of job updated: 3997
	3997  -  MemoryUsage of job (MB)
	4093136  -  ResidentSetSize of job (KB)
...
006 (52791706.000.000) 2025-04-10 06:09:33 Image size of job updated: 4276
	4276  -  MemoryUsage of job (MB)
	4379544  -  ResidentSetSize of job (KB)
...
006 (52791706.001.000) 2025-04-10 06:09:37 Image size of job updated: 2600
	2600  -  MemoryUsage of job (MB)
	2663184  -  ResidentSetSize of job (KB)
...
006 (52791706.003.000) 2025-04-10 06:10:31 Image size of job updated: 4093
	4093  -  MemoryUsage of job (MB)
	4191928  -  ResidentSetSize of job (KB)
...
006 (52791706.004.000) 2025-04-10 06:10:32 Image size of job updated: 3205
	3205  -  MemoryUsage of job (MB)
	3282424  -  ResidentSetSize of job (KB)
...
006 (52791706.002.000) 2025-04-10 06:10:33 Image size of job updated: 4026
	4026  -  MemoryUsage of job (MB)
	4123240  -  ResidentSetSize of job (KB)
...
006 (52791706.000.000) 2025-04-10 06:10:34 Image size of job updated: 4327
	4327  -  MemoryUsage of job (MB)
	4431768  -  ResidentSetSize of job (KB)
...
006 (52791706.001.000) 2025-04-10 06:10:37 Image size of job updated: 2630
	2630  -  MemoryUsage of job (MB)
	2694108  -  ResidentSetSize of job (KB)
...
006 (52791706.003.000) 2025-04-10 06:11:31 Image size of job updated: 4152
	4152  -  MemoryUsage of job (MB)
	4252536  -  ResidentSetSize of job (KB)
...
006 (52791706.004.000) 2025-04-10 06:11:33 Image size of job updated: 3234
	3234  -  MemoryUsage of job (MB)
	3312072  -  ResidentSetSize of job (KB)
...
006 (52791706.002.000) 2025-04-10 06:11:34 Image size of job updated: 4055
	4055  -  MemoryUsage of job (MB)
	4152920  -  ResidentSetSize of job (KB)
...
006 (52791706.000.000) 2025-04-10 06:11:35 Image size of job updated: 4358
	4358  -  MemoryUsage of job (MB)
	4463528  -  ResidentSetSize of job (KB)
...
006 (52791706.001.000) 2025-04-10 06:11:37 Image size of job updated: 2660
	2660  -  MemoryUsage of job (MB)
	2724776  -  ResidentSetSize of job (KB)
...
006 (52791706.003.000) 2025-04-10 06:12:32 Image size of job updated: 4185
	4185  -  MemoryUsage of job (MB)
	4285572  -  ResidentSetSize of job (KB)
...
006 (52791706.004.000) 2025-04-10 06:12:33 Image size of job updated: 3292
	3292  -  MemoryUsage of job (MB)
	3371376  -  ResidentSetSize of job (KB)
...
006 (52791706.002.000) 2025-04-10 06:12:34 Image size of job updated: 4084
	4084  -  MemoryUsage of job (MB)
	4182820  -  ResidentSetSize of job (KB)
...
006 (52791706.000.000) 2025-04-10 06:12:35 Image size of job updated: 4420
	4420  -  MemoryUsage of job (MB)
	4526144  -  ResidentSetSize of job (KB)
...
006 (52791706.001.000) 2025-04-10 06:12:38 Image size of job updated: 2691
	2691  -  MemoryUsage of job (MB)
	2755604  -  ResidentSetSize of job (KB)
...
006 (52791706.003.000) 2025-04-10 06:13:32 Image size of job updated: 4243
	4243  -  MemoryUsage of job (MB)
	4345128  -  ResidentSetSize of job (KB)
...
006 (52791706.004.000) 2025-04-10 06:13:33 Image size of job updated: 3314
	3314  -  MemoryUsage of job (MB)
	3394176  -  ResidentSetSize of job (KB)
...
006 (52791706.002.000) 2025-04-10 06:13:34 Image size of job updated: 4113
	4113  -  MemoryUsage of job (MB)
	4212664  -  ResidentSetSize of job (KB)
...
006 (52791706.000.000) 2025-04-10 06:13:36 Image size of job updated: 4451
	4451  -  MemoryUsage of job (MB)
	4557984  -  ResidentSetSize of job (KB)
...
006 (52791706.001.000) 2025-04-10 06:13:39 Image size of job updated: 2720
	2720  -  MemoryUsage of job (MB)
	2786132  -  ResidentSetSize of job (KB)
...
006 (52791706.003.000) 2025-04-10 06:14:32 Image size of job updated: 4296
	4296  -  MemoryUsage of job (MB)
	4400116  -  ResidentSetSize of job (KB)
...
006 (52791706.004.000) 2025-04-10 06:14:34 Image size of job updated: 3359
	3359  -  MemoryUsage of job (MB)
	3440340  -  ResidentSetSize of job (KB)
...
006 (52791706.002.000) 2025-04-10 06:14:35 Image size of job updated: 4142
	4142  -  MemoryUsage of job (MB)
	4242320  -  ResidentSetSize of job (KB)
...
006 (52791706.000.000) 2025-04-10 06:14:36 Image size of job updated: 4481
	4481  -  MemoryUsage of job (MB)
	4589460  -  ResidentSetSize of job (KB)
...
006 (52791706.001.000) 2025-04-10 06:14:39 Image size of job updated: 2724
	2724  -  MemoryUsage of job (MB)
	2790080  -  ResidentSetSize of job (KB)
...
006 (52791706.003.000) 2025-04-10 06:15:33 Image size of job updated: 4335
	4335  -  MemoryUsage of job (MB)
	4439936  -  ResidentSetSize of job (KB)
...
006 (52791706.004.000) 2025-04-10 06:15:34 Image size of job updated: 3389
	3389  -  MemoryUsage of job (MB)
	3470660  -  ResidentSetSize of job (KB)
...
006 (52791706.002.000) 2025-04-10 06:15:36 Image size of job updated: 4172
	4172  -  MemoryUsage of job (MB)
	4272452  -  ResidentSetSize of job (KB)
...
006 (52791706.001.000) 2025-04-10 06:15:39 Image size of job updated: 2751
	2751  -  MemoryUsage of job (MB)
	2817032  -  ResidentSetSize of job (KB)
...
006 (52791706.003.000) 2025-04-10 06:16:34 Image size of job updated: 4392
	4392  -  MemoryUsage of job (MB)
	4497928  -  ResidentSetSize of job (KB)
...
006 (52791706.004.000) 2025-04-10 06:16:35 Image size of job updated: 3434
	3434  -  MemoryUsage of job (MB)
	3516788  -  ResidentSetSize of job (KB)
...
006 (52791706.002.000) 2025-04-10 06:16:36 Image size of job updated: 4201
	4201  -  MemoryUsage of job (MB)
	4302068  -  ResidentSetSize of job (KB)
...
006 (52791706.000.000) 2025-04-10 06:16:37 Image size of job updated: 4512
	4512  -  MemoryUsage of job (MB)
	4620968  -  ResidentSetSize of job (KB)
...
006 (52791706.001.000) 2025-04-10 06:16:39 Image size of job updated: 2781
	2781  -  MemoryUsage of job (MB)
	2848104  -  ResidentSetSize of job (KB)
...
006 (52791706.003.000) 2025-04-10 06:17:34 Image size of job updated: 4424
	4424  -  MemoryUsage of job (MB)
	4530248  -  ResidentSetSize of job (KB)
...
006 (52791706.004.000) 2025-04-10 06:17:35 Image size of job updated: 3464
	3464  -  MemoryUsage of job (MB)
	3547756  -  ResidentSetSize of job (KB)
...
006 (52791706.002.000) 2025-04-10 06:17:36 Image size of job updated: 4230
	4230  -  MemoryUsage of job (MB)
	4331912  -  ResidentSetSize of job (KB)
...
006 (52791706.000.000) 2025-04-10 06:17:38 Image size of job updated: 4530
	4530  -  MemoryUsage of job (MB)
	4638764  -  ResidentSetSize of job (KB)
...
006 (52791706.001.000) 2025-04-10 06:17:40 Image size of job updated: 2811
	2811  -  MemoryUsage of job (MB)
	2878772  -  ResidentSetSize of job (KB)
...
006 (52791706.003.000) 2025-04-10 06:18:35 Image size of job updated: 4482
	4482  -  MemoryUsage of job (MB)
	4590212  -  ResidentSetSize of job (KB)
...
006 (52791706.004.000) 2025-04-10 06:18:35 Image size of job updated: 3512
	3512  -  MemoryUsage of job (MB)
	3597156  -  ResidentSetSize of job (KB)
...
006 (52791706.002.000) 2025-04-10 06:18:37 Image size of job updated: 4259
	4259  -  MemoryUsage of job (MB)
	4361632  -  ResidentSetSize of job (KB)
...
006 (52791706.000.000) 2025-04-10 06:18:38 Image size of job updated: 4543
	4543  -  MemoryUsage of job (MB)
	4652680  -  ResidentSetSize of job (KB)
...
006 (52791706.001.000) 2025-04-10 06:18:40 Image size of job updated: 2841
	2841  -  MemoryUsage of job (MB)
	2909356  -  ResidentSetSize of job (KB)
...
006 (52791706.003.000) 2025-04-10 06:19:35 Image size of job updated: 4544
	4544  -  MemoryUsage of job (MB)
	4653108  -  ResidentSetSize of job (KB)
...
006 (52791706.004.000) 2025-04-10 06:19:36 Image size of job updated: 3541
	3541  -  MemoryUsage of job (MB)
	3626984  -  ResidentSetSize of job (KB)
...
006 (52791706.002.000) 2025-04-10 06:19:38 Image size of job updated: 4288
	4288  -  MemoryUsage of job (MB)
	4391328  -  ResidentSetSize of job (KB)
...
006 (52791706.000.000) 2025-04-10 06:19:39 Image size of job updated: 4604
	4604  -  MemoryUsage of job (MB)
	4714768  -  ResidentSetSize of job (KB)
...
006 (52791706.001.000) 2025-04-10 06:19:41 Image size of job updated: 2871
	2871  -  MemoryUsage of job (MB)
	2940084  -  ResidentSetSize of job (KB)
...
006 (52791706.003.000) 2025-04-10 06:20:36 Image size of job updated: 4591
	4591  -  MemoryUsage of job (MB)
	4701312  -  ResidentSetSize of job (KB)
...
006 (52791706.004.000) 2025-04-10 06:20:37 Image size of job updated: 3593
	3593  -  MemoryUsage of job (MB)
	3680072  -  ResidentSetSize of job (KB)
...
006 (52791706.002.000) 2025-04-10 06:20:38 Image size of job updated: 4346
	4346  -  MemoryUsage of job (MB)
	4450408  -  ResidentSetSize of job (KB)
...
006 (52791706.000.000) 2025-04-10 06:20:40 Image size of job updated: 4643
	4643  -  MemoryUsage of job (MB)
	4754800  -  ResidentSetSize of job (KB)
...
006 (52791706.001.000) 2025-04-10 06:20:42 Image size of job updated: 2901
	2901  -  MemoryUsage of job (MB)
	2970960  -  ResidentSetSize of job (KB)
...
006 (52791706.003.000) 2025-04-10 06:21:37 Image size of job updated: 4635
	4635  -  MemoryUsage of job (MB)
	4746268  -  ResidentSetSize of job (KB)
...
006 (52791706.004.000) 2025-04-10 06:21:37 Image size of job updated: 3623
	3623  -  MemoryUsage of job (MB)
	3710604  -  ResidentSetSize of job (KB)
...
006 (52791706.002.000) 2025-04-10 06:21:38 Image size of job updated: 4375
	4375  -  MemoryUsage of job (MB)
	4480756  -  ResidentSetSize of job (KB)
...
006 (52791706.000.000) 2025-04-10 06:21:40 Image size of job updated: 4643
	4643  -  MemoryUsage of job (MB)
	4755020  -  ResidentSetSize of job (KB)
...
006 (52791706.001.000) 2025-04-10 06:21:43 Image size of job updated: 2931
	2931  -  MemoryUsage of job (MB)
	3001980  -  ResidentSetSize of job (KB)
...
006 (52791706.003.000) 2025-04-10 06:22:37 Image size of job updated: 4663
	4663  -  MemoryUsage of job (MB)
	4775288  -  ResidentSetSize of job (KB)
...
006 (52791706.004.000) 2025-04-10 06:22:38 Image size of job updated: 3679
	3679  -  MemoryUsage of job (MB)
	3767664  -  ResidentSetSize of job (KB)
...
006 (52791706.002.000) 2025-04-10 06:22:39 Image size of job updated: 4406
	4406  -  MemoryUsage of job (MB)
	4511916  -  ResidentSetSize of job (KB)
...
006 (52791706.000.000) 2025-04-10 06:22:40 Image size of job updated: 4673
	4673  -  MemoryUsage of job (MB)
	4785892  -  ResidentSetSize of job (KB)
...
006 (52791706.001.000) 2025-04-10 06:22:43 Image size of job updated: 2961
	2961  -  MemoryUsage of job (MB)
	3032464  -  ResidentSetSize of job (KB)
...
006 (52791706.004.000) 2025-04-10 06:23:38 Image size of job updated: 3727
	3727  -  MemoryUsage of job (MB)
	3816472  -  ResidentSetSize of job (KB)
...
006 (52791706.003.000) 2025-04-10 06:23:38 Image size of job updated: 4722
	4722  -  MemoryUsage of job (MB)
	4835508  -  ResidentSetSize of job (KB)
...
006 (52791706.002.000) 2025-04-10 06:23:40 Image size of job updated: 4462
	4462  -  MemoryUsage of job (MB)
	4569916  -  ResidentSetSize of job (KB)
...
006 (52791706.000.000) 2025-04-10 06:23:41 Image size of job updated: 4704
	4704  -  MemoryUsage of job (MB)
	4817292  -  ResidentSetSize of job (KB)
...
006 (52791706.001.000) 2025-04-10 06:23:43 Image size of job updated: 2991
	2991  -  MemoryUsage of job (MB)
	3062904  -  ResidentSetSize of job (KB)
...
006 (52791706.004.000) 2025-04-10 06:24:38 Image size of job updated: 3755
	3755  -  MemoryUsage of job (MB)
	3846056  -  ResidentSetSize of job (KB)
...
006 (52791706.003.000) 2025-04-10 06:24:39 Image size of job updated: 4783
	4783  -  MemoryUsage of job (MB)
	4898720  -  ResidentSetSize of job (KB)
...
006 (52791706.002.000) 2025-04-10 06:24:41 Image size of job updated: 4492
	4492  -  MemoryUsage of job (MB)
	4599808  -  ResidentSetSize of job (KB)
...
006 (52791706.000.000) 2025-04-10 06:24:42 Image size of job updated: 4741
	4741  -  MemoryUsage of job (MB)
	4855660  -  ResidentSetSize of job (KB)
...
006 (52791706.001.000) 2025-04-10 06:24:44 Image size of job updated: 3021
	3021  -  MemoryUsage of job (MB)
	3093768  -  ResidentSetSize of job (KB)
...
006 (52791706.004.000) 2025-04-10 06:25:39 Image size of job updated: 3813
	3813  -  MemoryUsage of job (MB)
	3904576  -  ResidentSetSize of job (KB)
...
006 (52791706.003.000) 2025-04-10 06:25:40 Image size of job updated: 4843
	4843  -  MemoryUsage of job (MB)
	4959448  -  ResidentSetSize of job (KB)
...
006 (52791706.002.000) 2025-04-10 06:25:41 Image size of job updated: 4521
	4521  -  MemoryUsage of job (MB)
	4629844  -  ResidentSetSize of job (KB)
...
006 (52791706.001.000) 2025-04-10 06:25:45 Image size of job updated: 3052
	3052  -  MemoryUsage of job (MB)
	3125944  -  ResidentSetSize of job (KB)
...
006 (52791706.004.000) 2025-04-10 06:26:39 Image size of job updated: 3872
	3872  -  MemoryUsage of job (MB)
	3965236  -  ResidentSetSize of job (KB)
...
006 (52791706.003.000) 2025-04-10 06:26:40 Image size of job updated: 4872
	4872  -  MemoryUsage of job (MB)
	4989424  -  ResidentSetSize of job (KB)
...
006 (52791706.002.000) 2025-04-10 06:26:41 Image size of job updated: 4550
	4550  -  MemoryUsage of job (MB)
	4660048  -  ResidentSetSize of job (KB)
...
006 (52791706.001.000) 2025-04-10 06:26:46 Image size of job updated: 3084
	3084  -  MemoryUsage of job (MB)
	3158060  -  ResidentSetSize of job (KB)
...
006 (52791706.004.000) 2025-04-10 06:27:39 Image size of job updated: 3918
	3918  -  MemoryUsage of job (MB)
	4012828  -  ResidentSetSize of job (KB)
...
006 (52791706.003.000) 2025-04-10 06:27:41 Image size of job updated: 4930
	4930  -  MemoryUsage of job (MB)
	5049260  -  ResidentSetSize of job (KB)
...
006 (52791706.002.000) 2025-04-10 06:27:41 Image size of job updated: 4580
	4580  -  MemoryUsage of job (MB)
	4690420  -  ResidentSetSize of job (KB)
...
006 (52791706.000.000) 2025-04-10 06:27:44 Image size of job updated: 4743
	4743  -  MemoryUsage of job (MB)
	4856960  -  ResidentSetSize of job (KB)
...
006 (52791706.001.000) 2025-04-10 06:27:46 Image size of job updated: 3116
	3116  -  MemoryUsage of job (MB)
	3191240  -  ResidentSetSize of job (KB)
...
006 (52791706.004.000) 2025-04-10 06:28:40 Image size of job updated: 3947
	3947  -  MemoryUsage of job (MB)
	4042188  -  ResidentSetSize of job (KB)
...
006 (52791706.003.000) 2025-04-10 06:28:42 Image size of job updated: 4988
	4988  -  MemoryUsage of job (MB)
	5108336  -  ResidentSetSize of job (KB)
...
006 (52791706.002.000) 2025-04-10 06:28:42 Image size of job updated: 4580
	4580  -  MemoryUsage of job (MB)
	4690640  -  ResidentSetSize of job (KB)
...
006 (52791706.000.000) 2025-04-10 06:28:44 Image size of job updated: 4773
	4773  -  MemoryUsage of job (MB)
	4887576  -  ResidentSetSize of job (KB)
...
006 (52791706.001.000) 2025-04-10 06:28:46 Image size of job updated: 3146
	3146  -  MemoryUsage of job (MB)
	3222252  -  ResidentSetSize of job (KB)
...
006 (52791706.004.000) 2025-04-10 06:29:41 Image size of job updated: 3994
	3994  -  MemoryUsage of job (MB)
	4090428  -  ResidentSetSize of job (KB)
...
006 (52791706.003.000) 2025-04-10 06:29:42 Image size of job updated: 5020
	5020  -  MemoryUsage of job (MB)
	5140864  -  ResidentSetSize of job (KB)
...
006 (52791706.002.000) 2025-04-10 06:29:43 Image size of job updated: 4610
	4610  -  MemoryUsage of job (MB)
	4721096  -  ResidentSetSize of job (KB)
...
006 (52791706.000.000) 2025-04-10 06:29:44 Image size of job updated: 4773
	4773  -  MemoryUsage of job (MB)
	4887744  -  ResidentSetSize of job (KB)
...
006 (52791706.001.000) 2025-04-10 06:29:46 Image size of job updated: 3206
	3206  -  MemoryUsage of job (MB)
	3283188  -  ResidentSetSize of job (KB)
...
006 (52791706.004.000) 2025-04-10 06:30:41 Image size of job updated: 4023
	4023  -  MemoryUsage of job (MB)
	4120532  -  ResidentSetSize of job (KB)
...
006 (52791706.003.000) 2025-04-10 06:30:42 Image size of job updated: 5078
	5078  -  MemoryUsage of job (MB)
	5200424  -  ResidentSetSize of job (KB)
...
006 (52791706.002.000) 2025-04-10 06:30:43 Image size of job updated: 4639
	4639  -  MemoryUsage of job (MB)
	4751292  -  ResidentSetSize of job (KB)
...
006 (52791706.000.000) 2025-04-10 06:30:45 Image size of job updated: 4803
	4803  -  MemoryUsage of job (MB)
	4918392  -  ResidentSetSize of job (KB)
...
006 (52791706.001.000) 2025-04-10 06:30:47 Image size of job updated: 3239
	3239  -  MemoryUsage of job (MB)
	3317464  -  ResidentSetSize of job (KB)
...
006 (52791706.004.000) 2025-04-10 06:31:42 Image size of job updated: 4054
	4054  -  MemoryUsage of job (MB)
	4152152  -  ResidentSetSize of job (KB)
...
006 (52791706.003.000) 2025-04-10 06:31:43 Image size of job updated: 5135
	5135  -  MemoryUsage of job (MB)
	5258332  -  ResidentSetSize of job (KB)
...
006 (52791706.002.000) 2025-04-10 06:31:43 Image size of job updated: 4683
	4683  -  MemoryUsage of job (MB)
	4796280  -  ResidentSetSize of job (KB)
...
006 (52791706.000.000) 2025-04-10 06:31:45 Image size of job updated: 4831
	4831  -  MemoryUsage of job (MB)
	4947516  -  ResidentSetSize of job (KB)
...
006 (52791706.001.000) 2025-04-10 06:31:48 Image size of job updated: 3271
	3271  -  MemoryUsage of job (MB)
	3349680  -  ResidentSetSize of job (KB)
...
006 (52791706.004.000) 2025-04-10 06:32:42 Image size of job updated: 4065
	4065  -  MemoryUsage of job (MB)
	4163048  -  ResidentSetSize of job (KB)
...
006 (52791706.003.000) 2025-04-10 06:32:43 Image size of job updated: 5195
	5195  -  MemoryUsage of job (MB)
	5319684  -  ResidentSetSize of job (KB)
...
006 (52791706.002.000) 2025-04-10 06:32:44 Image size of job updated: 4684
	4684  -  MemoryUsage of job (MB)
	4796980  -  ResidentSetSize of job (KB)
...
006 (52791706.000.000) 2025-04-10 06:32:45 Image size of job updated: 4833
	4833  -  MemoryUsage of job (MB)
	4949480  -  ResidentSetSize of job (KB)
...
006 (52791706.001.000) 2025-04-10 06:32:48 Image size of job updated: 3302
	3302  -  MemoryUsage of job (MB)
	3382264  -  ResidentSetSize of job (KB)
...
006 (52791706.004.000) 2025-04-10 06:33:43 Image size of job updated: 4094
	4094  -  MemoryUsage of job (MB)
	4192664  -  ResidentSetSize of job (KB)
...
006 (52791706.003.000) 2025-04-10 06:33:43 Image size of job updated: 5226
	5226  -  MemoryUsage of job (MB)
	5351948  -  ResidentSetSize of job (KB)
...
006 (52791706.002.000) 2025-04-10 06:33:45 Image size of job updated: 4713
	4713  -  MemoryUsage of job (MB)
	4826788  -  ResidentSetSize of job (KB)
...
006 (52791706.000.000) 2025-04-10 06:33:46 Image size of job updated: 4863
	4863  -  MemoryUsage of job (MB)
	4980504  -  ResidentSetSize of job (KB)
...
006 (52791706.001.000) 2025-04-10 06:33:48 Image size of job updated: 3334
	3334  -  MemoryUsage of job (MB)
	3415016  -  ResidentSetSize of job (KB)
...
006 (52791706.004.000) 2025-04-10 06:34:44 Image size of job updated: 4152
	4152  -  MemoryUsage of job (MB)
	4251848  -  ResidentSetSize of job (KB)
...
006 (52791706.003.000) 2025-04-10 06:34:44 Image size of job updated: 5284
	5284  -  MemoryUsage of job (MB)
	5410932  -  ResidentSetSize of job (KB)
...
006 (52791706.002.000) 2025-04-10 06:34:45 Image size of job updated: 4743
	4743  -  MemoryUsage of job (MB)
	4857152  -  ResidentSetSize of job (KB)
...
006 (52791706.000.000) 2025-04-10 06:34:46 Image size of job updated: 4894
	4894  -  MemoryUsage of job (MB)
	5011684  -  ResidentSetSize of job (KB)
...
006 (52791706.001.000) 2025-04-10 06:34:49 Image size of job updated: 3366
	3366  -  MemoryUsage of job (MB)
	3447796  -  ResidentSetSize of job (KB)
...
006 (52791706.004.000) 2025-04-10 06:35:44 Image size of job updated: 4182
	4182  -  MemoryUsage of job (MB)
	4282436  -  ResidentSetSize of job (KB)
...
006 (52791706.003.000) 2025-04-10 06:35:44 Image size of job updated: 5343
	5343  -  MemoryUsage of job (MB)
	5471932  -  ResidentSetSize of job (KB)
...
006 (52791706.002.000) 2025-04-10 06:35:45 Image size of job updated: 4773
	4773  -  MemoryUsage of job (MB)
	4887612  -  ResidentSetSize of job (KB)
...
006 (52791706.000.000) 2025-04-10 06:35:47 Image size of job updated: 4894
	4894  -  MemoryUsage of job (MB)
	5011792  -  ResidentSetSize of job (KB)
...
006 (52791706.001.000) 2025-04-10 06:35:50 Image size of job updated: 3427
	3427  -  MemoryUsage of job (MB)
	3509968  -  ResidentSetSize of job (KB)
...
006 (52791706.004.000) 2025-04-10 06:36:45 Image size of job updated: 4210
	4210  -  MemoryUsage of job (MB)
	4311132  -  ResidentSetSize of job (KB)
...
006 (52791706.003.000) 2025-04-10 06:36:45 Image size of job updated: 5372
	5372  -  MemoryUsage of job (MB)
	5501708  -  ResidentSetSize of job (KB)
...
006 (52791706.002.000) 2025-04-10 06:36:46 Image size of job updated: 4802
	4802  -  MemoryUsage of job (MB)
	4918004  -  ResidentSetSize of job (KB)
...
006 (52791706.000.000) 2025-04-10 06:36:48 Image size of job updated: 4924
	4924  -  MemoryUsage of job (MB)
	5042584  -  ResidentSetSize of job (KB)
...
006 (52791706.001.000) 2025-04-10 06:36:50 Image size of job updated: 3459
	3459  -  MemoryUsage of job (MB)
	3542320  -  ResidentSetSize of job (KB)
...
006 (52791706.004.000) 2025-04-10 06:37:46 Image size of job updated: 4214
	4214  -  MemoryUsage of job (MB)
	4315328  -  ResidentSetSize of job (KB)
...
006 (52791706.003.000) 2025-04-10 06:37:46 Image size of job updated: 5403
	5403  -  MemoryUsage of job (MB)
	5532960  -  ResidentSetSize of job (KB)
...
006 (52791706.002.000) 2025-04-10 06:37:47 Image size of job updated: 4832
	4832  -  MemoryUsage of job (MB)
	4948668  -  ResidentSetSize of job (KB)
...
006 (52791706.000.000) 2025-04-10 06:37:48 Image size of job updated: 4954
	4954  -  MemoryUsage of job (MB)
	5073696  -  ResidentSetSize of job (KB)
...
006 (52791706.001.000) 2025-04-10 06:37:50 Image size of job updated: 3490
	3490  -  MemoryUsage of job (MB)
	3574308  -  ResidentSetSize of job (KB)
...
006 (52791706.004.000) 2025-04-10 06:38:46 Image size of job updated: 4259
	4259  -  MemoryUsage of job (MB)
	4361824  -  ResidentSetSize of job (KB)
...
006 (52791706.003.000) 2025-04-10 06:38:46 Image size of job updated: 5461
	5461  -  MemoryUsage of job (MB)
	5592912  -  ResidentSetSize of job (KB)
...
006 (52791706.002.000) 2025-04-10 06:38:47 Image size of job updated: 4862
	4862  -  MemoryUsage of job (MB)
	4978928  -  ResidentSetSize of job (KB)
...
006 (52791706.000.000) 2025-04-10 06:38:49 Image size of job updated: 4963
	4963  -  MemoryUsage of job (MB)
	5082512  -  ResidentSetSize of job (KB)
...
006 (52791706.001.000) 2025-04-10 06:38:50 Image size of job updated: 3522
	3522  -  MemoryUsage of job (MB)
	3606808  -  ResidentSetSize of job (KB)
...
006 (52791706.004.000) 2025-04-10 06:39:47 Image size of job updated: 4285
	4285  -  MemoryUsage of job (MB)
	4388676  -  ResidentSetSize of job (KB)
...
006 (52791706.003.000) 2025-04-10 06:39:47 Image size of job updated: 5521
	5521  -  MemoryUsage of job (MB)
	5654412  -  ResidentSetSize of job (KB)
...
006 (52791706.000.000) 2025-04-10 06:39:50 Image size of job updated: 4963
	4963  -  MemoryUsage of job (MB)
	5082940  -  ResidentSetSize of job (KB)
...
006 (52791706.001.000) 2025-04-10 06:39:51 Image size of job updated: 3569
	3569  -  MemoryUsage of job (MB)
	3654784  -  ResidentSetSize of job (KB)
...
006 (52791706.004.000) 2025-04-10 06:40:47 Image size of job updated: 4313
	4313  -  MemoryUsage of job (MB)
	4417184  -  ResidentSetSize of job (KB)
...
006 (52791706.003.000) 2025-04-10 06:40:48 Image size of job updated: 5579
	5579  -  MemoryUsage of job (MB)
	5713620  -  ResidentSetSize of job (KB)
...
006 (52791706.002.000) 2025-04-10 06:40:48 Image size of job updated: 4891
	4891  -  MemoryUsage of job (MB)
	5009284  -  ResidentSetSize of job (KB)
...
006 (52791706.000.000) 2025-04-10 06:40:50 Image size of job updated: 4993
	4993  -  MemoryUsage of job (MB)
	5113840  -  ResidentSetSize of job (KB)
...
006 (52791706.001.000) 2025-04-10 06:40:51 Image size of job updated: 3615
	3615  -  MemoryUsage of job (MB)
	3702044  -  ResidentSetSize of job (KB)
...
006 (52791706.004.000) 2025-04-10 06:41:47 Image size of job updated: 4342
	4342  -  MemoryUsage of job (MB)
	4446596  -  ResidentSetSize of job (KB)
...
006 (52791706.003.000) 2025-04-10 06:41:48 Image size of job updated: 5608
	5608  -  MemoryUsage of job (MB)
	5743344  -  ResidentSetSize of job (KB)
...
006 (52791706.002.000) 2025-04-10 06:41:49 Image size of job updated: 4921
	4921  -  MemoryUsage of job (MB)
	5039496  -  ResidentSetSize of job (KB)
...
006 (52791706.000.000) 2025-04-10 06:41:51 Image size of job updated: 5023
	5023  -  MemoryUsage of job (MB)
	5144552  -  ResidentSetSize of job (KB)
...
006 (52791706.001.000) 2025-04-10 06:41:51 Image size of job updated: 3646
	3646  -  MemoryUsage of job (MB)
	3734220  -  ResidentSetSize of job (KB)
...
006 (52791706.004.000) 2025-04-10 06:42:47 Image size of job updated: 4352
	4352  -  MemoryUsage of job (MB)
	4457132  -  ResidentSetSize of job (KB)
...
006 (52791706.003.000) 2025-04-10 06:42:49 Image size of job updated: 5663
	5663  -  MemoryUsage of job (MB)
	5799916  -  ResidentSetSize of job (KB)
...
006 (52791706.002.000) 2025-04-10 06:42:49 Image size of job updated: 4951
	4951  -  MemoryUsage of job (MB)
	5069964  -  ResidentSetSize of job (KB)
...
006 (52791706.000.000) 2025-04-10 06:42:52 Image size of job updated: 5051
	5051  -  MemoryUsage of job (MB)
	5173116  -  ResidentSetSize of job (KB)
...
006 (52791706.001.000) 2025-04-10 06:42:52 Image size of job updated: 3679
	3679  -  MemoryUsage of job (MB)
	3767496  -  ResidentSetSize of job (KB)
...
006 (52791706.004.000) 2025-04-10 06:43:48 Image size of job updated: 4355
	4355  -  MemoryUsage of job (MB)
	4459972  -  ResidentSetSize of job (KB)
...
006 (52791706.003.000) 2025-04-10 06:43:49 Image size of job updated: 5693
	5693  -  MemoryUsage of job (MB)
	5830136  -  ResidentSetSize of job (KB)
...
006 (52791706.002.000) 2025-04-10 06:43:50 Image size of job updated: 4980
	4980  -  MemoryUsage of job (MB)
	5100344  -  ResidentSetSize of job (KB)
...
006 (52791706.000.000) 2025-04-10 06:43:52 Image size of job updated: 5051
	5051  -  MemoryUsage of job (MB)
	5173120  -  ResidentSetSize of job (KB)
...
006 (52791706.004.000) 2025-04-10 06:44:48 Image size of job updated: 4384
	4384  -  MemoryUsage of job (MB)
	4489264  -  ResidentSetSize of job (KB)
...
006 (52791706.002.000) 2025-04-10 06:44:50 Image size of job updated: 4980
	4980  -  MemoryUsage of job (MB)
	5100404  -  ResidentSetSize of job (KB)
...
006 (52791706.003.000) 2025-04-10 06:44:50 Image size of job updated: 5747
	5747  -  MemoryUsage of job (MB)
	5885088  -  ResidentSetSize of job (KB)
...
006 (52791706.001.000) 2025-04-10 06:44:52 Image size of job updated: 3716
	3716  -  MemoryUsage of job (MB)
	3805704  -  ResidentSetSize of job (KB)
...
006 (52791706.000.000) 2025-04-10 06:44:53 Image size of job updated: 5079
	5079  -  MemoryUsage of job (MB)
	5201180  -  ResidentSetSize of job (KB)
...
006 (52791706.004.000) 2025-04-10 06:45:49 Image size of job updated: 4416
	4416  -  MemoryUsage of job (MB)
	4522032  -  ResidentSetSize of job (KB)
...
006 (52791706.002.000) 2025-04-10 06:45:50 Image size of job updated: 5004
	5004  -  MemoryUsage of job (MB)
	5125116  -  ResidentSetSize of job (KB)
...
006 (52791706.003.000) 2025-04-10 06:45:51 Image size of job updated: 5775
	5775  -  MemoryUsage of job (MB)
	5914112  -  ResidentSetSize of job (KB)
...
006 (52791706.001.000) 2025-04-10 06:45:53 Image size of job updated: 3748
	3748  -  MemoryUsage of job (MB)
	3838272  -  ResidentSetSize of job (KB)
...
006 (52791706.004.000) 2025-04-10 06:46:50 Image size of job updated: 4436
	4436  -  MemoryUsage of job (MB)
	4542620  -  ResidentSetSize of job (KB)
...
006 (52791706.003.000) 2025-04-10 06:46:51 Image size of job updated: 5780
	5780  -  MemoryUsage of job (MB)
	5918824  -  ResidentSetSize of job (KB)
...
006 (52791706.001.000) 2025-04-10 06:46:54 Image size of job updated: 3777
	3777  -  MemoryUsage of job (MB)
	3867908  -  ResidentSetSize of job (KB)
...
006 (52791706.004.000) 2025-04-10 06:47:51 Image size of job updated: 4469
	4469  -  MemoryUsage of job (MB)
	4576956  -  ResidentSetSize of job (KB)
...
006 (52791706.002.000) 2025-04-10 06:47:52 Image size of job updated: 5014
	5014  -  MemoryUsage of job (MB)
	5135232  -  ResidentSetSize of job (KB)
...
006 (52791706.003.000) 2025-04-10 06:47:52 Image size of job updated: 5837
	5837  -  MemoryUsage of job (MB)
	5978012  -  ResidentSetSize of job (KB)
...
006 (52791706.001.000) 2025-04-10 06:47:54 Image size of job updated: 3809
	3809  -  MemoryUsage of job (MB)
	3901028  -  ResidentSetSize of job (KB)
...
006 (52791706.004.000) 2025-04-10 06:48:51 Image size of job updated: 4498
	4498  -  MemoryUsage of job (MB)
	4606112  -  ResidentSetSize of job (KB)
...
006 (52791706.002.000) 2025-04-10 06:48:52 Image size of job updated: 5044
	5044  -  MemoryUsage of job (MB)
	5165540  -  ResidentSetSize of job (KB)
...
006 (52791706.003.000) 2025-04-10 06:48:52 Image size of job updated: 5868
	5868  -  MemoryUsage of job (MB)
	6009176  -  ResidentSetSize of job (KB)
...
006 (52791706.001.000) 2025-04-10 06:48:54 Image size of job updated: 3870
	3870  -  MemoryUsage of job (MB)
	3963440  -  ResidentSetSize of job (KB)
...
006 (52791706.004.000) 2025-04-10 06:49:52 Image size of job updated: 4532
	4532  -  MemoryUsage of job (MB)
	4640804  -  ResidentSetSize of job (KB)
...
006 (52791706.002.000) 2025-04-10 06:49:52 Image size of job updated: 5044
	5044  -  MemoryUsage of job (MB)
	5165776  -  ResidentSetSize of job (KB)
...
006 (52791706.003.000) 2025-04-10 06:49:53 Image size of job updated: 5925
	5925  -  MemoryUsage of job (MB)
	6067204  -  ResidentSetSize of job (KB)
...
006 (52791706.000.000) 2025-04-10 06:49:55 Image size of job updated: 5102
	5102  -  MemoryUsage of job (MB)
	5224780  -  ResidentSetSize of job (KB)
...
006 (52791706.001.000) 2025-04-10 06:49:55 Image size of job updated: 3901
	3901  -  MemoryUsage of job (MB)
	3995544  -  ResidentSetSize of job (KB)
...
006 (52791706.004.000) 2025-04-10 06:50:52 Image size of job updated: 4566
	4566  -  MemoryUsage of job (MB)
	4676104  -  ResidentSetSize of job (KB)
...
006 (52791706.002.000) 2025-04-10 06:50:53 Image size of job updated: 5074
	5074  -  MemoryUsage of job (MB)
	5196008  -  ResidentSetSize of job (KB)
...
006 (52791706.003.000) 2025-04-10 06:50:54 Image size of job updated: 5982
	5982  -  MemoryUsage of job (MB)
	6125848  -  ResidentSetSize of job (KB)
...
006 (52791706.000.000) 2025-04-10 06:50:56 Image size of job updated: 5132
	5132  -  MemoryUsage of job (MB)
	5255952  -  ResidentSetSize of job (KB)
...
006 (52791706.001.000) 2025-04-10 06:50:56 Image size of job updated: 3933
	3933  -  MemoryUsage of job (MB)
	4028020  -  ResidentSetSize of job (KB)
...
006 (52791706.002.000) 2025-04-10 06:51:53 Image size of job updated: 5103
	5103  -  MemoryUsage of job (MB)
	5226436  -  ResidentSetSize of job (KB)
...
006 (52791706.004.000) 2025-04-10 06:51:53 Image size of job updated: 4596
	4596  -  MemoryUsage of job (MB)
	4706304  -  ResidentSetSize of job (KB)
...
006 (52791706.003.000) 2025-04-10 06:51:54 Image size of job updated: 6015
	6015  -  MemoryUsage of job (MB)
	6159804  -  ResidentSetSize of job (KB)
...
006 (52791706.001.000) 2025-04-10 06:51:56 Image size of job updated: 3966
	3966  -  MemoryUsage of job (MB)
	4061984  -  ResidentSetSize of job (KB)
...
006 (52791706.000.000) 2025-04-10 06:51:56 Image size of job updated: 5137
	5137  -  MemoryUsage of job (MB)
	5261248  -  ResidentSetSize of job (KB)
...
006 (52791706.004.000) 2025-04-10 06:52:53 Image size of job updated: 4651
	4651  -  MemoryUsage of job (MB)
	4763504  -  ResidentSetSize of job (KB)
...
006 (52791706.002.000) 2025-04-10 06:52:53 Image size of job updated: 5133
	5133  -  MemoryUsage of job (MB)
	5256936  -  ResidentSetSize of job (KB)
...
006 (52791706.003.000) 2025-04-10 06:52:55 Image size of job updated: 6072
	6072  -  MemoryUsage of job (MB)
	6217820  -  ResidentSetSize of job (KB)
...
006 (52791706.001.000) 2025-04-10 06:52:56 Image size of job updated: 4028
	4028  -  MemoryUsage of job (MB)
	4125644  -  ResidentSetSize of job (KB)
...
006 (52791706.000.000) 2025-04-10 06:52:57 Image size of job updated: 5168
	5168  -  MemoryUsage of job (MB)
	5292136  -  ResidentSetSize of job (KB)
...
006 (52791706.004.000) 2025-04-10 06:53:53 Image size of job updated: 4673
	4673  -  MemoryUsage of job (MB)
	4785764  -  ResidentSetSize of job (KB)
...
006 (52791706.002.000) 2025-04-10 06:53:54 Image size of job updated: 5163
	5163  -  MemoryUsage of job (MB)
	5287576  -  ResidentSetSize of job (KB)
...
006 (52791706.003.000) 2025-04-10 06:53:55 Image size of job updated: 6128
	6128  -  MemoryUsage of job (MB)
	6275728  -  ResidentSetSize of job (KB)
...
006 (52791706.001.000) 2025-04-10 06:53:56 Image size of job updated: 4059
	4059  -  MemoryUsage of job (MB)
	4157392  -  ResidentSetSize of job (KB)
...
006 (52791706.004.000) 2025-04-10 06:54:54 Image size of job updated: 4697
	4697  -  MemoryUsage of job (MB)
	4810224  -  ResidentSetSize of job (KB)
...
006 (52791706.002.000) 2025-04-10 06:54:55 Image size of job updated: 5192
	5192  -  MemoryUsage of job (MB)
	5317524  -  ResidentSetSize of job (KB)
...
006 (52791706.003.000) 2025-04-10 06:54:55 Image size of job updated: 6163
	6163  -  MemoryUsage of job (MB)
	6311304  -  ResidentSetSize of job (KB)
...
006 (52791706.001.000) 2025-04-10 06:54:57 Image size of job updated: 4091
	4091  -  MemoryUsage of job (MB)
	4189380  -  ResidentSetSize of job (KB)
...
006 (52791706.002.000) 2025-04-10 06:55:55 Image size of job updated: 5222
	5222  -  MemoryUsage of job (MB)
	5347932  -  ResidentSetSize of job (KB)
...
006 (52791706.003.000) 2025-04-10 06:55:56 Image size of job updated: 6214
	6214  -  MemoryUsage of job (MB)
	6363872  -  ResidentSetSize of job (KB)
...
006 (52791706.001.000) 2025-04-10 06:55:58 Image size of job updated: 4130
	4130  -  MemoryUsage of job (MB)
	4229896  -  ResidentSetSize of job (KB)
...
006 (52791706.000.000) 2025-04-10 06:55:59 Image size of job updated: 5193
	5193  -  MemoryUsage of job (MB)
	5318248  -  ResidentSetSize of job (KB)
...
006 (52791706.004.000) 2025-04-10 06:56:54 Image size of job updated: 4732
	4732  -  MemoryUsage of job (MB)
	4845604  -  ResidentSetSize of job (KB)
...
006 (52791706.002.000) 2025-04-10 06:56:55 Image size of job updated: 5252
	5252  -  MemoryUsage of job (MB)
	5378160  -  ResidentSetSize of job (KB)
...
006 (52791706.003.000) 2025-04-10 06:56:56 Image size of job updated: 6271
	6271  -  MemoryUsage of job (MB)
	6422296  -  ResidentSetSize of job (KB)
...
006 (52791706.001.000) 2025-04-10 06:56:58 Image size of job updated: 4164
	4164  -  MemoryUsage of job (MB)
	4264180  -  ResidentSetSize of job (KB)
...
006 (52791706.000.000) 2025-04-10 06:56:59 Image size of job updated: 5223
	5223  -  MemoryUsage of job (MB)
	5349208  -  ResidentSetSize of job (KB)
...
006 (52791706.004.000) 2025-04-10 06:57:55 Image size of job updated: 4787
	4787  -  MemoryUsage of job (MB)
	4902688  -  ResidentSetSize of job (KB)
...
006 (52791706.002.000) 2025-04-10 06:57:56 Image size of job updated: 5281
	5281  -  MemoryUsage of job (MB)
	5408684  -  ResidentSetSize of job (KB)
...
006 (52791706.003.000) 2025-04-10 06:57:57 Image size of job updated: 6303
	6303  -  MemoryUsage of job (MB)
	6454880  -  ResidentSetSize of job (KB)
...
006 (52791706.001.000) 2025-04-10 06:57:59 Image size of job updated: 4226
	4226  -  MemoryUsage of job (MB)
	4327536  -  ResidentSetSize of job (KB)
...
006 (52791706.000.000) 2025-04-10 06:58:00 Image size of job updated: 5253
	5253  -  MemoryUsage of job (MB)
	5379968  -  ResidentSetSize of job (KB)
...
006 (52791706.004.000) 2025-04-10 06:58:55 Image size of job updated: 4816
	4816  -  MemoryUsage of job (MB)
	4931996  -  ResidentSetSize of job (KB)
...
006 (52791706.002.000) 2025-04-10 06:58:57 Image size of job updated: 5281
	5281  -  MemoryUsage of job (MB)
	5408700  -  ResidentSetSize of job (KB)
...
006 (52791706.003.000) 2025-04-10 06:58:58 Image size of job updated: 6357
	6357  -  MemoryUsage of job (MB)
	6510160  -  ResidentSetSize of job (KB)
...
006 (52791706.001.000) 2025-04-10 06:58:59 Image size of job updated: 4257
	4257  -  MemoryUsage of job (MB)
	4359784  -  ResidentSetSize of job (KB)
...
006 (52791706.004.000) 2025-04-10 06:59:55 Image size of job updated: 4846
	4846  -  MemoryUsage of job (MB)
	4962492  -  ResidentSetSize of job (KB)
...
006 (52791706.002.000) 2025-04-10 06:59:57 Image size of job updated: 5311
	5311  -  MemoryUsage of job (MB)
	5439132  -  ResidentSetSize of job (KB)
...
006 (52791706.003.000) 2025-04-10 06:59:58 Image size of job updated: 6414
	6414  -  MemoryUsage of job (MB)
	6568780  -  ResidentSetSize of job (KB)
...
006 (52791706.001.000) 2025-04-10 07:00:00 Image size of job updated: 4289
	4289  -  MemoryUsage of job (MB)
	4392896  -  ResidentSetSize of job (KB)
...
006 (52791706.000.000) 2025-04-10 07:00:01 Image size of job updated: 5265
	5265  -  MemoryUsage of job (MB)
	5391656  -  ResidentSetSize of job (KB)
...
006 (52791706.004.000) 2025-04-10 07:00:56 Image size of job updated: 4901
	4901  -  MemoryUsage of job (MB)
	5018960  -  ResidentSetSize of job (KB)
...
006 (52791706.002.000) 2025-04-10 07:00:57 Image size of job updated: 5341
	5341  -  MemoryUsage of job (MB)
	5469548  -  ResidentSetSize of job (KB)
...
006 (52791706.003.000) 2025-04-10 07:00:58 Image size of job updated: 6445
	6445  -  MemoryUsage of job (MB)
	6600224  -  ResidentSetSize of job (KB)
...
006 (52791706.001.000) 2025-04-10 07:01:00 Image size of job updated: 4321
	4321  -  MemoryUsage of job (MB)
	4425092  -  ResidentSetSize of job (KB)
...
006 (52791706.004.000) 2025-04-10 07:01:56 Image size of job updated: 4932
	4932  -  MemoryUsage of job (MB)
	5050772  -  ResidentSetSize of job (KB)
...
006 (52791706.002.000) 2025-04-10 07:01:58 Image size of job updated: 5371
	5371  -  MemoryUsage of job (MB)
	5499992  -  ResidentSetSize of job (KB)
...
006 (52791706.003.000) 2025-04-10 07:01:59 Image size of job updated: 6471
	6471  -  MemoryUsage of job (MB)
	6627268  -  ResidentSetSize of job (KB)
...
006 (52791706.001.000) 2025-04-10 07:02:01 Image size of job updated: 4381
	4381  -  MemoryUsage of job (MB)
	4486820  -  ResidentSetSize of job (KB)
...
006 (52791706.004.000) 2025-04-10 07:02:56 Image size of job updated: 4987
	4987  -  MemoryUsage of job (MB)
	5107188  -  ResidentSetSize of job (KB)
...
006 (52791706.002.000) 2025-04-10 07:02:59 Image size of job updated: 5400
	5400  -  MemoryUsage of job (MB)
	5530340  -  ResidentSetSize of job (KB)
...
006 (52791706.001.000) 2025-04-10 07:03:01 Image size of job updated: 4413
	4413  -  MemoryUsage of job (MB)
	4519232  -  ResidentSetSize of job (KB)
...
006 (52791706.004.000) 2025-04-10 07:03:57 Image size of job updated: 5015
	5015  -  MemoryUsage of job (MB)
	5135924  -  ResidentSetSize of job (KB)
...
006 (52791706.002.000) 2025-04-10 07:03:59 Image size of job updated: 5432
	5432  -  MemoryUsage of job (MB)
	5562848  -  ResidentSetSize of job (KB)
...
006 (52791706.003.000) 2025-04-10 07:03:59 Image size of job updated: 6495
	6495  -  MemoryUsage of job (MB)
	6651728  -  ResidentSetSize of job (KB)
...
006 (52791706.001.000) 2025-04-10 07:04:02 Image size of job updated: 4445
	4445  -  MemoryUsage of job (MB)
	4552220  -  ResidentSetSize of job (KB)
...
006 (52791706.000.000) 2025-04-10 07:04:03 Image size of job updated: 5290
	5290  -  MemoryUsage of job (MB)
	5417400  -  ResidentSetSize of job (KB)
...
006 (52791706.002.000) 2025-04-10 07:04:59 Image size of job updated: 5461
	5461  -  MemoryUsage of job (MB)
	5592956  -  ResidentSetSize of job (KB)
...
006 (52791706.003.000) 2025-04-10 07:05:00 Image size of job updated: 6554
	6554  -  MemoryUsage of job (MB)
	6711448  -  ResidentSetSize of job (KB)
...
006 (52791706.001.000) 2025-04-10 07:05:03 Image size of job updated: 4478
	4478  -  MemoryUsage of job (MB)
	4586160  -  ResidentSetSize of job (KB)
...
006 (52791706.003.000) 2025-04-10 07:06:00 Image size of job updated: 6613
	6613  -  MemoryUsage of job (MB)
	6772028  -  ResidentSetSize of job (KB)
...
006 (52791706.002.000) 2025-04-10 07:06:00 Image size of job updated: 5479
	5479  -  MemoryUsage of job (MB)
	5611276  -  ResidentSetSize of job (KB)
...
006 (52791706.001.000) 2025-04-10 07:06:03 Image size of job updated: 4539
	4539  -  MemoryUsage of job (MB)
	4648512  -  ResidentSetSize of job (KB)
...
006 (52791706.000.000) 2025-04-10 07:06:03 Image size of job updated: 5320
	5320  -  MemoryUsage of job (MB)
	5448000  -  ResidentSetSize of job (KB)
...
006 (52791706.003.000) 2025-04-10 07:07:00 Image size of job updated: 6671
	6671  -  MemoryUsage of job (MB)
	6832096  -  ResidentSetSize of job (KB)
...
006 (52791706.002.000) 2025-04-10 07:07:01 Image size of job updated: 5491
	5491  -  MemoryUsage of job (MB)
	5623540  -  ResidentSetSize of job (KB)
...
006 (52791706.001.000) 2025-04-10 07:07:03 Image size of job updated: 4570
	4570  -  MemoryUsage of job (MB)
	4680028  -  ResidentSetSize of job (KB)
...
006 (52791706.000.000) 2025-04-10 07:07:04 Image size of job updated: 5350
	5350  -  MemoryUsage of job (MB)
	5478908  -  ResidentSetSize of job (KB)
...
006 (52791706.002.000) 2025-04-10 07:08:01 Image size of job updated: 5521
	5521  -  MemoryUsage of job (MB)
	5653904  -  ResidentSetSize of job (KB)
...
006 (52791706.003.000) 2025-04-10 07:08:01 Image size of job updated: 6701
	6701  -  MemoryUsage of job (MB)
	6862424  -  ResidentSetSize of job (KB)
...
006 (52791706.001.000) 2025-04-10 07:08:04 Image size of job updated: 4601
	4601  -  MemoryUsage of job (MB)
	4712224  -  ResidentSetSize of job (KB)
...
006 (52791706.004.000) 2025-04-10 07:09:01 Image size of job updated: 5044
	5044  -  MemoryUsage of job (MB)
	5165060  -  ResidentSetSize of job (KB)
...
006 (52791706.003.000) 2025-04-10 07:09:01 Image size of job updated: 6760
	6760  -  MemoryUsage of job (MB)
	6922948  -  ResidentSetSize of job (KB)
...
006 (52791706.002.000) 2025-04-10 07:09:01 Image size of job updated: 5551
	5551  -  MemoryUsage of job (MB)
	5684328  -  ResidentSetSize of job (KB)
...
006 (52791706.001.000) 2025-04-10 07:09:04 Image size of job updated: 4635
	4635  -  MemoryUsage of job (MB)
	4747052  -  ResidentSetSize of job (KB)
...
006 (52791706.004.000) 2025-04-10 07:10:01 Image size of job updated: 5062
	5062  -  MemoryUsage of job (MB)
	5183896  -  ResidentSetSize of job (KB)
...
006 (52791706.003.000) 2025-04-10 07:10:02 Image size of job updated: 6821
	6821  -  MemoryUsage of job (MB)
	6985528  -  ResidentSetSize of job (KB)
...
006 (52791706.002.000) 2025-04-10 07:10:02 Image size of job updated: 5580
	5580  -  MemoryUsage of job (MB)
	5714684  -  ResidentSetSize of job (KB)
...
006 (52791706.001.000) 2025-04-10 07:10:04 Image size of job updated: 4693
	4693  -  MemoryUsage of job (MB)
	4806536  -  ResidentSetSize of job (KB)
...
006 (52791706.004.000) 2025-04-10 07:11:02 Image size of job updated: 5095
	5095  -  MemoryUsage of job (MB)
	5217848  -  ResidentSetSize of job (KB)
...
006 (52791706.003.000) 2025-04-10 07:11:03 Image size of job updated: 6854
	6854  -  MemoryUsage of job (MB)
	7018512  -  ResidentSetSize of job (KB)
...
006 (52791706.002.000) 2025-04-10 07:11:03 Image size of job updated: 5612
	5612  -  MemoryUsage of job (MB)
	5746900  -  ResidentSetSize of job (KB)
...
006 (52791706.001.000) 2025-04-10 07:11:05 Image size of job updated: 4724
	4724  -  MemoryUsage of job (MB)
	4838168  -  ResidentSetSize of job (KB)
...
006 (52791706.004.000) 2025-04-10 07:12:02 Image size of job updated: 5104
	5104  -  MemoryUsage of job (MB)
	5227148  -  ResidentSetSize of job (KB)
...
006 (52791706.002.000) 2025-04-10 07:12:03 Image size of job updated: 5644
	5644  -  MemoryUsage of job (MB)
	5779640  -  ResidentSetSize of job (KB)
...
006 (52791706.003.000) 2025-04-10 07:12:03 Image size of job updated: 6914
	6914  -  MemoryUsage of job (MB)
	7080568  -  ResidentSetSize of job (KB)
...
006 (52791706.001.000) 2025-04-10 07:12:05 Image size of job updated: 4756
	4756  -  MemoryUsage of job (MB)
	4870812  -  ResidentSetSize of job (KB)
...
006 (52791706.004.000) 2025-04-10 07:13:03 Image size of job updated: 5161
	5161  -  MemoryUsage of job (MB)
	5284916  -  ResidentSetSize of job (KB)
...
006 (52791706.002.000) 2025-04-10 07:13:03 Image size of job updated: 5675
	5675  -  MemoryUsage of job (MB)
	5811516  -  ResidentSetSize of job (KB)
...
006 (52791706.003.000) 2025-04-10 07:13:04 Image size of job updated: 6971
	6971  -  MemoryUsage of job (MB)
	7139104  -  ResidentSetSize of job (KB)
...
006 (52791706.001.000) 2025-04-10 07:13:06 Image size of job updated: 4789
	4789  -  MemoryUsage of job (MB)
	4904704  -  ResidentSetSize of job (KB)
...
006 (52791706.004.000) 2025-04-10 07:14:04 Image size of job updated: 5191
	5191  -  MemoryUsage of job (MB)
	5315624  -  ResidentSetSize of job (KB)
...
006 (52791706.002.000) 2025-04-10 07:14:04 Image size of job updated: 5736
	5736  -  MemoryUsage of job (MB)
	5873804  -  ResidentSetSize of job (KB)
...
006 (52791706.003.000) 2025-04-10 07:14:05 Image size of job updated: 7002
	7002  -  MemoryUsage of job (MB)
	7170148  -  ResidentSetSize of job (KB)
...
006 (52791706.001.000) 2025-04-10 07:14:07 Image size of job updated: 4850
	4850  -  MemoryUsage of job (MB)
	4967416  -  ResidentSetSize of job (KB)
...
006 (52791706.002.000) 2025-04-10 07:15:05 Image size of job updated: 5767
	5767  -  MemoryUsage of job (MB)
	5905648  -  ResidentSetSize of job (KB)
...
006 (52791706.003.000) 2025-04-10 07:15:05 Image size of job updated: 7061
	7061  -  MemoryUsage of job (MB)
	7231096  -  ResidentSetSize of job (KB)
...
006 (52791706.000.000) 2025-04-10 07:15:07 Image size of job updated: 5375
	5375  -  MemoryUsage of job (MB)
	5504620  -  ResidentSetSize of job (KB)
...
006 (52791706.001.000) 2025-04-10 07:15:08 Image size of job updated: 4881
	4881  -  MemoryUsage of job (MB)
	4999064  -  ResidentSetSize of job (KB)
...
006 (52791706.002.000) 2025-04-10 07:16:06 Image size of job updated: 5798
	5798  -  MemoryUsage of job (MB)
	5937844  -  ResidentSetSize of job (KB)
...
006 (52791706.003.000) 2025-04-10 07:16:06 Image size of job updated: 7092
	7092  -  MemoryUsage of job (MB)
	7262220  -  ResidentSetSize of job (KB)
...
006 (52791706.000.000) 2025-04-10 07:16:07 Image size of job updated: 5405
	5405  -  MemoryUsage of job (MB)
	5535352  -  ResidentSetSize of job (KB)
...
006 (52791706.001.000) 2025-04-10 07:16:08 Image size of job updated: 4915
	4915  -  MemoryUsage of job (MB)
	5033264  -  ResidentSetSize of job (KB)
...
006 (52791706.004.000) 2025-04-10 07:17:06 Image size of job updated: 5233
	5233  -  MemoryUsage of job (MB)
	5359608  -  ResidentSetSize of job (KB)
...
006 (52791706.002.000) 2025-04-10 07:17:06 Image size of job updated: 5829
	5829  -  MemoryUsage of job (MB)
	5969688  -  ResidentSetSize of job (KB)
...
006 (52791706.003.000) 2025-04-10 07:17:07 Image size of job updated: 7150
	7150  -  MemoryUsage of job (MB)
	7322552  -  ResidentSetSize of job (KB)
...
006 (52791706.000.000) 2025-04-10 07:17:08 Image size of job updated: 5435
	5435  -  MemoryUsage of job (MB)
	5566160  -  ResidentSetSize of job (KB)
...
006 (52791706.001.000) 2025-04-10 07:17:08 Image size of job updated: 4948
	4948  -  MemoryUsage of job (MB)
	5066988  -  ResidentSetSize of job (KB)
...
006 (52791706.004.000) 2025-04-10 07:18:06 Image size of job updated: 5261
	5261  -  MemoryUsage of job (MB)
	5387860  -  ResidentSetSize of job (KB)
...
006 (52791706.002.000) 2025-04-10 07:18:07 Image size of job updated: 5860
	5860  -  MemoryUsage of job (MB)
	6001580  -  ResidentSetSize of job (KB)
...
006 (52791706.003.000) 2025-04-10 07:18:08 Image size of job updated: 7179
	7179  -  MemoryUsage of job (MB)
	7351432  -  ResidentSetSize of job (KB)
...
006 (52791706.000.000) 2025-04-10 07:18:08 Image size of job updated: 5438
	5438  -  MemoryUsage of job (MB)
	5569256  -  ResidentSetSize of job (KB)
...
006 (52791706.001.000) 2025-04-10 07:18:09 Image size of job updated: 5008
	5008  -  MemoryUsage of job (MB)
	5128948  -  ResidentSetSize of job (KB)
...
006 (52791706.004.000) 2025-04-10 07:19:06 Image size of job updated: 5296
	5296  -  MemoryUsage of job (MB)
	5423660  -  ResidentSetSize of job (KB)
...
006 (52791706.002.000) 2025-04-10 07:19:07 Image size of job updated: 5892
	5892  -  MemoryUsage of job (MB)
	6033748  -  ResidentSetSize of job (KB)
...
006 (52791706.000.000) 2025-04-10 07:19:09 Image size of job updated: 5470
	5470  -  MemoryUsage of job (MB)
	5601796  -  ResidentSetSize of job (KB)
...
006 (52791706.001.000) 2025-04-10 07:19:10 Image size of job updated: 5040
	5040  -  MemoryUsage of job (MB)
	5160980  -  ResidentSetSize of job (KB)
...
006 (52791706.004.000) 2025-04-10 07:20:07 Image size of job updated: 5323
	5323  -  MemoryUsage of job (MB)
	5451708  -  ResidentSetSize of job (KB)
...
006 (52791706.002.000) 2025-04-10 07:20:07 Image size of job updated: 5923
	5923  -  MemoryUsage of job (MB)
	6065400  -  ResidentSetSize of job (KB)
...
006 (52791706.003.000) 2025-04-10 07:20:09 Image size of job updated: 7205
	7205  -  MemoryUsage of job (MB)
	7378032  -  ResidentSetSize of job (KB)
...
006 (52791706.000.000) 2025-04-10 07:20:10 Image size of job updated: 5502
	5502  -  MemoryUsage of job (MB)
	5635048  -  ResidentSetSize of job (KB)
...
006 (52791706.001.000) 2025-04-10 07:20:11 Image size of job updated: 5073
	5073  -  MemoryUsage of job (MB)
	5194972  -  ResidentSetSize of job (KB)
...
006 (52791706.004.000) 2025-04-10 07:21:08 Image size of job updated: 5378
	5378  -  MemoryUsage of job (MB)
	5507736  -  ResidentSetSize of job (KB)
...
006 (52791706.002.000) 2025-04-10 07:21:08 Image size of job updated: 5954
	5954  -  MemoryUsage of job (MB)
	6097248  -  ResidentSetSize of job (KB)
...
006 (52791706.003.000) 2025-04-10 07:21:10 Image size of job updated: 7264
	7264  -  MemoryUsage of job (MB)
	7438440  -  ResidentSetSize of job (KB)
...
006 (52791706.000.000) 2025-04-10 07:21:10 Image size of job updated: 5535
	5535  -  MemoryUsage of job (MB)
	5668040  -  ResidentSetSize of job (KB)
...
006 (52791706.001.000) 2025-04-10 07:21:11 Image size of job updated: 5135
	5135  -  MemoryUsage of job (MB)
	5258264  -  ResidentSetSize of job (KB)
...
006 (52791706.004.000) 2025-04-10 07:22:08 Image size of job updated: 5406
	5406  -  MemoryUsage of job (MB)
	5535952  -  ResidentSetSize of job (KB)
...
006 (52791706.002.000) 2025-04-10 07:22:09 Image size of job updated: 5986
	5986  -  MemoryUsage of job (MB)
	6130432  -  ResidentSetSize of job (KB)
...
006 (52791706.003.000) 2025-04-10 07:22:10 Image size of job updated: 7294
	7294  -  MemoryUsage of job (MB)
	7469424  -  ResidentSetSize of job (KB)
...
006 (52791706.000.000) 2025-04-10 07:22:11 Image size of job updated: 5566
	5566  -  MemoryUsage of job (MB)
	5700228  -  ResidentSetSize of job (KB)
...
006 (52791706.001.000) 2025-04-10 07:22:12 Image size of job updated: 5166
	5166  -  MemoryUsage of job (MB)
	5290124  -  ResidentSetSize of job (KB)
...
006 (52791706.002.000) 2025-04-10 07:23:09 Image size of job updated: 6017
	6017  -  MemoryUsage of job (MB)
	6162328  -  ResidentSetSize of job (KB)
...
006 (52791706.004.000) 2025-04-10 07:23:09 Image size of job updated: 5434
	5434  -  MemoryUsage of job (MB)
	5564508  -  ResidentSetSize of job (KB)
...
006 (52791706.003.000) 2025-04-10 07:23:11 Image size of job updated: 7326
	7326  -  MemoryUsage of job (MB)
	7501956  -  ResidentSetSize of job (KB)
...
006 (52791706.000.000) 2025-04-10 07:23:11 Image size of job updated: 5598
	5598  -  MemoryUsage of job (MB)
	5733284  -  ResidentSetSize of job (KB)
...
006 (52791706.001.000) 2025-04-10 07:23:12 Image size of job updated: 5197
	5197  -  MemoryUsage of job (MB)
	5322088  -  ResidentSetSize of job (KB)
...
006 (52791706.002.000) 2025-04-10 07:24:09 Image size of job updated: 6079
	6079  -  MemoryUsage of job (MB)
	6224900  -  ResidentSetSize of job (KB)
...
006 (52791706.004.000) 2025-04-10 07:24:10 Image size of job updated: 5459
	5459  -  MemoryUsage of job (MB)
	5590596  -  ResidentSetSize of job (KB)
...
006 (52791706.003.000) 2025-04-10 07:24:11 Image size of job updated: 7383
	7383  -  MemoryUsage of job (MB)
	7560592  -  ResidentSetSize of job (KB)
...
006 (52791706.000.000) 2025-04-10 07:24:12 Image size of job updated: 5632
	5632  -  MemoryUsage of job (MB)
	5767460  -  ResidentSetSize of job (KB)
...
006 (52791706.001.000) 2025-04-10 07:24:13 Image size of job updated: 5240
	5240  -  MemoryUsage of job (MB)
	5366088  -  ResidentSetSize of job (KB)
...
006 (52791706.002.000) 2025-04-10 07:25:10 Image size of job updated: 6110
	6110  -  MemoryUsage of job (MB)
	6256920  -  ResidentSetSize of job (KB)
...
006 (52791706.004.000) 2025-04-10 07:25:11 Image size of job updated: 5487
	5487  -  MemoryUsage of job (MB)
	5619316  -  ResidentSetSize of job (KB)
...
006 (52791706.003.000) 2025-04-10 07:25:11 Image size of job updated: 7440
	7440  -  MemoryUsage of job (MB)
	7619020  -  ResidentSetSize of job (KB)
...
006 (52791706.000.000) 2025-04-10 07:25:13 Image size of job updated: 5663
	5663  -  MemoryUsage of job (MB)
	5799840  -  ResidentSetSize of job (KB)
...
006 (52791706.001.000) 2025-04-10 07:25:14 Image size of job updated: 5291
	5291  -  MemoryUsage of job (MB)
	5418280  -  ResidentSetSize of job (KB)
...
006 (52791706.002.000) 2025-04-10 07:26:11 Image size of job updated: 6141
	6141  -  MemoryUsage of job (MB)
	6288968  -  ResidentSetSize of job (KB)
...
006 (52791706.004.000) 2025-04-10 07:26:11 Image size of job updated: 5521
	5521  -  MemoryUsage of job (MB)
	5654096  -  ResidentSetSize of job (KB)
...
006 (52791706.003.000) 2025-04-10 07:26:12 Image size of job updated: 7469
	7469  -  MemoryUsage of job (MB)
	7649216  -  ResidentSetSize of job (KB)
...
006 (52791706.000.000) 2025-04-10 07:26:13 Image size of job updated: 5696
	5696  -  MemoryUsage of job (MB)
	5832944  -  ResidentSetSize of job (KB)
...
006 (52791706.001.000) 2025-04-10 07:26:15 Image size of job updated: 5323
	5323  -  MemoryUsage of job (MB)
	5451032  -  ResidentSetSize of job (KB)
...
006 (52791706.002.000) 2025-04-10 07:27:11 Image size of job updated: 6172
	6172  -  MemoryUsage of job (MB)
	6320792  -  ResidentSetSize of job (KB)
...
006 (52791706.003.000) 2025-04-10 07:27:12 Image size of job updated: 7527
	7527  -  MemoryUsage of job (MB)
	7707660  -  ResidentSetSize of job (KB)
...
006 (52791706.004.000) 2025-04-10 07:27:12 Image size of job updated: 5549
	5549  -  MemoryUsage of job (MB)
	5682532  -  ResidentSetSize of job (KB)
...
006 (52791706.000.000) 2025-04-10 07:27:14 Image size of job updated: 5728
	5728  -  MemoryUsage of job (MB)
	5865592  -  ResidentSetSize of job (KB)
...
006 (52791706.001.000) 2025-04-10 07:27:15 Image size of job updated: 5355
	5355  -  MemoryUsage of job (MB)
	5484356  -  ResidentSetSize of job (KB)
...
006 (52791706.002.000) 2025-04-10 07:28:11 Image size of job updated: 6204
	6204  -  MemoryUsage of job (MB)
	6353008  -  ResidentSetSize of job (KB)
...
006 (52791706.004.000) 2025-04-10 07:28:12 Image size of job updated: 5576
	5576  -  MemoryUsage of job (MB)
	5710360  -  ResidentSetSize of job (KB)
...
006 (52791706.003.000) 2025-04-10 07:28:12 Image size of job updated: 7583
	7583  -  MemoryUsage of job (MB)
	7765824  -  ResidentSetSize of job (KB)
...
006 (52791706.000.000) 2025-04-10 07:28:14 Image size of job updated: 5760
	5760  -  MemoryUsage of job (MB)
	5899104  -  ResidentSetSize of job (KB)
...
006 (52791706.001.000) 2025-04-10 07:28:15 Image size of job updated: 5416
	5416  -  MemoryUsage of job (MB)
	5546888  -  ResidentSetSize of job (KB)
...
006 (52791706.004.000) 2025-04-10 07:29:12 Image size of job updated: 5611
	5611  -  MemoryUsage of job (MB)
	5745744  -  ResidentSetSize of job (KB)
...
006 (52791706.002.000) 2025-04-10 07:29:12 Image size of job updated: 6235
	6235  -  MemoryUsage of job (MB)
	6384920  -  ResidentSetSize of job (KB)
...
006 (52791706.003.000) 2025-04-10 07:29:13 Image size of job updated: 7612
	7612  -  MemoryUsage of job (MB)
	7795440  -  ResidentSetSize of job (KB)
...
006 (52791706.001.000) 2025-04-10 07:29:15 Image size of job updated: 5447
	5447  -  MemoryUsage of job (MB)
	5578136  -  ResidentSetSize of job (KB)
...
006 (52791706.000.000) 2025-04-10 07:29:15 Image size of job updated: 5792
	5792  -  MemoryUsage of job (MB)
	5931960  -  ResidentSetSize of job (KB)
...
006 (52791706.004.000) 2025-04-10 07:30:13 Image size of job updated: 5638
	5638  -  MemoryUsage of job (MB)
	5774076  -  ResidentSetSize of job (KB)
...
006 (52791706.002.000) 2025-04-10 07:30:13 Image size of job updated: 6266
	6266  -  MemoryUsage of job (MB)
	6416904  -  ResidentSetSize of job (KB)
...
006 (52791706.003.000) 2025-04-10 07:30:13 Image size of job updated: 7668
	7668  -  MemoryUsage of job (MB)
	7852952  -  ResidentSetSize of job (KB)
...
006 (52791706.001.000) 2025-04-10 07:30:16 Image size of job updated: 5478
	5478  -  MemoryUsage of job (MB)
	5610180  -  ResidentSetSize of job (KB)
...
006 (52791706.000.000) 2025-04-10 07:30:16 Image size of job updated: 5825
	5825  -  MemoryUsage of job (MB)
	5965100  -  ResidentSetSize of job (KB)
...
006 (52791706.004.000) 2025-04-10 07:31:13 Image size of job updated: 5662
	5662  -  MemoryUsage of job (MB)
	5798388  -  ResidentSetSize of job (KB)
...
006 (52791706.002.000) 2025-04-10 07:31:13 Image size of job updated: 6297
	6297  -  MemoryUsage of job (MB)
	6448876  -  ResidentSetSize of job (KB)
...
006 (52791706.003.000) 2025-04-10 07:31:14 Image size of job updated: 7699
	7699  -  MemoryUsage of job (MB)
	7884160  -  ResidentSetSize of job (KB)
...
006 (52791706.000.000) 2025-04-10 07:31:16 Image size of job updated: 5857
	5857  -  MemoryUsage of job (MB)
	5998528  -  ResidentSetSize of job (KB)
...
006 (52791706.001.000) 2025-04-10 07:31:16 Image size of job updated: 5512
	5512  -  MemoryUsage of job (MB)
	5644768  -  ResidentSetSize of job (KB)
...
006 (52791706.004.000) 2025-04-10 07:32:13 Image size of job updated: 5690
	5690  -  MemoryUsage of job (MB)
	5827016  -  ResidentSetSize of job (KB)
...
006 (52791706.002.000) 2025-04-10 07:32:13 Image size of job updated: 6328
	6328  -  MemoryUsage of job (MB)
	6480876  -  ResidentSetSize of job (KB)
...
006 (52791706.003.000) 2025-04-10 07:32:14 Image size of job updated: 7755
	7755  -  MemoryUsage of job (MB)
	7941560  -  ResidentSetSize of job (KB)
...
006 (52791706.000.000) 2025-04-10 07:32:17 Image size of job updated: 5863
	5863  -  MemoryUsage of job (MB)
	6004056  -  ResidentSetSize of job (KB)
...
006 (52791706.001.000) 2025-04-10 07:32:17 Image size of job updated: 5575
	5575  -  MemoryUsage of job (MB)
	5708860  -  ResidentSetSize of job (KB)
...
006 (52791706.002.000) 2025-04-10 07:33:13 Image size of job updated: 6360
	6360  -  MemoryUsage of job (MB)
	6512820  -  ResidentSetSize of job (KB)
...
006 (52791706.004.000) 2025-04-10 07:33:14 Image size of job updated: 5718
	5718  -  MemoryUsage of job (MB)
	5855776  -  ResidentSetSize of job (KB)
...
006 (52791706.003.000) 2025-04-10 07:33:14 Image size of job updated: 7784
	7784  -  MemoryUsage of job (MB)
	7970976  -  ResidentSetSize of job (KB)
...
006 (52791706.000.000) 2025-04-10 07:33:17 Image size of job updated: 5895
	5895  -  MemoryUsage of job (MB)
	6037296  -  ResidentSetSize of job (KB)
...
006 (52791706.001.000) 2025-04-10 07:33:18 Image size of job updated: 5606
	5606  -  MemoryUsage of job (MB)
	5741416  -  ResidentSetSize of job (KB)
...
006 (52791706.004.000) 2025-04-10 07:34:14 Image size of job updated: 5772
	5772  -  MemoryUsage of job (MB)
	5910608  -  ResidentSetSize of job (KB)
...
006 (52791706.002.000) 2025-04-10 07:34:14 Image size of job updated: 6391
	6391  -  MemoryUsage of job (MB)
	6544960  -  ResidentSetSize of job (KB)
...
006 (52791706.003.000) 2025-04-10 07:34:15 Image size of job updated: 7841
	7841  -  MemoryUsage of job (MB)
	8029724  -  ResidentSetSize of job (KB)
...
006 (52791706.000.000) 2025-04-10 07:34:18 Image size of job updated: 5928
	5928  -  MemoryUsage of job (MB)
	6070448  -  ResidentSetSize of job (KB)
...
006 (52791706.001.000) 2025-04-10 07:34:19 Image size of job updated: 5638
	5638  -  MemoryUsage of job (MB)
	5774004  -  ResidentSetSize of job (KB)
...
006 (52791706.002.000) 2025-04-10 07:35:14 Image size of job updated: 6422
	6422  -  MemoryUsage of job (MB)
	6577124  -  ResidentSetSize of job (KB)
...
006 (52791706.004.000) 2025-04-10 07:35:14 Image size of job updated: 5778
	5778  -  MemoryUsage of job (MB)
	5917564  -  ResidentSetSize of job (KB)
...
006 (52791706.003.000) 2025-04-10 07:35:15 Image size of job updated: 7871
	7871  -  MemoryUsage of job (MB)
	8060004  -  ResidentSetSize of job (KB)
...
006 (52791706.000.000) 2025-04-10 07:35:19 Image size of job updated: 5960
	5960  -  MemoryUsage of job (MB)
	6103644  -  ResidentSetSize of job (KB)
...
006 (52791706.001.000) 2025-04-10 07:35:19 Image size of job updated: 5670
	5670  -  MemoryUsage of job (MB)
	5806848  -  ResidentSetSize of job (KB)
...
006 (52791706.002.000) 2025-04-10 07:36:14 Image size of job updated: 6454
	6454  -  MemoryUsage of job (MB)
	6609736  -  ResidentSetSize of job (KB)
...
006 (52791706.004.000) 2025-04-10 07:36:15 Image size of job updated: 5817
	5817  -  MemoryUsage of job (MB)
	5957092  -  ResidentSetSize of job (KB)
...
006 (52791706.003.000) 2025-04-10 07:36:16 Image size of job updated: 7928
	7928  -  MemoryUsage of job (MB)
	8119284  -  ResidentSetSize of job (KB)
...
006 (52791706.000.000) 2025-04-10 07:36:19 Image size of job updated: 5992
	5992  -  MemoryUsage of job (MB)
	6136732  -  ResidentSetSize of job (KB)
...
006 (52791706.001.000) 2025-04-10 07:36:20 Image size of job updated: 5703
	5703  -  MemoryUsage of job (MB)
	5840056  -  ResidentSetSize of job (KB)
...
006 (52791706.004.000) 2025-04-10 07:37:15 Image size of job updated: 5824
	5824  -  MemoryUsage of job (MB)
	5964580  -  ResidentSetSize of job (KB)
...
006 (52791706.002.000) 2025-04-10 07:37:15 Image size of job updated: 6486
	6486  -  MemoryUsage of job (MB)
	6642256  -  ResidentSetSize of job (KB)
...
006 (52791706.003.000) 2025-04-10 07:37:17 Image size of job updated: 7985
	7985  -  MemoryUsage of job (MB)
	8177564  -  ResidentSetSize of job (KB)
...
006 (52791706.000.000) 2025-04-10 07:37:20 Image size of job updated: 6025
	6025  -  MemoryUsage of job (MB)
	6169996  -  ResidentSetSize of job (KB)
...
006 (52791706.001.000) 2025-04-10 07:37:20 Image size of job updated: 5764
	5764  -  MemoryUsage of job (MB)
	5903136  -  ResidentSetSize of job (KB)
...
006 (52791706.004.000) 2025-04-10 07:38:15 Image size of job updated: 5858
	5858  -  MemoryUsage of job (MB)
	5998988  -  ResidentSetSize of job (KB)
...
006 (52791706.002.000) 2025-04-10 07:38:16 Image size of job updated: 6547
	6547  -  MemoryUsage of job (MB)
	6704692  -  ResidentSetSize of job (KB)
...
006 (52791706.003.000) 2025-04-10 07:38:17 Image size of job updated: 8045
	8045  -  MemoryUsage of job (MB)
	8238920  -  ResidentSetSize of job (KB)
...
006 (52791706.000.000) 2025-04-10 07:38:20 Image size of job updated: 6057
	6057  -  MemoryUsage of job (MB)
	6203088  -  ResidentSetSize of job (KB)
...
006 (52791706.001.000) 2025-04-10 07:38:21 Image size of job updated: 5797
	5797  -  MemoryUsage of job (MB)
	5936332  -  ResidentSetSize of job (KB)
...
006 (52791706.002.000) 2025-04-10 07:39:16 Image size of job updated: 6578
	6578  -  MemoryUsage of job (MB)
	6736796  -  ResidentSetSize of job (KB)
...
006 (52791706.003.000) 2025-04-10 07:39:18 Image size of job updated: 8104
	8104  -  MemoryUsage of job (MB)
	8299420  -  ResidentSetSize of job (KB)
...
006 (52791706.001.000) 2025-04-10 07:39:22 Image size of job updated: 5829
	5829  -  MemoryUsage of job (MB)
	5969304  -  ResidentSetSize of job (KB)
...
006 (52791706.002.000) 2025-04-10 07:40:16 Image size of job updated: 6609
	6609  -  MemoryUsage of job (MB)
	6768500  -  ResidentSetSize of job (KB)
...
006 (52791706.004.000) 2025-04-10 07:40:17 Image size of job updated: 5881
	5881  -  MemoryUsage of job (MB)
	6023068  -  ResidentSetSize of job (KB)
...
006 (52791706.003.000) 2025-04-10 07:40:19 Image size of job updated: 8135
	8135  -  MemoryUsage of job (MB)
	8330588  -  ResidentSetSize of job (KB)
...
006 (52791706.001.000) 2025-04-10 07:40:23 Image size of job updated: 5863
	5863  -  MemoryUsage of job (MB)
	6004408  -  ResidentSetSize of job (KB)
...
006 (52791706.002.000) 2025-04-10 07:41:17 Image size of job updated: 6613
	6613  -  MemoryUsage of job (MB)
	6772600  -  ResidentSetSize of job (KB)
...
006 (52791706.003.000) 2025-04-10 07:41:19 Image size of job updated: 8191
	8191  -  MemoryUsage of job (MB)
	8388028  -  ResidentSetSize of job (KB)
...
006 (52791706.001.000) 2025-04-10 07:41:23 Image size of job updated: 5863
	5863  -  MemoryUsage of job (MB)
	6004464  -  ResidentSetSize of job (KB)
...
006 (52791706.002.000) 2025-04-10 07:42:18 Image size of job updated: 6613
	6613  -  MemoryUsage of job (MB)
	6772648  -  ResidentSetSize of job (KB)
...
006 (52791706.003.000) 2025-04-10 07:42:19 Image size of job updated: 8192
	8192  -  MemoryUsage of job (MB)
	8388680  -  ResidentSetSize of job (KB)
...
006 (52791706.001.000) 2025-04-10 07:42:23 Image size of job updated: 5863
	5863  -  MemoryUsage of job (MB)
	6004528  -  ResidentSetSize of job (KB)
...
006 (52791706.002.000) 2025-04-10 07:43:18 Image size of job updated: 6613
	6613  -  MemoryUsage of job (MB)
	6772724  -  ResidentSetSize of job (KB)
...
006 (52791706.003.000) 2025-04-10 07:43:20 Image size of job updated: 8192
	8192  -  MemoryUsage of job (MB)
	8388692  -  ResidentSetSize of job (KB)
...
006 (52791706.001.000) 2025-04-10 07:43:23 Image size of job updated: 5863
	5863  -  MemoryUsage of job (MB)
	6004588  -  ResidentSetSize of job (KB)
...
006 (52791706.001.000) 2025-04-10 07:44:24 Image size of job updated: 5863
	5863  -  MemoryUsage of job (MB)
	6004636  -  ResidentSetSize of job (KB)
...
006 (52791706.002.000) 2025-04-10 07:45:20 Image size of job updated: 6614
	6614  -  MemoryUsage of job (MB)
	6772792  -  ResidentSetSize of job (KB)
...
006 (52791706.003.000) 2025-04-10 07:45:20 Image size of job updated: 8192
	8192  -  MemoryUsage of job (MB)
	8388724  -  ResidentSetSize of job (KB)
...
006 (52791706.001.000) 2025-04-10 07:45:25 Image size of job updated: 5863
	5863  -  MemoryUsage of job (MB)
	6004692  -  ResidentSetSize of job (KB)
...
006 (52791706.001.000) 2025-04-10 07:46:25 Image size of job updated: 5863
	5863  -  MemoryUsage of job (MB)
	6004712  -  ResidentSetSize of job (KB)
...
006 (52791706.002.000) 2025-04-10 08:11:33 Image size of job updated: 6655
	6655  -  MemoryUsage of job (MB)
	6814784  -  ResidentSetSize of job (KB)
...
006 (52791706.002.000) 2025-04-10 08:30:43 Image size of job updated: 6655
	6655  -  MemoryUsage of job (MB)
	6815024  -  ResidentSetSize of job (KB)
...
006 (52791706.002.000) 2025-04-10 08:40:48 Image size of job updated: 6655
	6655  -  MemoryUsage of job (MB)
	6815484  -  ResidentSetSize of job (KB)
...
006 (52791706.002.000) 2025-04-10 08:41:49 Image size of job updated: 6655
	6655  -  MemoryUsage of job (MB)
	6815716  -  ResidentSetSize of job (KB)
...
006 (52791706.001.000) 2025-04-10 09:10:03 Image size of job updated: 5867
	5867  -  MemoryUsage of job (MB)
	6008428  -  ResidentSetSize of job (KB)
...
006 (52791706.001.000) 2025-04-10 09:11:04 Image size of job updated: 5867
	5867  -  MemoryUsage of job (MB)
	6008496  -  ResidentSetSize of job (KB)
...
006 (52791706.001.000) 2025-04-10 09:40:19 Image size of job updated: 5867
	5867  -  MemoryUsage of job (MB)
	6008592  -  ResidentSetSize of job (KB)
...
040 (52791706.002.000) 2025-04-10 11:48:26 Started transferring output files
...
040 (52791706.002.000) 2025-04-10 11:48:26 Finished transferring output files
...
004 (52791706.002.000) 2025-04-10 11:48:26 Job was evicted.
	(0) CPU times
		Usr 0 02:56:01, Sys 0 00:02:15  -  Run Remote Usage
		Usr 0 00:00:00, Sys 0 00:00:00  -  Run Local Usage
	23725  -  Run Bytes Sent By Job
	382961888  -  Run Bytes Received By Job
	Partitionable Resources :      Usage  Request Allocated 
	   Cpus                 :       0.00        1         1 
	   Disk (KB)            : 6090824    52428800  52432112 
	   GPUs                 :                             0 
	   Memory (MB)          :    6655        8192      8192 
	   TimeExecute (s)      :   26639                       
	   TimeSlotBusy (s)     :   26644                       
...
009 (52791706.002.000) 2025-04-10 11:48:26 Job was aborted.
	via condor_rm (by user msahoo)
...
040 (52791706.000.000) 2025-04-10 11:48:28 Started transferring output files
...
040 (52791706.000.000) 2025-04-10 11:48:28 Finished transferring output files
...
040 (52791706.001.000) 2025-04-10 11:48:28 Started transferring output files
...
040 (52791706.001.000) 2025-04-10 11:48:28 Finished transferring output files
...
004 (52791706.000.000) 2025-04-10 11:48:28 Job was evicted.
	(0) CPU times
		Usr 0 02:54:11, Sys 0 00:02:25  -  Run Remote Usage
		Usr 0 00:00:00, Sys 0 00:00:00  -  Run Local Usage
	23403  -  Run Bytes Sent By Job
	382962784  -  Run Bytes Received By Job
	Partitionable Resources :      Usage  Request Allocated 
	   Cpus                 :       0.00        1         1 
	   Disk (KB)            : 6156869    52428800  52430341 
	   GPUs                 :                             0 
	   Memory (MB)          :    6057        8192      8192 
	   TimeExecute (s)      :   26638                       
	   TimeSlotBusy (s)     :   26646                       
...
009 (52791706.000.000) 2025-04-10 11:48:28 Job was aborted.
	via condor_rm (by user msahoo)
...
004 (52791706.001.000) 2025-04-10 11:48:28 Job was evicted.
	(0) CPU times
		Usr 0 03:04:12, Sys 0 00:02:16  -  Run Remote Usage
		Usr 0 00:00:00, Sys 0 00:00:00  -  Run Local Usage
	23562  -  Run Bytes Sent By Job
	382963680  -  Run Bytes Received By Job
	Partitionable Resources :      Usage  Request Allocated 
	   Cpus                 :       0.00        1         1 
	   Disk (KB)            : 5366821    52428800  52430327 
	   GPUs                 :                             0 
	   Memory (MB)          :    5867        8192      8192 
	   TimeExecute (s)      :   26636                       
	   TimeSlotBusy (s)     :   26646                       
...
009 (52791706.001.000) 2025-04-10 11:48:28 Job was aborted.
	via condor_rm (by user msahoo)
...
040 (52791706.003.000) 2025-04-10 11:48:56 Started transferring output files
...
040 (52791706.003.000) 2025-04-10 11:48:56 Finished transferring output files
...
004 (52791706.003.000) 2025-04-10 11:48:59 Job was evicted.
	(0) CPU times
		Usr 0 03:02:28, Sys 0 00:01:47  -  Run Remote Usage
		Usr 0 00:00:00, Sys 0 00:00:00  -  Run Local Usage
	23338  -  Run Bytes Sent By Job
	382961888  -  Run Bytes Received By Job
	Partitionable Resources :      Usage  Request Allocated 
	   Cpus                 :       0.00        1         1 
	   Disk (KB)            : 8113250    52428800  52430337 
	   GPUs                 :                             0 
	   Memory (MB)          :    8192        8192      8192 
	   TimeExecute (s)      :   26668                       
	   TimeSlotBusy (s)     :   26677                       
...
009 (52791706.003.000) 2025-04-10 11:48:59 Job was aborted.
	via condor_rm (by user msahoo)
...
040 (52791706.004.000) 2025-04-10 11:49:12 Started transferring output files
...
040 (52791706.004.000) 2025-04-10 11:49:12 Finished transferring output files
...
004 (52791706.004.000) 2025-04-10 11:49:14 Job was evicted.
	(0) CPU times
		Usr 0 02:55:19, Sys 0 00:01:41  -  Run Remote Usage
		Usr 0 00:00:00, Sys 0 00:00:00  -  Run Local Usage
	23243  -  Run Bytes Sent By Job
	382963232  -  Run Bytes Received By Job
	Partitionable Resources :      Usage  Request Allocated 
	   Cpus                 :       0.00        1         1 
	   Disk (KB)            : 6577326    52428800  52432301 
	   GPUs                 :                             0 
	   Memory (MB)          :    5881        8192      8192 
	   TimeExecute (s)      :   26682                       
	   TimeSlotBusy (s)     :   26691                       
...
009 (52791706.004.000) 2025-04-10 11:49:14 Job was aborted.
	via condor_rm (by user msahoo)
...
