000 (52812229.000.000) 2025-04-13 11:12:25 Job submitted from host: <131.225.204.62:9618?addrs=131.225.204.62-9618+[2620-6a-0-8420-f0-0-204-62]-9618&alias=lpcschedd5.fnal.gov&noUDP&sock=schedd_2241_b7d3>
...
000 (52812229.001.000) 2025-04-13 11:12:25 Job submitted from host: <131.225.204.62:9618?addrs=131.225.204.62-9618+[2620-6a-0-8420-f0-0-204-62]-9618&alias=lpcschedd5.fnal.gov&noUDP&sock=schedd_2241_b7d3>
...
000 (52812229.002.000) 2025-04-13 11:12:25 Job submitted from host: <131.225.204.62:9618?addrs=131.225.204.62-9618+[2620-6a-0-8420-f0-0-204-62]-9618&alias=lpcschedd5.fnal.gov&noUDP&sock=schedd_2241_b7d3>
...
000 (52812229.003.000) 2025-04-13 11:12:25 Job submitted from host: <131.225.204.62:9618?addrs=131.225.204.62-9618+[2620-6a-0-8420-f0-0-204-62]-9618&alias=lpcschedd5.fnal.gov&noUDP&sock=schedd_2241_b7d3>
...
000 (52812229.004.000) 2025-04-13 11:12:25 Job submitted from host: <131.225.204.62:9618?addrs=131.225.204.62-9618+[2620-6a-0-8420-f0-0-204-62]-9618&alias=lpcschedd5.fnal.gov&noUDP&sock=schedd_2241_b7d3>
...
040 (52812229.000.000) 2025-04-13 11:12:27 Started transferring input files
	Transferring to host: <131.225.189.192:9618?addrs=[2620-6a-0-8421-f0-0-189-192]-9618+131.225.189.192-9618&alias=cmswn2136.fnal.gov&noUDP&sock=slot1_9_2700_24e7_19780>
...
040 (52812229.001.000) 2025-04-13 11:12:27 Started transferring input files
	Transferring to host: <131.225.189.219:9618?addrs=[2620-6a-0-8421-f0-0-189-219]-9618+131.225.189.219-9618&alias=cmswn2148.fnal.gov&noUDP&sock=slot1_7_2289_8eb6_21623>
...
040 (52812229.003.000) 2025-04-13 11:12:27 Started transferring input files
	Transferring to host: <131.225.188.17:9618?addrs=[2620-6a-0-8421-f0-0-188-17]-9618+131.225.188.17-9618&alias=cmswn2020.fnal.gov&noUDP&sock=slot1_7_1876735_55b6_1557>
...
040 (52812229.004.000) 2025-04-13 11:12:27 Started transferring input files
	Transferring to host: <131.225.188.25:9618?addrs=[2620-6a-0-8421-f0-0-188-25]-9618+131.225.188.25-9618&alias=cmswn2025.fnal.gov&noUDP&sock=slot1_8_1697680_e3a5_10067>
...
040 (52812229.002.000) 2025-04-13 11:12:27 Started transferring input files
	Transferring to host: <131.225.189.137:9618?addrs=[2620-6a-0-8421-f0-0-189-137]-9618+131.225.189.137-9618&alias=cmswn2106.fnal.gov&noUDP&sock=slot1_6_2387_9b7a_23290>
...
040 (52812229.001.000) 2025-04-13 11:12:35 Finished transferring input files
...
040 (52812229.002.000) 2025-04-13 11:12:36 Finished transferring input files
...
001 (52812229.001.000) 2025-04-13 11:12:36 Job executing on host: <131.225.189.219:9618?addrs=[2620-6a-0-8421-f0-0-189-219]-9618+131.225.189.219-9618&alias=cmswn2148.fnal.gov&noUDP&sock=startd_2239_58a3>
	SlotName: slot1_7@cmswn2148.fnal.gov
	CondorScratchDir = "/storage/local/data1/condor/execute/dir_424528"
	Cpus = 1
	Disk = 52432304
	GPUs = 0
	Memory = 8192
...
040 (52812229.000.000) 2025-04-13 11:12:36 Finished transferring input files
...
001 (52812229.002.000) 2025-04-13 11:12:37 Job executing on host: <131.225.189.137:9618?addrs=[2620-6a-0-8421-f0-0-189-137]-9618+131.225.189.137-9618&alias=cmswn2106.fnal.gov&noUDP&sock=startd_2297_2121>
	SlotName: slot1_6@cmswn2106.fnal.gov
	CondorScratchDir = "/storage/local/data1/condor/execute/dir_1378256"
	Cpus = 1
	Disk = 52432088
	GPUs = 0
	Memory = 8192
...
001 (52812229.000.000) 2025-04-13 11:12:37 Job executing on host: <131.225.189.192:9618?addrs=[2620-6a-0-8421-f0-0-189-192]-9618+131.225.189.192-9618&alias=cmswn2136.fnal.gov&noUDP&sock=startd_2323_f698>
	SlotName: slot1_9@cmswn2136.fnal.gov
	CondorScratchDir = "/storage/local/data1/condor/execute/dir_435004"
	Cpus = 1
	Disk = 52432084
	GPUs = 0
	Memory = 8192
...
040 (52812229.004.000) 2025-04-13 11:12:39 Finished transferring input files
...
001 (52812229.004.000) 2025-04-13 11:12:40 Job executing on host: <131.225.188.25:9618?addrs=[2620-6a-0-8421-f0-0-188-25]-9618+131.225.188.25-9618&alias=cmswn2025.fnal.gov&noUDP&sock=startd_2283_86ce>
	SlotName: slot1_8@cmswn2025.fnal.gov
	CondorScratchDir = "/storage/local/data1/condor/execute/dir_1308554"
	Cpus = 1
	Disk = 52430472
	GPUs = 0
	Memory = 8192
...
040 (52812229.003.000) 2025-04-13 11:12:43 Finished transferring input files
...
001 (52812229.003.000) 2025-04-13 11:12:44 Job executing on host: <131.225.188.17:9618?addrs=[2620-6a-0-8421-f0-0-188-17]-9618+131.225.188.17-9618&alias=cmswn2020.fnal.gov&noUDP&sock=startd_2098_a1c8>
	SlotName: slot1_7@cmswn2020.fnal.gov
	CondorScratchDir = "/storage/local/data1/condor/execute/dir_377965"
	Cpus = 1
	Disk = 52430455
	GPUs = 0
	Memory = 8192
...
006 (52812229.001.000) 2025-04-13 11:12:45 Image size of job updated: 40
	40  -  MemoryUsage of job (MB)
	41980  -  ResidentSetSize of job (KB)
...
006 (52812229.000.000) 2025-04-13 11:12:46 Image size of job updated: 38
	38  -  MemoryUsage of job (MB)
	39632  -  ResidentSetSize of job (KB)
...
006 (52812229.002.000) 2025-04-13 11:12:47 Image size of job updated: 53
	53  -  MemoryUsage of job (MB)
	54320  -  ResidentSetSize of job (KB)
...
006 (52812229.004.000) 2025-04-13 11:12:49 Image size of job updated: 52
	52  -  MemoryUsage of job (MB)
	53784  -  ResidentSetSize of job (KB)
...
006 (52812229.003.000) 2025-04-13 11:12:52 Image size of job updated: 60
	60  -  MemoryUsage of job (MB)
	62268  -  ResidentSetSize of job (KB)
...
006 (52812229.001.000) 2025-04-13 11:13:45 Image size of job updated: 403
	403  -  MemoryUsage of job (MB)
	412828  -  ResidentSetSize of job (KB)
...
006 (52812229.000.000) 2025-04-13 11:13:47 Image size of job updated: 438
	438  -  MemoryUsage of job (MB)
	448688  -  ResidentSetSize of job (KB)
...
006 (52812229.002.000) 2025-04-13 11:13:47 Image size of job updated: 504
	504  -  MemoryUsage of job (MB)
	516872  -  ResidentSetSize of job (KB)
...
006 (52812229.004.000) 2025-04-13 11:13:49 Image size of job updated: 507
	507  -  MemoryUsage of job (MB)
	520064  -  ResidentSetSize of job (KB)
...
006 (52812229.003.000) 2025-04-13 11:13:53 Image size of job updated: 513
	513  -  MemoryUsage of job (MB)
	525644  -  ResidentSetSize of job (KB)
...
006 (52812229.001.000) 2025-04-13 11:14:46 Image size of job updated: 403
	403  -  MemoryUsage of job (MB)
	413612  -  ResidentSetSize of job (KB)
...
006 (52812229.000.000) 2025-04-13 11:14:47 Image size of job updated: 438
	438  -  MemoryUsage of job (MB)
	449120  -  ResidentSetSize of job (KB)
...
006 (52812229.002.000) 2025-04-13 11:14:48 Image size of job updated: 504
	504  -  MemoryUsage of job (MB)
	517068  -  ResidentSetSize of job (KB)
...
006 (52812229.004.000) 2025-04-13 11:14:50 Image size of job updated: 507
	507  -  MemoryUsage of job (MB)
	520100  -  ResidentSetSize of job (KB)
...
006 (52812229.002.000) 2025-04-13 11:15:48 Image size of job updated: 505
	505  -  MemoryUsage of job (MB)
	517436  -  ResidentSetSize of job (KB)
...
006 (52812229.003.000) 2025-04-13 11:15:53 Image size of job updated: 513
	513  -  MemoryUsage of job (MB)
	525884  -  ResidentSetSize of job (KB)
...
006 (52812229.002.000) 2025-04-13 11:16:49 Image size of job updated: 506
	506  -  MemoryUsage of job (MB)
	518672  -  ResidentSetSize of job (KB)
...
006 (52812229.004.000) 2025-04-13 11:16:51 Image size of job updated: 508
	508  -  MemoryUsage of job (MB)
	521112  -  ResidentSetSize of job (KB)
...
006 (52812229.001.000) 2025-04-13 11:17:48 Image size of job updated: 404
	404  -  MemoryUsage of job (MB)
	414224  -  ResidentSetSize of job (KB)
...
006 (52812229.000.000) 2025-04-13 11:17:49 Image size of job updated: 439
	439  -  MemoryUsage of job (MB)
	449864  -  ResidentSetSize of job (KB)
...
006 (52812229.002.000) 2025-04-13 11:17:49 Image size of job updated: 507
	507  -  MemoryUsage of job (MB)
	519268  -  ResidentSetSize of job (KB)
...
006 (52812229.004.000) 2025-04-13 11:17:52 Image size of job updated: 509
	509  -  MemoryUsage of job (MB)
	521820  -  ResidentSetSize of job (KB)
...
006 (52812229.004.000) 2025-04-13 11:18:52 Image size of job updated: 510
	510  -  MemoryUsage of job (MB)
	522856  -  ResidentSetSize of job (KB)
...
006 (52812229.003.000) 2025-04-13 11:18:54 Image size of job updated: 513
	513  -  MemoryUsage of job (MB)
	526204  -  ResidentSetSize of job (KB)
...
006 (52812229.000.000) 2025-04-13 11:19:50 Image size of job updated: 439
	439  -  MemoryUsage of job (MB)
	449988  -  ResidentSetSize of job (KB)
...
006 (52812229.002.000) 2025-04-13 11:19:51 Image size of job updated: 507
	507  -  MemoryUsage of job (MB)
	519584  -  ResidentSetSize of job (KB)
...
006 (52812229.004.000) 2025-04-13 11:19:53 Image size of job updated: 511
	511  -  MemoryUsage of job (MB)
	523724  -  ResidentSetSize of job (KB)
...
006 (52812229.003.000) 2025-04-13 11:19:55 Image size of job updated: 515
	515  -  MemoryUsage of job (MB)
	527884  -  ResidentSetSize of job (KB)
...
006 (52812229.001.000) 2025-04-13 11:20:50 Image size of job updated: 725
	725  -  MemoryUsage of job (MB)
	743088  -  ResidentSetSize of job (KB)
...
006 (52812229.000.000) 2025-04-13 11:20:50 Image size of job updated: 482
	482  -  MemoryUsage of job (MB)
	494344  -  ResidentSetSize of job (KB)
...
006 (52812229.002.000) 2025-04-13 11:20:51 Image size of job updated: 508
	508  -  MemoryUsage of job (MB)
	521180  -  ResidentSetSize of job (KB)
...
006 (52812229.004.000) 2025-04-13 11:20:53 Image size of job updated: 628
	628  -  MemoryUsage of job (MB)
	643980  -  ResidentSetSize of job (KB)
...
006 (52812229.003.000) 2025-04-13 11:20:56 Image size of job updated: 516
	516  -  MemoryUsage of job (MB)
	528396  -  ResidentSetSize of job (KB)
...
006 (52812229.001.000) 2025-04-13 11:21:51 Image size of job updated: 817
	817  -  MemoryUsage of job (MB)
	836804  -  ResidentSetSize of job (KB)
...
006 (52812229.000.000) 2025-04-13 11:21:51 Image size of job updated: 816
	816  -  MemoryUsage of job (MB)
	836420  -  ResidentSetSize of job (KB)
...
006 (52812229.002.000) 2025-04-13 11:21:52 Image size of job updated: 509
	509  -  MemoryUsage of job (MB)
	521260  -  ResidentSetSize of job (KB)
...
006 (52812229.004.000) 2025-04-13 11:21:54 Image size of job updated: 883
	883  -  MemoryUsage of job (MB)
	904640  -  ResidentSetSize of job (KB)
...
006 (52812229.003.000) 2025-04-13 11:21:56 Image size of job updated: 516
	516  -  MemoryUsage of job (MB)
	528708  -  ResidentSetSize of job (KB)
...
006 (52812229.001.000) 2025-04-13 11:22:51 Image size of job updated: 817
	817  -  MemoryUsage of job (MB)
	836868  -  ResidentSetSize of job (KB)
...
006 (52812229.002.000) 2025-04-13 11:22:52 Image size of job updated: 525
	525  -  MemoryUsage of job (MB)
	537912  -  ResidentSetSize of job (KB)
...
006 (52812229.004.000) 2025-04-13 11:22:54 Image size of job updated: 883
	883  -  MemoryUsage of job (MB)
	904788  -  ResidentSetSize of job (KB)
...
006 (52812229.003.000) 2025-04-13 11:22:57 Image size of job updated: 562
	562  -  MemoryUsage of job (MB)
	575988  -  ResidentSetSize of job (KB)
...
006 (52812229.001.000) 2025-04-13 11:23:51 Image size of job updated: 817
	817  -  MemoryUsage of job (MB)
	837084  -  ResidentSetSize of job (KB)
...
006 (52812229.002.000) 2025-04-13 11:23:52 Image size of job updated: 890
	890  -  MemoryUsage of job (MB)
	911692  -  ResidentSetSize of job (KB)
...
006 (52812229.004.000) 2025-04-13 11:23:54 Image size of job updated: 912
	912  -  MemoryUsage of job (MB)
	934236  -  ResidentSetSize of job (KB)
...
006 (52812229.003.000) 2025-04-13 11:23:58 Image size of job updated: 881
	881  -  MemoryUsage of job (MB)
	902904  -  ResidentSetSize of job (KB)
...
006 (52812229.000.000) 2025-04-13 11:24:52 Image size of job updated: 818
	818  -  MemoryUsage of job (MB)
	838408  -  ResidentSetSize of job (KB)
...
006 (52812229.002.000) 2025-04-13 11:24:53 Image size of job updated: 893
	893  -  MemoryUsage of job (MB)
	914508  -  ResidentSetSize of job (KB)
...
006 (52812229.004.000) 2025-04-13 11:24:55 Image size of job updated: 912
	912  -  MemoryUsage of job (MB)
	934636  -  ResidentSetSize of job (KB)
...
006 (52812229.003.000) 2025-04-13 11:24:58 Image size of job updated: 882
	882  -  MemoryUsage of job (MB)
	903324  -  ResidentSetSize of job (KB)
...
006 (52812229.000.000) 2025-04-13 11:25:53 Image size of job updated: 818
	818  -  MemoryUsage of job (MB)
	838480  -  ResidentSetSize of job (KB)
...
006 (52812229.002.000) 2025-04-13 11:25:53 Image size of job updated: 893
	893  -  MemoryUsage of job (MB)
	914996  -  ResidentSetSize of job (KB)
...
006 (52812229.003.000) 2025-04-13 11:25:59 Image size of job updated: 882
	882  -  MemoryUsage of job (MB)
	903360  -  ResidentSetSize of job (KB)
...
006 (52812229.001.000) 2025-04-13 11:26:52 Image size of job updated: 817
	817  -  MemoryUsage of job (MB)
	837200  -  ResidentSetSize of job (KB)
...
006 (52812229.000.000) 2025-04-13 11:26:53 Image size of job updated: 831
	831  -  MemoryUsage of job (MB)
	851068  -  ResidentSetSize of job (KB)
...
006 (52812229.002.000) 2025-04-13 11:26:54 Image size of job updated: 907
	907  -  MemoryUsage of job (MB)
	928768  -  ResidentSetSize of job (KB)
...
006 (52812229.004.000) 2025-04-13 11:26:56 Image size of job updated: 918
	918  -  MemoryUsage of job (MB)
	940304  -  ResidentSetSize of job (KB)
...
006 (52812229.003.000) 2025-04-13 11:26:59 Image size of job updated: 882
	882  -  MemoryUsage of job (MB)
	903860  -  ResidentSetSize of job (KB)
...
006 (52812229.001.000) 2025-04-13 11:27:53 Image size of job updated: 844
	844  -  MemoryUsage of job (MB)
	864488  -  ResidentSetSize of job (KB)
...
006 (52812229.002.000) 2025-04-13 11:28:54 Image size of job updated: 908
	908  -  MemoryUsage of job (MB)
	930444  -  ResidentSetSize of job (KB)
...
006 (52812229.000.000) 2025-04-13 11:28:55 Image size of job updated: 834
	834  -  MemoryUsage of job (MB)
	854140  -  ResidentSetSize of job (KB)
...
006 (52812229.003.000) 2025-04-13 11:29:01 Image size of job updated: 905
	905  -  MemoryUsage of job (MB)
	927496  -  ResidentSetSize of job (KB)
...
006 (52812229.001.000) 2025-04-13 11:29:53 Image size of job updated: 845
	845  -  MemoryUsage of job (MB)
	865328  -  ResidentSetSize of job (KB)
...
006 (52812229.000.000) 2025-04-13 11:29:55 Image size of job updated: 834
	834  -  MemoryUsage of job (MB)
	854268  -  ResidentSetSize of job (KB)
...
006 (52812229.002.000) 2025-04-13 11:29:55 Image size of job updated: 908
	908  -  MemoryUsage of job (MB)
	930676  -  ResidentSetSize of job (KB)
...
006 (52812229.003.000) 2025-04-13 11:30:02 Image size of job updated: 905
	905  -  MemoryUsage of job (MB)
	927668  -  ResidentSetSize of job (KB)
...
006 (52812229.001.000) 2025-04-13 11:30:54 Image size of job updated: 845
	845  -  MemoryUsage of job (MB)
	865496  -  ResidentSetSize of job (KB)
...
006 (52812229.000.000) 2025-04-13 11:30:55 Image size of job updated: 834
	834  -  MemoryUsage of job (MB)
	854360  -  ResidentSetSize of job (KB)
...
006 (52812229.003.000) 2025-04-13 11:31:02 Image size of job updated: 906
	906  -  MemoryUsage of job (MB)
	927888  -  ResidentSetSize of job (KB)
...
006 (52812229.000.000) 2025-04-13 11:32:56 Image size of job updated: 834
	834  -  MemoryUsage of job (MB)
	854532  -  ResidentSetSize of job (KB)
...
006 (52812229.002.000) 2025-04-13 11:32:56 Image size of job updated: 909
	909  -  MemoryUsage of job (MB)
	931004  -  ResidentSetSize of job (KB)
...
006 (52812229.002.000) 2025-04-13 11:33:22 Image size of job updated: 947
	947  -  MemoryUsage of job (MB)
	970676  -  ResidentSetSize of job (KB)
...
040 (52812229.002.000) 2025-04-13 11:33:22 Started transferring output files
...
040 (52812229.002.000) 2025-04-13 11:33:22 Finished transferring output files
...
005 (52812229.002.000) 2025-04-13 11:33:23 Job terminated.
	(1) Normal termination (return value 1)
		Usr 0 00:13:29, Sys 0 00:00:06  -  Run Remote Usage
		Usr 0 00:00:00, Sys 0 00:00:00  -  Run Local Usage
		Usr 0 00:13:29, Sys 0 00:00:06  -  Total Remote Usage
		Usr 0 00:00:00, Sys 0 00:00:00  -  Total Local Usage
	23175  -  Run Bytes Sent By Job
	744466048  -  Run Bytes Received By Job
	23175  -  Total Bytes Sent By Job
	744466048  -  Total Bytes Received By Job
	Partitionable Resources :     Usage  Request Allocated 
	   Cpus                 :      0.00        1         1 
	   Disk (KB)            : 727911    52428800  52432088 
	   GPUs                 :                            0 
	   Memory (MB)          :    947        8192      8192 
	   TimeExecute (s)      :   1245                       
	   TimeSlotBusy (s)     :   1256                       

	Job terminated of its own accord at 2025-04-13T16:33:22Z with exit-code 1.
...
006 (52812229.003.000) 2025-04-13 11:34:04 Image size of job updated: 908
	908  -  MemoryUsage of job (MB)
	930288  -  ResidentSetSize of job (KB)
...
006 (52812229.000.000) 2025-04-13 11:34:57 Image size of job updated: 887
	887  -  MemoryUsage of job (MB)
	909232  -  ResidentSetSize of job (KB)
...
006 (52812229.000.000) 2025-04-13 11:35:58 Image size of job updated: 1016
	1016  -  MemoryUsage of job (MB)
	1040548  -  ResidentSetSize of job (KB)
...
006 (52812229.003.000) 2025-04-13 11:36:05 Image size of job updated: 908
	908  -  MemoryUsage of job (MB)
	930548  -  ResidentSetSize of job (KB)
...
006 (52812229.000.000) 2025-04-13 11:36:58 Image size of job updated: 1185
	1185  -  MemoryUsage of job (MB)
	1214400  -  ResidentSetSize of job (KB)
...
006 (52812229.000.000) 2025-04-13 11:37:59 Image size of job updated: 1215
	1215  -  MemoryUsage of job (MB)
	1244828  -  ResidentSetSize of job (KB)
...
006 (52812229.000.000) 2025-04-13 11:38:59 Image size of job updated: 1219
	1219  -  MemoryUsage of job (MB)
	1248536  -  ResidentSetSize of job (KB)
...
006 (52812229.000.000) 2025-04-13 11:40:00 Image size of job updated: 1249
	1249  -  MemoryUsage of job (MB)
	1279020  -  ResidentSetSize of job (KB)
...
006 (52812229.003.000) 2025-04-13 11:40:08 Image size of job updated: 932
	932  -  MemoryUsage of job (MB)
	955204  -  ResidentSetSize of job (KB)
...
006 (52812229.000.000) 2025-04-13 11:41:00 Image size of job updated: 1278
	1278  -  MemoryUsage of job (MB)
	1309024  -  ResidentSetSize of job (KB)
...
006 (52812229.001.000) 2025-04-13 11:42:00 Image size of job updated: 885
	885  -  MemoryUsage of job (MB)
	906588  -  ResidentSetSize of job (KB)
...
006 (52812229.000.000) 2025-04-13 11:42:00 Image size of job updated: 1308
	1308  -  MemoryUsage of job (MB)
	1339564  -  ResidentSetSize of job (KB)
...
006 (52812229.003.000) 2025-04-13 11:42:09 Image size of job updated: 948
	948  -  MemoryUsage of job (MB)
	971400  -  ResidentSetSize of job (KB)
...
006 (52812229.000.000) 2025-04-13 11:43:01 Image size of job updated: 1338
	1338  -  MemoryUsage of job (MB)
	1370500  -  ResidentSetSize of job (KB)
...
006 (52812229.000.000) 2025-04-13 11:44:01 Image size of job updated: 1367
	1367  -  MemoryUsage of job (MB)
	1400500  -  ResidentSetSize of job (KB)
...
040 (52812229.001.000) 2025-04-13 11:44:25 Started transferring output files
...
040 (52812229.001.000) 2025-04-13 11:44:25 Finished transferring output files
...
005 (52812229.001.000) 2025-04-13 11:44:25 Job terminated.
	(1) Normal termination (return value 1)
		Usr 0 00:25:37, Sys 0 00:00:14  -  Run Remote Usage
		Usr 0 00:00:00, Sys 0 00:00:00  -  Run Local Usage
		Usr 0 00:25:37, Sys 0 00:00:14  -  Total Remote Usage
		Usr 0 00:00:00, Sys 0 00:00:00  -  Total Local Usage
	23010  -  Run Bytes Sent By Job
	744465984  -  Run Bytes Received By Job
	23010  -  Total Bytes Sent By Job
	744465984  -  Total Bytes Received By Job
	Partitionable Resources :     Usage  Request Allocated 
	   Cpus                 :      0.00        1         1 
	   Disk (KB)            : 727911    52428800  52432304 
	   GPUs                 :                            0 
	   Memory (MB)          :    885        8192      8192 
	   TimeExecute (s)      :   1909                       
	   TimeSlotBusy (s)     :   1919                       

	Job terminated of its own accord at 2025-04-13T16:44:25Z with exit-code 1.
...
006 (52812229.000.000) 2025-04-13 11:45:01 Image size of job updated: 1367
	1367  -  MemoryUsage of job (MB)
	1400592  -  ResidentSetSize of job (KB)
...
006 (52812229.003.000) 2025-04-13 11:49:14 Image size of job updated: 976
	976  -  MemoryUsage of job (MB)
	999676  -  ResidentSetSize of job (KB)
...
006 (52812229.004.000) 2025-04-13 11:50:09 Image size of job updated: 1049
	1049  -  MemoryUsage of job (MB)
	1074204  -  ResidentSetSize of job (KB)
...
006 (52812229.003.000) 2025-04-13 11:50:14 Image size of job updated: 976
	976  -  MemoryUsage of job (MB)
	1000424  -  ResidentSetSize of job (KB)
...
006 (52812229.004.000) 2025-04-13 11:51:09 Image size of job updated: 1077
	1077  -  MemoryUsage of job (MB)
	1103580  -  ResidentSetSize of job (KB)
...
006 (52812229.003.000) 2025-04-13 11:51:15 Image size of job updated: 1005
	1005  -  MemoryUsage of job (MB)
	1030004  -  ResidentSetSize of job (KB)
...
006 (52812229.004.000) 2025-04-13 11:52:10 Image size of job updated: 1106
	1106  -  MemoryUsage of job (MB)
	1132688  -  ResidentSetSize of job (KB)
...
006 (52812229.003.000) 2025-04-13 11:52:16 Image size of job updated: 1033
	1033  -  MemoryUsage of job (MB)
	1058724  -  ResidentSetSize of job (KB)
...
006 (52812229.004.000) 2025-04-13 11:53:11 Image size of job updated: 1135
	1135  -  MemoryUsage of job (MB)
	1162648  -  ResidentSetSize of job (KB)
...
006 (52812229.003.000) 2025-04-13 11:53:16 Image size of job updated: 1063
	1063  -  MemoryUsage of job (MB)
	1089308  -  ResidentSetSize of job (KB)
...
006 (52812229.004.000) 2025-04-13 11:54:11 Image size of job updated: 1191
	1191  -  MemoryUsage of job (MB)
	1219632  -  ResidentSetSize of job (KB)
...
006 (52812229.003.000) 2025-04-13 11:54:17 Image size of job updated: 1091
	1091  -  MemoryUsage of job (MB)
	1118040  -  ResidentSetSize of job (KB)
...
006 (52812229.000.000) 2025-04-13 11:55:06 Image size of job updated: 1379
	1379  -  MemoryUsage of job (MB)
	1412792  -  ResidentSetSize of job (KB)
...
006 (52812229.004.000) 2025-04-13 11:55:12 Image size of job updated: 1193
	1193  -  MemoryUsage of job (MB)
	1222292  -  ResidentSetSize of job (KB)
...
006 (52812229.003.000) 2025-04-13 11:55:17 Image size of job updated: 1120
	1120  -  MemoryUsage of job (MB)
	1147612  -  ResidentSetSize of job (KB)
...
006 (52812229.000.000) 2025-04-13 11:56:07 Image size of job updated: 1396
	1396  -  MemoryUsage of job (MB)
	1430436  -  ResidentSetSize of job (KB)
...
006 (52812229.004.000) 2025-04-13 11:56:12 Image size of job updated: 1221
	1221  -  MemoryUsage of job (MB)
	1251184  -  ResidentSetSize of job (KB)
...
006 (52812229.003.000) 2025-04-13 11:56:17 Image size of job updated: 1149
	1149  -  MemoryUsage of job (MB)
	1176660  -  ResidentSetSize of job (KB)
...
006 (52812229.000.000) 2025-04-13 11:57:07 Image size of job updated: 1426
	1426  -  MemoryUsage of job (MB)
	1461232  -  ResidentSetSize of job (KB)
...
006 (52812229.004.000) 2025-04-13 11:57:13 Image size of job updated: 1259
	1259  -  MemoryUsage of job (MB)
	1289992  -  ResidentSetSize of job (KB)
...
006 (52812229.003.000) 2025-04-13 11:57:18 Image size of job updated: 1177
	1177  -  MemoryUsage of job (MB)
	1205340  -  ResidentSetSize of job (KB)
...
006 (52812229.000.000) 2025-04-13 11:58:07 Image size of job updated: 1457
	1457  -  MemoryUsage of job (MB)
	1492196  -  ResidentSetSize of job (KB)
...
006 (52812229.004.000) 2025-04-13 11:58:13 Image size of job updated: 1288
	1288  -  MemoryUsage of job (MB)
	1319640  -  ResidentSetSize of job (KB)
...
006 (52812229.003.000) 2025-04-13 11:58:18 Image size of job updated: 1177
	1177  -  MemoryUsage of job (MB)
	1205484  -  ResidentSetSize of job (KB)
...
006 (52812229.000.000) 2025-04-13 11:59:08 Image size of job updated: 1486
	1486  -  MemoryUsage of job (MB)
	1522484  -  ResidentSetSize of job (KB)
...
006 (52812229.004.000) 2025-04-13 11:59:13 Image size of job updated: 1337
	1337  -  MemoryUsage of job (MB)
	1369892  -  ResidentSetSize of job (KB)
...
006 (52812229.003.000) 2025-04-13 11:59:19 Image size of job updated: 1205
	1205  -  MemoryUsage of job (MB)
	1234244  -  ResidentSetSize of job (KB)
...
006 (52812229.000.000) 2025-04-13 12:00:09 Image size of job updated: 1516
	1516  -  MemoryUsage of job (MB)
	1552528  -  ResidentSetSize of job (KB)
...
006 (52812229.004.000) 2025-04-13 12:00:14 Image size of job updated: 1375
	1375  -  MemoryUsage of job (MB)
	1408440  -  ResidentSetSize of job (KB)
...
006 (52812229.003.000) 2025-04-13 12:00:19 Image size of job updated: 1233
	1233  -  MemoryUsage of job (MB)
	1263432  -  ResidentSetSize of job (KB)
...
006 (52812229.000.000) 2025-04-13 12:01:09 Image size of job updated: 1543
	1543  -  MemoryUsage of job (MB)
	1580408  -  ResidentSetSize of job (KB)
...
006 (52812229.003.000) 2025-04-13 12:01:19 Image size of job updated: 1260
	1260  -  MemoryUsage of job (MB)
	1290740  -  ResidentSetSize of job (KB)
...
006 (52812229.000.000) 2025-04-13 12:02:09 Image size of job updated: 1569
	1569  -  MemoryUsage of job (MB)
	1606668  -  ResidentSetSize of job (KB)
...
006 (52812229.003.000) 2025-04-13 12:02:20 Image size of job updated: 1289
	1289  -  MemoryUsage of job (MB)
	1319940  -  ResidentSetSize of job (KB)
...
006 (52812229.000.000) 2025-04-13 12:03:10 Image size of job updated: 1598
	1598  -  MemoryUsage of job (MB)
	1637068  -  ResidentSetSize of job (KB)
...
006 (52812229.003.000) 2025-04-13 12:03:20 Image size of job updated: 1289
	1289  -  MemoryUsage of job (MB)
	1320112  -  ResidentSetSize of job (KB)
...
006 (52812229.000.000) 2025-04-13 12:04:10 Image size of job updated: 1628
	1628  -  MemoryUsage of job (MB)
	1667656  -  ResidentSetSize of job (KB)
...
006 (52812229.000.000) 2025-04-13 12:05:10 Image size of job updated: 1628
	1628  -  MemoryUsage of job (MB)
	1667696  -  ResidentSetSize of job (KB)
...
006 (52812229.000.000) 2025-04-13 12:06:11 Image size of job updated: 1657
	1657  -  MemoryUsage of job (MB)
	1697548  -  ResidentSetSize of job (KB)
...
006 (52812229.004.000) 2025-04-13 12:06:16 Image size of job updated: 1383
	1383  -  MemoryUsage of job (MB)
	1416856  -  ResidentSetSize of job (KB)
...
006 (52812229.000.000) 2025-04-13 12:07:12 Image size of job updated: 1686
	1686  -  MemoryUsage of job (MB)
	1726720  -  ResidentSetSize of job (KB)
...
006 (52812229.004.000) 2025-04-13 12:07:17 Image size of job updated: 1412
	1412  -  MemoryUsage of job (MB)
	1446584  -  ResidentSetSize of job (KB)
...
006 (52812229.003.000) 2025-04-13 12:07:22 Image size of job updated: 1308
	1308  -  MemoryUsage of job (MB)
	1340052  -  ResidentSetSize of job (KB)
...
006 (52812229.000.000) 2025-04-13 12:08:12 Image size of job updated: 1715
	1715  -  MemoryUsage of job (MB)
	1756976  -  ResidentSetSize of job (KB)
...
006 (52812229.004.000) 2025-04-13 12:08:17 Image size of job updated: 1440
	1440  -  MemoryUsage of job (MB)
	1475256  -  ResidentSetSize of job (KB)
...
006 (52812229.003.000) 2025-04-13 12:08:23 Image size of job updated: 1336
	1336  -  MemoryUsage of job (MB)
	1368848  -  ResidentSetSize of job (KB)
...
006 (52812229.000.000) 2025-04-13 12:09:13 Image size of job updated: 1745
	1745  -  MemoryUsage of job (MB)
	1787404  -  ResidentSetSize of job (KB)
...
006 (52812229.004.000) 2025-04-13 12:09:17 Image size of job updated: 1469
	1469  -  MemoryUsage of job (MB)
	1504396  -  ResidentSetSize of job (KB)
...
006 (52812229.003.000) 2025-04-13 12:09:23 Image size of job updated: 1364
	1364  -  MemoryUsage of job (MB)
	1396992  -  ResidentSetSize of job (KB)
...
006 (52812229.000.000) 2025-04-13 12:10:14 Image size of job updated: 1807
	1807  -  MemoryUsage of job (MB)
	1851196  -  ResidentSetSize of job (KB)
...
006 (52812229.004.000) 2025-04-13 12:10:18 Image size of job updated: 1497
	1497  -  MemoryUsage of job (MB)
	1533220  -  ResidentSetSize of job (KB)
...
006 (52812229.003.000) 2025-04-13 12:10:24 Image size of job updated: 1392
	1392  -  MemoryUsage of job (MB)
	1426192  -  ResidentSetSize of job (KB)
...
006 (52812229.000.000) 2025-04-13 12:11:14 Image size of job updated: 1842
	1842  -  MemoryUsage of job (MB)
	1886692  -  ResidentSetSize of job (KB)
...
006 (52812229.004.000) 2025-04-13 12:11:18 Image size of job updated: 1525
	1525  -  MemoryUsage of job (MB)
	1562220  -  ResidentSetSize of job (KB)
...
006 (52812229.003.000) 2025-04-13 12:11:24 Image size of job updated: 1421
	1421  -  MemoryUsage of job (MB)
	1455500  -  ResidentSetSize of job (KB)
...
006 (52812229.000.000) 2025-04-13 12:12:15 Image size of job updated: 1875
	1875  -  MemoryUsage of job (MB)
	1920312  -  ResidentSetSize of job (KB)
...
006 (52812229.004.000) 2025-04-13 12:12:19 Image size of job updated: 1554
	1554  -  MemoryUsage of job (MB)
	1591904  -  ResidentSetSize of job (KB)
...
006 (52812229.003.000) 2025-04-13 12:12:25 Image size of job updated: 1421
	1421  -  MemoryUsage of job (MB)
	1455680  -  ResidentSetSize of job (KB)
...
006 (52812229.000.000) 2025-04-13 12:13:16 Image size of job updated: 1907
	1907  -  MemoryUsage of job (MB)
	1953252  -  ResidentSetSize of job (KB)
...
006 (52812229.004.000) 2025-04-13 12:13:20 Image size of job updated: 1583
	1583  -  MemoryUsage of job (MB)
	1621084  -  ResidentSetSize of job (KB)
...
006 (52812229.003.000) 2025-04-13 12:13:25 Image size of job updated: 1479
	1479  -  MemoryUsage of job (MB)
	1514792  -  ResidentSetSize of job (KB)
...
006 (52812229.000.000) 2025-04-13 12:14:16 Image size of job updated: 1940
	1940  -  MemoryUsage of job (MB)
	1987308  -  ResidentSetSize of job (KB)
...
006 (52812229.004.000) 2025-04-13 12:14:20 Image size of job updated: 1612
	1612  -  MemoryUsage of job (MB)
	1650760  -  ResidentSetSize of job (KB)
...
006 (52812229.003.000) 2025-04-13 12:14:26 Image size of job updated: 1496
	1496  -  MemoryUsage of job (MB)
	1532168  -  ResidentSetSize of job (KB)
...
006 (52812229.000.000) 2025-04-13 12:15:16 Image size of job updated: 1988
	1988  -  MemoryUsage of job (MB)
	2036348  -  ResidentSetSize of job (KB)
...
006 (52812229.004.000) 2025-04-13 12:15:21 Image size of job updated: 1641
	1641  -  MemoryUsage of job (MB)
	1680536  -  ResidentSetSize of job (KB)
...
006 (52812229.003.000) 2025-04-13 12:15:27 Image size of job updated: 1508
	1508  -  MemoryUsage of job (MB)
	1545004  -  ResidentSetSize of job (KB)
...
006 (52812229.000.000) 2025-04-13 12:16:17 Image size of job updated: 2038
	2038  -  MemoryUsage of job (MB)
	2087064  -  ResidentSetSize of job (KB)
...
006 (52812229.004.000) 2025-04-13 12:16:21 Image size of job updated: 1668
	1668  -  MemoryUsage of job (MB)
	1708248  -  ResidentSetSize of job (KB)
...
006 (52812229.003.000) 2025-04-13 12:16:27 Image size of job updated: 1536
	1536  -  MemoryUsage of job (MB)
	1573788  -  ResidentSetSize of job (KB)
...
006 (52812229.000.000) 2025-04-13 12:17:17 Image size of job updated: 2070
	2070  -  MemoryUsage of job (MB)
	2120528  -  ResidentSetSize of job (KB)
...
006 (52812229.004.000) 2025-04-13 12:17:22 Image size of job updated: 1696
	1696  -  MemoryUsage of job (MB)
	1737096  -  ResidentSetSize of job (KB)
...
006 (52812229.003.000) 2025-04-13 12:17:28 Image size of job updated: 1565
	1565  -  MemoryUsage of job (MB)
	1603448  -  ResidentSetSize of job (KB)
...
006 (52812229.000.000) 2025-04-13 12:18:17 Image size of job updated: 2104
	2104  -  MemoryUsage of job (MB)
	2154788  -  ResidentSetSize of job (KB)
...
006 (52812229.004.000) 2025-04-13 12:18:22 Image size of job updated: 1725
	1725  -  MemoryUsage of job (MB)
	1766808  -  ResidentSetSize of job (KB)
...
006 (52812229.003.000) 2025-04-13 12:18:28 Image size of job updated: 1594
	1594  -  MemoryUsage of job (MB)
	1632760  -  ResidentSetSize of job (KB)
...
006 (52812229.000.000) 2025-04-13 12:19:18 Image size of job updated: 2137
	2137  -  MemoryUsage of job (MB)
	2188568  -  ResidentSetSize of job (KB)
...
006 (52812229.004.000) 2025-04-13 12:19:22 Image size of job updated: 1753
	1753  -  MemoryUsage of job (MB)
	1796088  -  ResidentSetSize of job (KB)
...
006 (52812229.003.000) 2025-04-13 12:19:29 Image size of job updated: 1623
	1623  -  MemoryUsage of job (MB)
	1662168  -  ResidentSetSize of job (KB)
...
006 (52812229.000.000) 2025-04-13 12:20:19 Image size of job updated: 2171
	2171  -  MemoryUsage of job (MB)
	2224028  -  ResidentSetSize of job (KB)
...
006 (52812229.004.000) 2025-04-13 12:20:23 Image size of job updated: 1783
	1783  -  MemoryUsage of job (MB)
	1826088  -  ResidentSetSize of job (KB)
...
006 (52812229.003.000) 2025-04-13 12:20:29 Image size of job updated: 1651
	1651  -  MemoryUsage of job (MB)
	1691004  -  ResidentSetSize of job (KB)
...
006 (52812229.000.000) 2025-04-13 12:21:19 Image size of job updated: 2204
	2204  -  MemoryUsage of job (MB)
	2257648  -  ResidentSetSize of job (KB)
...
006 (52812229.004.000) 2025-04-13 12:21:23 Image size of job updated: 1812
	1812  -  MemoryUsage of job (MB)
	1856348  -  ResidentSetSize of job (KB)
...
006 (52812229.003.000) 2025-04-13 12:21:30 Image size of job updated: 1651
	1651  -  MemoryUsage of job (MB)
	1691256  -  ResidentSetSize of job (KB)
...
006 (52812229.000.000) 2025-04-13 12:22:20 Image size of job updated: 2268
	2268  -  MemoryUsage of job (MB)
	2323316  -  ResidentSetSize of job (KB)
...
006 (52812229.004.000) 2025-04-13 12:22:24 Image size of job updated: 1869
	1869  -  MemoryUsage of job (MB)
	1914228  -  ResidentSetSize of job (KB)
...
006 (52812229.003.000) 2025-04-13 12:22:31 Image size of job updated: 1679
	1679  -  MemoryUsage of job (MB)
	1719656  -  ResidentSetSize of job (KB)
...
006 (52812229.000.000) 2025-04-13 12:23:21 Image size of job updated: 2301
	2301  -  MemoryUsage of job (MB)
	2356560  -  ResidentSetSize of job (KB)
...
006 (52812229.004.000) 2025-04-13 12:23:25 Image size of job updated: 1898
	1898  -  MemoryUsage of job (MB)
	1943600  -  ResidentSetSize of job (KB)
...
006 (52812229.003.000) 2025-04-13 12:23:31 Image size of job updated: 1707
	1707  -  MemoryUsage of job (MB)
	1748728  -  ResidentSetSize of job (KB)
...
006 (52812229.000.000) 2025-04-13 12:24:21 Image size of job updated: 2334
	2334  -  MemoryUsage of job (MB)
	2390480  -  ResidentSetSize of job (KB)
...
006 (52812229.004.000) 2025-04-13 12:24:25 Image size of job updated: 1926
	1926  -  MemoryUsage of job (MB)
	1972984  -  ResidentSetSize of job (KB)
...
006 (52812229.003.000) 2025-04-13 12:24:32 Image size of job updated: 1736
	1736  -  MemoryUsage of job (MB)
	1778228  -  ResidentSetSize of job (KB)
...
006 (52812229.000.000) 2025-04-13 12:25:21 Image size of job updated: 2368
	2368  -  MemoryUsage of job (MB)
	2425388  -  ResidentSetSize of job (KB)
...
006 (52812229.004.000) 2025-04-13 12:25:26 Image size of job updated: 1955
	1955  -  MemoryUsage of job (MB)
	2002612  -  ResidentSetSize of job (KB)
...
006 (52812229.003.000) 2025-04-13 12:25:32 Image size of job updated: 1765
	1765  -  MemoryUsage of job (MB)
	1807756  -  ResidentSetSize of job (KB)
...
006 (52812229.000.000) 2025-04-13 12:26:22 Image size of job updated: 2424
	2424  -  MemoryUsage of job (MB)
	2482968  -  ResidentSetSize of job (KB)
...
006 (52812229.004.000) 2025-04-13 12:26:26 Image size of job updated: 1984
	1984  -  MemoryUsage of job (MB)
	2031976  -  ResidentSetSize of job (KB)
...
006 (52812229.003.000) 2025-04-13 12:26:33 Image size of job updated: 1793
	1793  -  MemoryUsage of job (MB)
	1836904  -  ResidentSetSize of job (KB)
...
006 (52812229.000.000) 2025-04-13 12:27:22 Image size of job updated: 2465
	2465  -  MemoryUsage of job (MB)
	2524252  -  ResidentSetSize of job (KB)
...
006 (52812229.004.000) 2025-04-13 12:27:27 Image size of job updated: 2012
	2012  -  MemoryUsage of job (MB)
	2061212  -  ResidentSetSize of job (KB)
...
006 (52812229.003.000) 2025-04-13 12:27:33 Image size of job updated: 1822
	1822  -  MemoryUsage of job (MB)
	1866560  -  ResidentSetSize of job (KB)
...
006 (52812229.000.000) 2025-04-13 12:28:22 Image size of job updated: 2497
	2497  -  MemoryUsage of job (MB)
	2557800  -  ResidentSetSize of job (KB)
...
006 (52812229.004.000) 2025-04-13 12:28:28 Image size of job updated: 2041
	2041  -  MemoryUsage of job (MB)
	2090252  -  ResidentSetSize of job (KB)
...
006 (52812229.003.000) 2025-04-13 12:28:34 Image size of job updated: 1852
	1852  -  MemoryUsage of job (MB)
	1896584  -  ResidentSetSize of job (KB)
...
006 (52812229.000.000) 2025-04-13 12:29:23 Image size of job updated: 2530
	2530  -  MemoryUsage of job (MB)
	2591632  -  ResidentSetSize of job (KB)
...
006 (52812229.004.000) 2025-04-13 12:29:28 Image size of job updated: 2070
	2070  -  MemoryUsage of job (MB)
	2119728  -  ResidentSetSize of job (KB)
...
006 (52812229.003.000) 2025-04-13 12:29:34 Image size of job updated: 1882
	1882  -  MemoryUsage of job (MB)
	1927276  -  ResidentSetSize of job (KB)
...
006 (52812229.000.000) 2025-04-13 12:30:23 Image size of job updated: 2565
	2565  -  MemoryUsage of job (MB)
	2626780  -  ResidentSetSize of job (KB)
...
006 (52812229.004.000) 2025-04-13 12:30:29 Image size of job updated: 2098
	2098  -  MemoryUsage of job (MB)
	2149368  -  ResidentSetSize of job (KB)
...
006 (52812229.003.000) 2025-04-13 12:30:35 Image size of job updated: 1930
	1930  -  MemoryUsage of job (MB)
	1977204  -  ResidentSetSize of job (KB)
...
006 (52812229.000.000) 2025-04-13 12:31:23 Image size of job updated: 2599
	2599  -  MemoryUsage of job (MB)
	2661636  -  ResidentSetSize of job (KB)
...
006 (52812229.004.000) 2025-04-13 12:31:29 Image size of job updated: 2127
	2127  -  MemoryUsage of job (MB)
	2178436  -  ResidentSetSize of job (KB)
...
006 (52812229.003.000) 2025-04-13 12:31:36 Image size of job updated: 1966
	1966  -  MemoryUsage of job (MB)
	2013704  -  ResidentSetSize of job (KB)
...
006 (52812229.000.000) 2025-04-13 12:32:24 Image size of job updated: 2661
	2661  -  MemoryUsage of job (MB)
	2725116  -  ResidentSetSize of job (KB)
...
006 (52812229.004.000) 2025-04-13 12:32:30 Image size of job updated: 2156
	2156  -  MemoryUsage of job (MB)
	2208232  -  ResidentSetSize of job (KB)
...
006 (52812229.003.000) 2025-04-13 12:32:36 Image size of job updated: 1995
	1995  -  MemoryUsage of job (MB)
	2043240  -  ResidentSetSize of job (KB)
...
006 (52812229.000.000) 2025-04-13 12:33:25 Image size of job updated: 2694
	2694  -  MemoryUsage of job (MB)
	2759264  -  ResidentSetSize of job (KB)
...
006 (52812229.004.000) 2025-04-13 12:33:30 Image size of job updated: 2185
	2185  -  MemoryUsage of job (MB)
	2237560  -  ResidentSetSize of job (KB)
...
006 (52812229.003.000) 2025-04-13 12:33:37 Image size of job updated: 2023
	2023  -  MemoryUsage of job (MB)
	2072316  -  ResidentSetSize of job (KB)
...
006 (52812229.000.000) 2025-04-13 12:34:25 Image size of job updated: 2727
	2727  -  MemoryUsage of job (MB)
	2792784  -  ResidentSetSize of job (KB)
...
006 (52812229.004.000) 2025-04-13 12:34:30 Image size of job updated: 2214
	2214  -  MemoryUsage of job (MB)
	2267316  -  ResidentSetSize of job (KB)
...
006 (52812229.003.000) 2025-04-13 12:34:37 Image size of job updated: 2053
	2053  -  MemoryUsage of job (MB)
	2102796  -  ResidentSetSize of job (KB)
...
006 (52812229.000.000) 2025-04-13 12:35:25 Image size of job updated: 2760
	2760  -  MemoryUsage of job (MB)
	2826412  -  ResidentSetSize of job (KB)
...
006 (52812229.004.000) 2025-04-13 12:35:31 Image size of job updated: 2242
	2242  -  MemoryUsage of job (MB)
	2296632  -  ResidentSetSize of job (KB)
...
006 (52812229.003.000) 2025-04-13 12:35:37 Image size of job updated: 2082
	2082  -  MemoryUsage of job (MB)
	2132976  -  ResidentSetSize of job (KB)
...
006 (52812229.000.000) 2025-04-13 12:36:26 Image size of job updated: 2793
	2793  -  MemoryUsage of job (MB)
	2860240  -  ResidentSetSize of job (KB)
...
006 (52812229.004.000) 2025-04-13 12:36:31 Image size of job updated: 2301
	2301  -  MemoryUsage of job (MB)
	2356572  -  ResidentSetSize of job (KB)
...
006 (52812229.003.000) 2025-04-13 12:36:38 Image size of job updated: 2113
	2113  -  MemoryUsage of job (MB)
	2164348  -  ResidentSetSize of job (KB)
...
006 (52812229.000.000) 2025-04-13 12:37:26 Image size of job updated: 2828
	2828  -  MemoryUsage of job (MB)
	2895940  -  ResidentSetSize of job (KB)
...
006 (52812229.004.000) 2025-04-13 12:37:32 Image size of job updated: 2331
	2331  -  MemoryUsage of job (MB)
	2387860  -  ResidentSetSize of job (KB)
...
006 (52812229.003.000) 2025-04-13 12:37:39 Image size of job updated: 2170
	2170  -  MemoryUsage of job (MB)
	2222424  -  ResidentSetSize of job (KB)
...
006 (52812229.000.000) 2025-04-13 12:38:26 Image size of job updated: 2891
	2891  -  MemoryUsage of job (MB)
	2960656  -  ResidentSetSize of job (KB)
...
006 (52812229.004.000) 2025-04-13 12:38:33 Image size of job updated: 2362
	2362  -  MemoryUsage of job (MB)
	2419636  -  ResidentSetSize of job (KB)
...
006 (52812229.003.000) 2025-04-13 12:38:39 Image size of job updated: 2200
	2200  -  MemoryUsage of job (MB)
	2253128  -  ResidentSetSize of job (KB)
...
006 (52812229.000.000) 2025-04-13 12:39:27 Image size of job updated: 2924
	2924  -  MemoryUsage of job (MB)
	2994288  -  ResidentSetSize of job (KB)
...
006 (52812229.004.000) 2025-04-13 12:39:33 Image size of job updated: 2420
	2420  -  MemoryUsage of job (MB)
	2478256  -  ResidentSetSize of job (KB)
...
006 (52812229.003.000) 2025-04-13 12:39:40 Image size of job updated: 2230
	2230  -  MemoryUsage of job (MB)
	2283776  -  ResidentSetSize of job (KB)
...
006 (52812229.000.000) 2025-04-13 12:40:28 Image size of job updated: 2956
	2956  -  MemoryUsage of job (MB)
	3027536  -  ResidentSetSize of job (KB)
...
006 (52812229.004.000) 2025-04-13 12:40:34 Image size of job updated: 2450
	2450  -  MemoryUsage of job (MB)
	2508984  -  ResidentSetSize of job (KB)
...
006 (52812229.003.000) 2025-04-13 12:40:40 Image size of job updated: 2260
	2260  -  MemoryUsage of job (MB)
	2314288  -  ResidentSetSize of job (KB)
...
006 (52812229.000.000) 2025-04-13 12:41:29 Image size of job updated: 2991
	2991  -  MemoryUsage of job (MB)
	3063008  -  ResidentSetSize of job (KB)
...
006 (52812229.004.000) 2025-04-13 12:41:35 Image size of job updated: 2509
	2509  -  MemoryUsage of job (MB)
	2569684  -  ResidentSetSize of job (KB)
...
006 (52812229.003.000) 2025-04-13 12:41:41 Image size of job updated: 2289
	2289  -  MemoryUsage of job (MB)
	2344744  -  ResidentSetSize of job (KB)
...
006 (52812229.000.000) 2025-04-13 12:42:29 Image size of job updated: 3053
	3053  -  MemoryUsage of job (MB)
	3127120  -  ResidentSetSize of job (KB)
...
006 (52812229.004.000) 2025-04-13 12:42:35 Image size of job updated: 2540
	2540  -  MemoryUsage of job (MB)
	2601132  -  ResidentSetSize of job (KB)
...
006 (52812229.003.000) 2025-04-13 12:42:42 Image size of job updated: 2318
	2318  -  MemoryUsage of job (MB)
	2374404  -  ResidentSetSize of job (KB)
...
006 (52812229.000.000) 2025-04-13 12:43:30 Image size of job updated: 3086
	3086  -  MemoryUsage of job (MB)
	3160564  -  ResidentSetSize of job (KB)
...
006 (52812229.004.000) 2025-04-13 12:43:36 Image size of job updated: 2569
	2569  -  MemoryUsage of job (MB)
	2631236  -  ResidentSetSize of job (KB)
...
006 (52812229.003.000) 2025-04-13 12:43:42 Image size of job updated: 2347
	2347  -  MemoryUsage of job (MB)
	2404192  -  ResidentSetSize of job (KB)
...
006 (52812229.000.000) 2025-04-13 12:44:30 Image size of job updated: 3119
	3119  -  MemoryUsage of job (MB)
	3193996  -  ResidentSetSize of job (KB)
...
006 (52812229.004.000) 2025-04-13 12:44:36 Image size of job updated: 2628
	2628  -  MemoryUsage of job (MB)
	2691664  -  ResidentSetSize of job (KB)
...
006 (52812229.003.000) 2025-04-13 12:44:43 Image size of job updated: 2384
	2384  -  MemoryUsage of job (MB)
	2441364  -  ResidentSetSize of job (KB)
...
006 (52812229.000.000) 2025-04-13 12:45:30 Image size of job updated: 3147
	3147  -  MemoryUsage of job (MB)
	3223060  -  ResidentSetSize of job (KB)
...
006 (52812229.004.000) 2025-04-13 12:45:37 Image size of job updated: 2657
	2657  -  MemoryUsage of job (MB)
	2720792  -  ResidentSetSize of job (KB)
...
006 (52812229.003.000) 2025-04-13 12:45:44 Image size of job updated: 2432
	2432  -  MemoryUsage of job (MB)
	2491076  -  ResidentSetSize of job (KB)
...
006 (52812229.000.000) 2025-04-13 12:46:30 Image size of job updated: 3215
	3215  -  MemoryUsage of job (MB)
	3292912  -  ResidentSetSize of job (KB)
...
006 (52812229.004.000) 2025-04-13 12:46:38 Image size of job updated: 2688
	2688  -  MemoryUsage of job (MB)
	2752596  -  ResidentSetSize of job (KB)
...
006 (52812229.003.000) 2025-04-13 12:46:44 Image size of job updated: 2463
	2463  -  MemoryUsage of job (MB)
	2522812  -  ResidentSetSize of job (KB)
...
006 (52812229.000.000) 2025-04-13 12:47:31 Image size of job updated: 3246
	3246  -  MemoryUsage of job (MB)
	3324852  -  ResidentSetSize of job (KB)
...
006 (52812229.004.000) 2025-04-13 12:47:38 Image size of job updated: 2745
	2745  -  MemoryUsage of job (MB)
	2811096  -  ResidentSetSize of job (KB)
...
006 (52812229.003.000) 2025-04-13 12:47:45 Image size of job updated: 2508
	2508  -  MemoryUsage of job (MB)
	2568492  -  ResidentSetSize of job (KB)
...
006 (52812229.000.000) 2025-04-13 12:48:31 Image size of job updated: 3277
	3277  -  MemoryUsage of job (MB)
	3356444  -  ResidentSetSize of job (KB)
...
006 (52812229.004.000) 2025-04-13 12:48:39 Image size of job updated: 2773
	2773  -  MemoryUsage of job (MB)
	2839980  -  ResidentSetSize of job (KB)
...
006 (52812229.003.000) 2025-04-13 12:48:46 Image size of job updated: 2542
	2542  -  MemoryUsage of job (MB)
	2603536  -  ResidentSetSize of job (KB)
...
006 (52812229.000.000) 2025-04-13 12:49:31 Image size of job updated: 3309
	3309  -  MemoryUsage of job (MB)
	3388732  -  ResidentSetSize of job (KB)
...
006 (52812229.004.000) 2025-04-13 12:49:39 Image size of job updated: 2799
	2799  -  MemoryUsage of job (MB)
	2866236  -  ResidentSetSize of job (KB)
...
006 (52812229.003.000) 2025-04-13 12:49:46 Image size of job updated: 2572
	2572  -  MemoryUsage of job (MB)
	2633912  -  ResidentSetSize of job (KB)
...
006 (52812229.000.000) 2025-04-13 12:50:32 Image size of job updated: 3340
	3340  -  MemoryUsage of job (MB)
	3420480  -  ResidentSetSize of job (KB)
...
006 (52812229.004.000) 2025-04-13 12:50:39 Image size of job updated: 2856
	2856  -  MemoryUsage of job (MB)
	2925516  -  ResidentSetSize of job (KB)
...
006 (52812229.003.000) 2025-04-13 12:50:47 Image size of job updated: 2601
	2601  -  MemoryUsage of job (MB)
	2663484  -  ResidentSetSize of job (KB)
...
006 (52812229.000.000) 2025-04-13 12:51:32 Image size of job updated: 3371
	3371  -  MemoryUsage of job (MB)
	3452540  -  ResidentSetSize of job (KB)
...
006 (52812229.004.000) 2025-04-13 12:51:40 Image size of job updated: 2887
	2887  -  MemoryUsage of job (MB)
	2956648  -  ResidentSetSize of job (KB)
...
006 (52812229.003.000) 2025-04-13 12:51:48 Image size of job updated: 2636
	2636  -  MemoryUsage of job (MB)
	2699732  -  ResidentSetSize of job (KB)
...
006 (52812229.000.000) 2025-04-13 12:52:32 Image size of job updated: 3433
	3433  -  MemoryUsage of job (MB)
	3515560  -  ResidentSetSize of job (KB)
...
006 (52812229.004.000) 2025-04-13 12:52:40 Image size of job updated: 2944
	2944  -  MemoryUsage of job (MB)
	3015420  -  ResidentSetSize of job (KB)
...
006 (52812229.003.000) 2025-04-13 12:52:48 Image size of job updated: 2664
	2664  -  MemoryUsage of job (MB)
	2728604  -  ResidentSetSize of job (KB)
...
006 (52812229.000.000) 2025-04-13 12:53:32 Image size of job updated: 3463
	3463  -  MemoryUsage of job (MB)
	3547004  -  ResidentSetSize of job (KB)
...
006 (52812229.004.000) 2025-04-13 12:53:41 Image size of job updated: 3001
	3001  -  MemoryUsage of job (MB)
	3074020  -  ResidentSetSize of job (KB)
...
006 (52812229.003.000) 2025-04-13 12:53:49 Image size of job updated: 2693
	2693  -  MemoryUsage of job (MB)
	2757916  -  ResidentSetSize of job (KB)
...
006 (52812229.000.000) 2025-04-13 12:54:33 Image size of job updated: 3494
	3494  -  MemoryUsage of job (MB)
	3578784  -  ResidentSetSize of job (KB)
...
006 (52812229.004.000) 2025-04-13 12:54:41 Image size of job updated: 3032
	3032  -  MemoryUsage of job (MB)
	3104968  -  ResidentSetSize of job (KB)
...
006 (52812229.003.000) 2025-04-13 12:54:50 Image size of job updated: 2750
	2750  -  MemoryUsage of job (MB)
	2816444  -  ResidentSetSize of job (KB)
...
006 (52812229.000.000) 2025-04-13 12:55:33 Image size of job updated: 3525
	3525  -  MemoryUsage of job (MB)
	3610340  -  ResidentSetSize of job (KB)
...
006 (52812229.004.000) 2025-04-13 12:55:41 Image size of job updated: 3089
	3089  -  MemoryUsage of job (MB)
	3164068  -  ResidentSetSize of job (KB)
...
006 (52812229.003.000) 2025-04-13 12:55:50 Image size of job updated: 2778
	2778  -  MemoryUsage of job (MB)
	2845460  -  ResidentSetSize of job (KB)
...
006 (52812229.000.000) 2025-04-13 12:56:33 Image size of job updated: 3556
	3556  -  MemoryUsage of job (MB)
	3641992  -  ResidentSetSize of job (KB)
...
006 (52812229.004.000) 2025-04-13 12:56:42 Image size of job updated: 3120
	3120  -  MemoryUsage of job (MB)
	3195496  -  ResidentSetSize of job (KB)
...
006 (52812229.003.000) 2025-04-13 12:56:51 Image size of job updated: 2807
	2807  -  MemoryUsage of job (MB)
	2874920  -  ResidentSetSize of job (KB)
...
006 (52812229.000.000) 2025-04-13 12:57:34 Image size of job updated: 3587
	3587  -  MemoryUsage of job (MB)
	3673652  -  ResidentSetSize of job (KB)
...
006 (52812229.004.000) 2025-04-13 12:57:42 Image size of job updated: 3150
	3150  -  MemoryUsage of job (MB)
	3226452  -  ResidentSetSize of job (KB)
...
006 (52812229.003.000) 2025-04-13 12:57:52 Image size of job updated: 2836
	2836  -  MemoryUsage of job (MB)
	2904340  -  ResidentSetSize of job (KB)
...
006 (52812229.000.000) 2025-04-13 12:58:35 Image size of job updated: 3624
	3624  -  MemoryUsage of job (MB)
	3711992  -  ResidentSetSize of job (KB)
...
006 (52812229.003.000) 2025-04-13 12:58:52 Image size of job updated: 2865
	2865  -  MemoryUsage of job (MB)
	2933924  -  ResidentSetSize of job (KB)
...
006 (52812229.000.000) 2025-04-13 12:59:35 Image size of job updated: 3655
	3655  -  MemoryUsage of job (MB)
	3742960  -  ResidentSetSize of job (KB)
...
006 (52812229.004.000) 2025-04-13 12:59:43 Image size of job updated: 3154
	3154  -  MemoryUsage of job (MB)
	3230276  -  ResidentSetSize of job (KB)
...
006 (52812229.003.000) 2025-04-13 12:59:53 Image size of job updated: 2894
	2894  -  MemoryUsage of job (MB)
	2963804  -  ResidentSetSize of job (KB)
...
006 (52812229.000.000) 2025-04-13 13:00:35 Image size of job updated: 3685
	3685  -  MemoryUsage of job (MB)
	3773832  -  ResidentSetSize of job (KB)
...
006 (52812229.004.000) 2025-04-13 13:00:43 Image size of job updated: 3183
	3183  -  MemoryUsage of job (MB)
	3259744  -  ResidentSetSize of job (KB)
...
006 (52812229.003.000) 2025-04-13 13:00:53 Image size of job updated: 2924
	2924  -  MemoryUsage of job (MB)
	2994808  -  ResidentSetSize of job (KB)
...
006 (52812229.004.000) 2025-04-13 13:01:44 Image size of job updated: 3240
	3240  -  MemoryUsage of job (MB)
	3318596  -  ResidentSetSize of job (KB)
...
006 (52812229.003.000) 2025-04-13 13:01:53 Image size of job updated: 2955
	2955  -  MemoryUsage of job (MB)
	3026088  -  ResidentSetSize of job (KB)
...
006 (52812229.000.000) 2025-04-13 13:02:36 Image size of job updated: 3715
	3715  -  MemoryUsage of job (MB)
	3804712  -  ResidentSetSize of job (KB)
...
006 (52812229.004.000) 2025-04-13 13:02:44 Image size of job updated: 3242
	3242  -  MemoryUsage of job (MB)
	3319916  -  ResidentSetSize of job (KB)
...
006 (52812229.003.000) 2025-04-13 13:02:54 Image size of job updated: 3013
	3013  -  MemoryUsage of job (MB)
	3086236  -  ResidentSetSize of job (KB)
...
006 (52812229.000.000) 2025-04-13 13:03:36 Image size of job updated: 3725
	3725  -  MemoryUsage of job (MB)
	3814812  -  ResidentSetSize of job (KB)
...
006 (52812229.004.000) 2025-04-13 13:03:45 Image size of job updated: 3298
	3298  -  MemoryUsage of job (MB)
	3378148  -  ResidentSetSize of job (KB)
...
006 (52812229.003.000) 2025-04-13 13:03:54 Image size of job updated: 3042
	3042  -  MemoryUsage of job (MB)
	3115696  -  ResidentSetSize of job (KB)
...
006 (52812229.000.000) 2025-04-13 13:04:37 Image size of job updated: 3755
	3755  -  MemoryUsage of job (MB)
	3845676  -  ResidentSetSize of job (KB)
...
006 (52812229.004.000) 2025-04-13 13:04:45 Image size of job updated: 3330
	3330  -  MemoryUsage of job (MB)
	3410356  -  ResidentSetSize of job (KB)
...
006 (52812229.003.000) 2025-04-13 13:04:55 Image size of job updated: 3072
	3072  -  MemoryUsage of job (MB)
	3146524  -  ResidentSetSize of job (KB)
...
006 (52812229.000.000) 2025-04-13 13:05:37 Image size of job updated: 3785
	3785  -  MemoryUsage of job (MB)
	3876116  -  ResidentSetSize of job (KB)
...
006 (52812229.004.000) 2025-04-13 13:05:45 Image size of job updated: 3372
	3372  -  MemoryUsage of job (MB)
	3453528  -  ResidentSetSize of job (KB)
...
006 (52812229.003.000) 2025-04-13 13:05:56 Image size of job updated: 3104
	3104  -  MemoryUsage of job (MB)
	3179252  -  ResidentSetSize of job (KB)
...
006 (52812229.000.000) 2025-04-13 13:06:37 Image size of job updated: 3785
	3785  -  MemoryUsage of job (MB)
	3876220  -  ResidentSetSize of job (KB)
...
006 (52812229.004.000) 2025-04-13 13:06:46 Image size of job updated: 3384
	3384  -  MemoryUsage of job (MB)
	3465760  -  ResidentSetSize of job (KB)
...
006 (52812229.003.000) 2025-04-13 13:06:56 Image size of job updated: 3133
	3133  -  MemoryUsage of job (MB)
	3208832  -  ResidentSetSize of job (KB)
...
006 (52812229.000.000) 2025-04-13 13:07:38 Image size of job updated: 3815
	3815  -  MemoryUsage of job (MB)
	3906840  -  ResidentSetSize of job (KB)
...
006 (52812229.004.000) 2025-04-13 13:07:46 Image size of job updated: 3419
	3419  -  MemoryUsage of job (MB)
	3501924  -  ResidentSetSize of job (KB)
...
006 (52812229.003.000) 2025-04-13 13:07:57 Image size of job updated: 3190
	3190  -  MemoryUsage of job (MB)
	3266908  -  ResidentSetSize of job (KB)
...
006 (52812229.000.000) 2025-04-13 13:08:39 Image size of job updated: 3844
	3844  -  MemoryUsage of job (MB)
	3937192  -  ResidentSetSize of job (KB)
...
006 (52812229.004.000) 2025-04-13 13:08:47 Image size of job updated: 3474
	3474  -  MemoryUsage of job (MB)
	3557624  -  ResidentSetSize of job (KB)
...
006 (52812229.003.000) 2025-04-13 13:08:57 Image size of job updated: 3220
	3220  -  MemoryUsage of job (MB)
	3298080  -  ResidentSetSize of job (KB)
...
006 (52812229.000.000) 2025-04-13 13:09:39 Image size of job updated: 3845
	3845  -  MemoryUsage of job (MB)
	3937336  -  ResidentSetSize of job (KB)
...
006 (52812229.004.000) 2025-04-13 13:09:47 Image size of job updated: 3504
	3504  -  MemoryUsage of job (MB)
	3588168  -  ResidentSetSize of job (KB)
...
006 (52812229.003.000) 2025-04-13 13:09:57 Image size of job updated: 3251
	3251  -  MemoryUsage of job (MB)
	3329728  -  ResidentSetSize of job (KB)
...
006 (52812229.000.000) 2025-04-13 13:10:40 Image size of job updated: 3874
	3874  -  MemoryUsage of job (MB)
	3967676  -  ResidentSetSize of job (KB)
...
006 (52812229.004.000) 2025-04-13 13:10:48 Image size of job updated: 3547
	3547  -  MemoryUsage of job (MB)
	3632572  -  ResidentSetSize of job (KB)
...
006 (52812229.003.000) 2025-04-13 13:10:58 Image size of job updated: 3282
	3282  -  MemoryUsage of job (MB)
	3361120  -  ResidentSetSize of job (KB)
...
006 (52812229.000.000) 2025-04-13 13:11:41 Image size of job updated: 3904
	3904  -  MemoryUsage of job (MB)
	3998580  -  ResidentSetSize of job (KB)
...
006 (52812229.004.000) 2025-04-13 13:11:49 Image size of job updated: 3593
	3593  -  MemoryUsage of job (MB)
	3679744  -  ResidentSetSize of job (KB)
...
006 (52812229.003.000) 2025-04-13 13:11:58 Image size of job updated: 3311
	3311  -  MemoryUsage of job (MB)
	3390964  -  ResidentSetSize of job (KB)
...
006 (52812229.000.000) 2025-04-13 13:12:41 Image size of job updated: 3904
	3904  -  MemoryUsage of job (MB)
	3998632  -  ResidentSetSize of job (KB)
...
006 (52812229.004.000) 2025-04-13 13:12:49 Image size of job updated: 3624
	3624  -  MemoryUsage of job (MB)
	3711144  -  ResidentSetSize of job (KB)
...
006 (52812229.003.000) 2025-04-13 13:12:59 Image size of job updated: 3340
	3340  -  MemoryUsage of job (MB)
	3420904  -  ResidentSetSize of job (KB)
...
006 (52812229.000.000) 2025-04-13 13:13:41 Image size of job updated: 3935
	3935  -  MemoryUsage of job (MB)
	4029608  -  ResidentSetSize of job (KB)
...
006 (52812229.004.000) 2025-04-13 13:13:50 Image size of job updated: 3679
	3679  -  MemoryUsage of job (MB)
	3767904  -  ResidentSetSize of job (KB)
...
006 (52812229.003.000) 2025-04-13 13:14:00 Image size of job updated: 3400
	3400  -  MemoryUsage of job (MB)
	3482596  -  ResidentSetSize of job (KB)
...
006 (52812229.000.000) 2025-04-13 13:14:42 Image size of job updated: 3965
	3965  -  MemoryUsage of job (MB)
	4060364  -  ResidentSetSize of job (KB)
...
006 (52812229.004.000) 2025-04-13 13:14:50 Image size of job updated: 3709
	3709  -  MemoryUsage of job (MB)
	3798712  -  ResidentSetSize of job (KB)
...
006 (52812229.003.000) 2025-04-13 13:15:00 Image size of job updated: 3431
	3431  -  MemoryUsage of job (MB)
	3513420  -  ResidentSetSize of job (KB)
...
006 (52812229.004.000) 2025-04-13 13:15:51 Image size of job updated: 3768
	3768  -  MemoryUsage of job (MB)
	3858484  -  ResidentSetSize of job (KB)
...
006 (52812229.003.000) 2025-04-13 13:16:01 Image size of job updated: 3489
	3489  -  MemoryUsage of job (MB)
	3572888  -  ResidentSetSize of job (KB)
...
006 (52812229.000.000) 2025-04-13 13:16:42 Image size of job updated: 3994
	3994  -  MemoryUsage of job (MB)
	4090740  -  ResidentSetSize of job (KB)
...
006 (52812229.004.000) 2025-04-13 13:16:51 Image size of job updated: 3798
	3798  -  MemoryUsage of job (MB)
	3889652  -  ResidentSetSize of job (KB)
...
006 (52812229.003.000) 2025-04-13 13:17:02 Image size of job updated: 3518
	3518  -  MemoryUsage of job (MB)
	3602788  -  ResidentSetSize of job (KB)
...
006 (52812229.000.000) 2025-04-13 13:17:43 Image size of job updated: 4025
	4025  -  MemoryUsage of job (MB)
	4121804  -  ResidentSetSize of job (KB)
...
006 (52812229.004.000) 2025-04-13 13:17:51 Image size of job updated: 3828
	3828  -  MemoryUsage of job (MB)
	3920448  -  ResidentSetSize of job (KB)
...
006 (52812229.003.000) 2025-04-13 13:18:02 Image size of job updated: 3548
	3548  -  MemoryUsage of job (MB)
	3633996  -  ResidentSetSize of job (KB)
...
006 (52812229.000.000) 2025-04-13 13:18:43 Image size of job updated: 4054
	4054  -  MemoryUsage of job (MB)
	4151988  -  ResidentSetSize of job (KB)
...
006 (52812229.004.000) 2025-04-13 13:18:52 Image size of job updated: 3885
	3885  -  MemoryUsage of job (MB)
	3979100  -  ResidentSetSize of job (KB)
...
006 (52812229.003.000) 2025-04-13 13:19:03 Image size of job updated: 3606
	3606  -  MemoryUsage of job (MB)
	3693192  -  ResidentSetSize of job (KB)
...
006 (52812229.000.000) 2025-04-13 13:19:43 Image size of job updated: 4055
	4055  -  MemoryUsage of job (MB)
	4152416  -  ResidentSetSize of job (KB)
...
006 (52812229.004.000) 2025-04-13 13:19:52 Image size of job updated: 3915
	3915  -  MemoryUsage of job (MB)
	4009956  -  ResidentSetSize of job (KB)
...
006 (52812229.003.000) 2025-04-13 13:20:03 Image size of job updated: 3635
	3635  -  MemoryUsage of job (MB)
	3722484  -  ResidentSetSize of job (KB)
...
006 (52812229.000.000) 2025-04-13 13:20:44 Image size of job updated: 4084
	4084  -  MemoryUsage of job (MB)
	4182980  -  ResidentSetSize of job (KB)
...
006 (52812229.004.000) 2025-04-13 13:20:53 Image size of job updated: 3973
	3973  -  MemoryUsage of job (MB)
	4069300  -  ResidentSetSize of job (KB)
...
006 (52812229.003.000) 2025-04-13 13:21:04 Image size of job updated: 3694
	3694  -  MemoryUsage of job (MB)
	3783228  -  ResidentSetSize of job (KB)
...
006 (52812229.000.000) 2025-04-13 13:21:45 Image size of job updated: 4114
	4114  -  MemoryUsage of job (MB)
	4213608  -  ResidentSetSize of job (KB)
...
006 (52812229.004.000) 2025-04-13 13:21:53 Image size of job updated: 4002
	4002  -  MemoryUsage of job (MB)
	4098584  -  ResidentSetSize of job (KB)
...
006 (52812229.003.000) 2025-04-13 13:22:05 Image size of job updated: 3724
	3724  -  MemoryUsage of job (MB)
	3813924  -  ResidentSetSize of job (KB)
...
006 (52812229.004.000) 2025-04-13 13:22:53 Image size of job updated: 4032
	4032  -  MemoryUsage of job (MB)
	4129284  -  ResidentSetSize of job (KB)
...
006 (52812229.003.000) 2025-04-13 13:23:05 Image size of job updated: 3754
	3754  -  MemoryUsage of job (MB)
	3844668  -  ResidentSetSize of job (KB)
...
006 (52812229.000.000) 2025-04-13 13:23:46 Image size of job updated: 4144
	4144  -  MemoryUsage of job (MB)
	4244048  -  ResidentSetSize of job (KB)
...
006 (52812229.004.000) 2025-04-13 13:23:54 Image size of job updated: 4086
	4086  -  MemoryUsage of job (MB)
	4184808  -  ResidentSetSize of job (KB)
...
006 (52812229.003.000) 2025-04-13 13:24:06 Image size of job updated: 3812
	3812  -  MemoryUsage of job (MB)
	3903924  -  ResidentSetSize of job (KB)
...
006 (52812229.000.000) 2025-04-13 13:24:47 Image size of job updated: 4174
	4174  -  MemoryUsage of job (MB)
	4274856  -  ResidentSetSize of job (KB)
...
006 (52812229.004.000) 2025-04-13 13:24:54 Image size of job updated: 4116
	4116  -  MemoryUsage of job (MB)
	4215468  -  ResidentSetSize of job (KB)
...
006 (52812229.003.000) 2025-04-13 13:25:07 Image size of job updated: 3841
	3841  -  MemoryUsage of job (MB)
	3933964  -  ResidentSetSize of job (KB)
...
006 (52812229.000.000) 2025-04-13 13:25:47 Image size of job updated: 4204
	4204  -  MemoryUsage of job (MB)
	4305724  -  ResidentSetSize of job (KB)
...
006 (52812229.004.000) 2025-04-13 13:25:55 Image size of job updated: 4176
	4176  -  MemoryUsage of job (MB)
	4276412  -  ResidentSetSize of job (KB)
...
006 (52812229.003.000) 2025-04-13 13:26:07 Image size of job updated: 3871
	3871  -  MemoryUsage of job (MB)
	3964580  -  ResidentSetSize of job (KB)
...
006 (52812229.000.000) 2025-04-13 13:26:48 Image size of job updated: 4204
	4204  -  MemoryUsage of job (MB)
	4305892  -  ResidentSetSize of job (KB)
...
006 (52812229.004.000) 2025-04-13 13:26:56 Image size of job updated: 4205
	4205  -  MemoryUsage of job (MB)
	4306796  -  ResidentSetSize of job (KB)
...
006 (52812229.003.000) 2025-04-13 13:27:08 Image size of job updated: 3901
	3901  -  MemoryUsage of job (MB)
	3995296  -  ResidentSetSize of job (KB)
...
006 (52812229.000.000) 2025-04-13 13:27:49 Image size of job updated: 4235
	4235  -  MemoryUsage of job (MB)
	4336792  -  ResidentSetSize of job (KB)
...
006 (52812229.004.000) 2025-04-13 13:27:56 Image size of job updated: 4236
	4236  -  MemoryUsage of job (MB)
	4338656  -  ResidentSetSize of job (KB)
...
006 (52812229.003.000) 2025-04-13 13:28:08 Image size of job updated: 3930
	3930  -  MemoryUsage of job (MB)
	4024884  -  ResidentSetSize of job (KB)
...
006 (52812229.000.000) 2025-04-13 13:28:50 Image size of job updated: 4265
	4265  -  MemoryUsage of job (MB)
	4367548  -  ResidentSetSize of job (KB)
...
006 (52812229.004.000) 2025-04-13 13:28:57 Image size of job updated: 4292
	4292  -  MemoryUsage of job (MB)
	4395996  -  ResidentSetSize of job (KB)
...
006 (52812229.003.000) 2025-04-13 13:29:08 Image size of job updated: 3958
	3958  -  MemoryUsage of job (MB)
	4053828  -  ResidentSetSize of job (KB)
...
006 (52812229.004.000) 2025-04-13 13:29:57 Image size of job updated: 4320
	4320  -  MemoryUsage of job (MB)
	4424344  -  ResidentSetSize of job (KB)
...
006 (52812229.003.000) 2025-04-13 13:30:09 Image size of job updated: 3987
	3987  -  MemoryUsage of job (MB)
	4083044  -  ResidentSetSize of job (KB)
...
006 (52812229.000.000) 2025-04-13 13:30:51 Image size of job updated: 4295
	4295  -  MemoryUsage of job (MB)
	4398528  -  ResidentSetSize of job (KB)
...
006 (52812229.004.000) 2025-04-13 13:30:58 Image size of job updated: 4349
	4349  -  MemoryUsage of job (MB)
	4453824  -  ResidentSetSize of job (KB)
...
006 (52812229.003.000) 2025-04-13 13:31:10 Image size of job updated: 4037
	4037  -  MemoryUsage of job (MB)
	4134708  -  ResidentSetSize of job (KB)
...
006 (52812229.000.000) 2025-04-13 13:31:52 Image size of job updated: 4325
	4325  -  MemoryUsage of job (MB)
	4429252  -  ResidentSetSize of job (KB)
...
006 (52812229.004.000) 2025-04-13 13:31:58 Image size of job updated: 4402
	4402  -  MemoryUsage of job (MB)
	4508612  -  ResidentSetSize of job (KB)
...
006 (52812229.003.000) 2025-04-13 13:32:10 Image size of job updated: 4071
	4071  -  MemoryUsage of job (MB)
	4169720  -  ResidentSetSize of job (KB)
...
006 (52812229.000.000) 2025-04-13 13:32:52 Image size of job updated: 4325
	4325  -  MemoryUsage of job (MB)
	4429348  -  ResidentSetSize of job (KB)
...
006 (52812229.004.000) 2025-04-13 13:32:58 Image size of job updated: 4430
	4430  -  MemoryUsage of job (MB)
	4536752  -  ResidentSetSize of job (KB)
...
006 (52812229.003.000) 2025-04-13 13:33:11 Image size of job updated: 4101
	4101  -  MemoryUsage of job (MB)
	4199548  -  ResidentSetSize of job (KB)
...
006 (52812229.000.000) 2025-04-13 13:33:53 Image size of job updated: 4355
	4355  -  MemoryUsage of job (MB)
	4459888  -  ResidentSetSize of job (KB)
...
006 (52812229.004.000) 2025-04-13 13:33:59 Image size of job updated: 4486
	4486  -  MemoryUsage of job (MB)
	4593804  -  ResidentSetSize of job (KB)
...
006 (52812229.003.000) 2025-04-13 13:34:11 Image size of job updated: 4131
	4131  -  MemoryUsage of job (MB)
	4230156  -  ResidentSetSize of job (KB)
...
006 (52812229.000.000) 2025-04-13 13:34:54 Image size of job updated: 4385
	4385  -  MemoryUsage of job (MB)
	4490268  -  ResidentSetSize of job (KB)
...
006 (52812229.004.000) 2025-04-13 13:34:59 Image size of job updated: 4513
	4513  -  MemoryUsage of job (MB)
	4621552  -  ResidentSetSize of job (KB)
...
006 (52812229.003.000) 2025-04-13 13:35:12 Image size of job updated: 4187
	4187  -  MemoryUsage of job (MB)
	4288000  -  ResidentSetSize of job (KB)
...
006 (52812229.000.000) 2025-04-13 13:35:54 Image size of job updated: 4385
	4385  -  MemoryUsage of job (MB)
	4490416  -  ResidentSetSize of job (KB)
...
006 (52812229.004.000) 2025-04-13 13:36:00 Image size of job updated: 4541
	4541  -  MemoryUsage of job (MB)
	4650632  -  ResidentSetSize of job (KB)
...
006 (52812229.003.000) 2025-04-13 13:36:12 Image size of job updated: 4216
	4216  -  MemoryUsage of job (MB)
	4317836  -  ResidentSetSize of job (KB)
...
006 (52812229.000.000) 2025-04-13 13:36:54 Image size of job updated: 4415
	4415  -  MemoryUsage of job (MB)
	4521128  -  ResidentSetSize of job (KB)
...
006 (52812229.004.000) 2025-04-13 13:37:00 Image size of job updated: 4595
	4595  -  MemoryUsage of job (MB)
	4705888  -  ResidentSetSize of job (KB)
...
006 (52812229.003.000) 2025-04-13 13:37:12 Image size of job updated: 4246
	4246  -  MemoryUsage of job (MB)
	4348024  -  ResidentSetSize of job (KB)
...
006 (52812229.004.000) 2025-04-13 13:38:00 Image size of job updated: 4622
	4622  -  MemoryUsage of job (MB)
	4733840  -  ResidentSetSize of job (KB)
...
006 (52812229.003.000) 2025-04-13 13:38:13 Image size of job updated: 4302
	4302  -  MemoryUsage of job (MB)
	4405640  -  ResidentSetSize of job (KB)
...
006 (52812229.000.000) 2025-04-13 13:38:56 Image size of job updated: 4445
	4445  -  MemoryUsage of job (MB)
	4551760  -  ResidentSetSize of job (KB)
...
006 (52812229.004.000) 2025-04-13 13:39:01 Image size of job updated: 4654
	4654  -  MemoryUsage of job (MB)
	4766448  -  ResidentSetSize of job (KB)
...
006 (52812229.003.000) 2025-04-13 13:39:14 Image size of job updated: 4330
	4330  -  MemoryUsage of job (MB)
	4434520  -  ResidentSetSize of job (KB)
...
006 (52812229.000.000) 2025-04-13 13:39:56 Image size of job updated: 4474
	4474  -  MemoryUsage of job (MB)
	4582072  -  ResidentSetSize of job (KB)
...
006 (52812229.004.000) 2025-04-13 13:40:01 Image size of job updated: 4704
	4704  -  MemoryUsage of job (MB)
	4817908  -  ResidentSetSize of job (KB)
...
006 (52812229.003.000) 2025-04-13 13:40:14 Image size of job updated: 4360
	4360  -  MemoryUsage of job (MB)
	4464880  -  ResidentSetSize of job (KB)
...
006 (52812229.000.000) 2025-04-13 13:40:56 Image size of job updated: 4474
	4474  -  MemoryUsage of job (MB)
	4582200  -  ResidentSetSize of job (KB)
...
006 (52812229.004.000) 2025-04-13 13:41:02 Image size of job updated: 4732
	4732  -  MemoryUsage of job (MB)
	4845888  -  ResidentSetSize of job (KB)
...
006 (52812229.003.000) 2025-04-13 13:41:15 Image size of job updated: 4388
	4388  -  MemoryUsage of job (MB)
	4493792  -  ResidentSetSize of job (KB)
...
006 (52812229.000.000) 2025-04-13 13:41:57 Image size of job updated: 4504
	4504  -  MemoryUsage of job (MB)
	4612608  -  ResidentSetSize of job (KB)
...
006 (52812229.004.000) 2025-04-13 13:42:02 Image size of job updated: 4787
	4787  -  MemoryUsage of job (MB)
	4902332  -  ResidentSetSize of job (KB)
...
006 (52812229.003.000) 2025-04-13 13:42:16 Image size of job updated: 4444
	4444  -  MemoryUsage of job (MB)
	4551568  -  ResidentSetSize of job (KB)
...
006 (52812229.000.000) 2025-04-13 13:42:58 Image size of job updated: 4534
	4534  -  MemoryUsage of job (MB)
	4643120  -  ResidentSetSize of job (KB)
...
006 (52812229.004.000) 2025-04-13 13:43:02 Image size of job updated: 4814
	4814  -  MemoryUsage of job (MB)
	4930404  -  ResidentSetSize of job (KB)
...
006 (52812229.003.000) 2025-04-13 13:43:16 Image size of job updated: 4467
	4467  -  MemoryUsage of job (MB)
	4575020  -  ResidentSetSize of job (KB)
...
006 (52812229.004.000) 2025-04-13 13:44:03 Image size of job updated: 4869
	4869  -  MemoryUsage of job (MB)
	4986740  -  ResidentSetSize of job (KB)
...
006 (52812229.003.000) 2025-04-13 13:44:16 Image size of job updated: 4526
	4526  -  MemoryUsage of job (MB)
	4635376  -  ResidentSetSize of job (KB)
...
006 (52812229.000.000) 2025-04-13 13:44:58 Image size of job updated: 4565
	4565  -  MemoryUsage of job (MB)
	4675188  -  ResidentSetSize of job (KB)
...
006 (52812229.004.000) 2025-04-13 13:45:03 Image size of job updated: 4893
	4893  -  MemoryUsage of job (MB)
	5010928  -  ResidentSetSize of job (KB)
...
006 (52812229.003.000) 2025-04-13 13:45:17 Image size of job updated: 4558
	4558  -  MemoryUsage of job (MB)
	4668184  -  ResidentSetSize of job (KB)
...
006 (52812229.000.000) 2025-04-13 13:45:59 Image size of job updated: 4595
	4595  -  MemoryUsage of job (MB)
	4705888  -  ResidentSetSize of job (KB)
...
006 (52812229.004.000) 2025-04-13 13:46:04 Image size of job updated: 4948
	4948  -  MemoryUsage of job (MB)
	5067604  -  ResidentSetSize of job (KB)
...
006 (52812229.003.000) 2025-04-13 13:46:18 Image size of job updated: 4589
	4589  -  MemoryUsage of job (MB)
	4699328  -  ResidentSetSize of job (KB)
...
006 (52812229.000.000) 2025-04-13 13:46:59 Image size of job updated: 4598
	4598  -  MemoryUsage of job (MB)
	4708464  -  ResidentSetSize of job (KB)
...
006 (52812229.004.000) 2025-04-13 13:47:04 Image size of job updated: 4976
	4976  -  MemoryUsage of job (MB)
	5095952  -  ResidentSetSize of job (KB)
...
006 (52812229.003.000) 2025-04-13 13:47:18 Image size of job updated: 4645
	4645  -  MemoryUsage of job (MB)
	4756904  -  ResidentSetSize of job (KB)
...
006 (52812229.000.000) 2025-04-13 13:47:59 Image size of job updated: 4627
	4627  -  MemoryUsage of job (MB)
	4739036  -  ResidentSetSize of job (KB)
...
006 (52812229.004.000) 2025-04-13 13:48:05 Image size of job updated: 5030
	5030  -  MemoryUsage of job (MB)
	5151308  -  ResidentSetSize of job (KB)
...
006 (52812229.003.000) 2025-04-13 13:48:19 Image size of job updated: 4676
	4676  -  MemoryUsage of job (MB)
	4789020  -  ResidentSetSize of job (KB)
...
006 (52812229.000.000) 2025-04-13 13:49:00 Image size of job updated: 4657
	4657  -  MemoryUsage of job (MB)
	4769636  -  ResidentSetSize of job (KB)
...
006 (52812229.004.000) 2025-04-13 13:49:05 Image size of job updated: 5063
	5063  -  MemoryUsage of job (MB)
	5185248  -  ResidentSetSize of job (KB)
...
006 (52812229.003.000) 2025-04-13 13:49:19 Image size of job updated: 4734
	4734  -  MemoryUsage of job (MB)
	4848076  -  ResidentSetSize of job (KB)
...
006 (52812229.000.000) 2025-04-13 13:50:01 Image size of job updated: 4687
	4687  -  MemoryUsage of job (MB)
	4800320  -  ResidentSetSize of job (KB)
...
006 (52812229.004.000) 2025-04-13 13:50:06 Image size of job updated: 5119
	5119  -  MemoryUsage of job (MB)
	5241972  -  ResidentSetSize of job (KB)
...
006 (52812229.003.000) 2025-04-13 13:50:19 Image size of job updated: 4763
	4763  -  MemoryUsage of job (MB)
	4877692  -  ResidentSetSize of job (KB)
...
006 (52812229.004.000) 2025-04-13 13:51:06 Image size of job updated: 5148
	5148  -  MemoryUsage of job (MB)
	5271632  -  ResidentSetSize of job (KB)
...
006 (52812229.003.000) 2025-04-13 13:51:20 Image size of job updated: 4827
	4827  -  MemoryUsage of job (MB)
	4943280  -  ResidentSetSize of job (KB)
...
006 (52812229.000.000) 2025-04-13 13:52:02 Image size of job updated: 4717
	4717  -  MemoryUsage of job (MB)
	4831060  -  ResidentSetSize of job (KB)
...
006 (52812229.004.000) 2025-04-13 13:52:07 Image size of job updated: 5201
	5201  -  MemoryUsage of job (MB)
	5326292  -  ResidentSetSize of job (KB)
...
006 (52812229.003.000) 2025-04-13 13:52:20 Image size of job updated: 4857
	4857  -  MemoryUsage of job (MB)
	4974456  -  ResidentSetSize of job (KB)
...
006 (52812229.000.000) 2025-04-13 13:53:02 Image size of job updated: 4747
	4747  -  MemoryUsage of job (MB)
	4861544  -  ResidentSetSize of job (KB)
...
006 (52812229.004.000) 2025-04-13 13:53:07 Image size of job updated: 5257
	5257  -  MemoryUsage of job (MB)
	5383556  -  ResidentSetSize of job (KB)
...
006 (52812229.003.000) 2025-04-13 13:53:21 Image size of job updated: 4918
	4918  -  MemoryUsage of job (MB)
	5036188  -  ResidentSetSize of job (KB)
...
006 (52812229.000.000) 2025-04-13 13:54:03 Image size of job updated: 4747
	4747  -  MemoryUsage of job (MB)
	4861592  -  ResidentSetSize of job (KB)
...
006 (52812229.004.000) 2025-04-13 13:54:08 Image size of job updated: 5284
	5284  -  MemoryUsage of job (MB)
	5411720  -  ResidentSetSize of job (KB)
...
006 (52812229.003.000) 2025-04-13 13:54:21 Image size of job updated: 4947
	4947  -  MemoryUsage of job (MB)
	5065992  -  ResidentSetSize of job (KB)
...
006 (52812229.000.000) 2025-04-13 13:55:03 Image size of job updated: 4777
	4777  -  MemoryUsage of job (MB)
	4892036  -  ResidentSetSize of job (KB)
...
006 (52812229.004.000) 2025-04-13 13:55:08 Image size of job updated: 5339
	5339  -  MemoryUsage of job (MB)
	5467692  -  ResidentSetSize of job (KB)
...
006 (52812229.003.000) 2025-04-13 13:55:22 Image size of job updated: 5006
	5006  -  MemoryUsage of job (MB)
	5127100  -  ResidentSetSize of job (KB)
...
006 (52812229.000.000) 2025-04-13 13:56:03 Image size of job updated: 4777
	4777  -  MemoryUsage of job (MB)
	4892080  -  ResidentSetSize of job (KB)
...
006 (52812229.004.000) 2025-04-13 13:56:08 Image size of job updated: 5367
	5367  -  MemoryUsage of job (MB)
	5496356  -  ResidentSetSize of job (KB)
...
006 (52812229.003.000) 2025-04-13 13:56:23 Image size of job updated: 5036
	5036  -  MemoryUsage of job (MB)
	5156984  -  ResidentSetSize of job (KB)
...
006 (52812229.000.000) 2025-04-13 13:57:04 Image size of job updated: 4807
	4807  -  MemoryUsage of job (MB)
	4922508  -  ResidentSetSize of job (KB)
...
006 (52812229.004.000) 2025-04-13 13:57:09 Image size of job updated: 5397
	5397  -  MemoryUsage of job (MB)
	5526528  -  ResidentSetSize of job (KB)
...
006 (52812229.003.000) 2025-04-13 13:57:23 Image size of job updated: 5066
	5066  -  MemoryUsage of job (MB)
	5187816  -  ResidentSetSize of job (KB)
...
006 (52812229.000.000) 2025-04-13 13:58:04 Image size of job updated: 4836
	4836  -  MemoryUsage of job (MB)
	4952936  -  ResidentSetSize of job (KB)
...
006 (52812229.004.000) 2025-04-13 13:58:09 Image size of job updated: 5452
	5452  -  MemoryUsage of job (MB)
	5582868  -  ResidentSetSize of job (KB)
...
006 (52812229.003.000) 2025-04-13 13:58:24 Image size of job updated: 5122
	5122  -  MemoryUsage of job (MB)
	5245092  -  ResidentSetSize of job (KB)
...
006 (52812229.000.000) 2025-04-13 13:59:05 Image size of job updated: 4837
	4837  -  MemoryUsage of job (MB)
	4953120  -  ResidentSetSize of job (KB)
...
006 (52812229.004.000) 2025-04-13 13:59:10 Image size of job updated: 5481
	5481  -  MemoryUsage of job (MB)
	5612624  -  ResidentSetSize of job (KB)
...
006 (52812229.003.000) 2025-04-13 13:59:24 Image size of job updated: 5155
	5155  -  MemoryUsage of job (MB)
	5278964  -  ResidentSetSize of job (KB)
...
006 (52812229.000.000) 2025-04-13 14:00:05 Image size of job updated: 4868
	4868  -  MemoryUsage of job (MB)
	4985308  -  ResidentSetSize of job (KB)
...
006 (52812229.004.000) 2025-04-13 14:00:11 Image size of job updated: 5533
	5533  -  MemoryUsage of job (MB)
	5666624  -  ResidentSetSize of job (KB)
...
006 (52812229.003.000) 2025-04-13 14:00:25 Image size of job updated: 5185
	5185  -  MemoryUsage of job (MB)
	5310436  -  ResidentSetSize of job (KB)
...
006 (52812229.000.000) 2025-04-13 14:01:05 Image size of job updated: 4900
	4900  -  MemoryUsage of job (MB)
	5017940  -  ResidentSetSize of job (KB)
...
006 (52812229.004.000) 2025-04-13 14:01:11 Image size of job updated: 5561
	5561  -  MemoryUsage of job (MB)
	5694940  -  ResidentSetSize of job (KB)
...
006 (52812229.003.000) 2025-04-13 14:01:25 Image size of job updated: 5215
	5215  -  MemoryUsage of job (MB)
	5341004  -  ResidentSetSize of job (KB)
...
006 (52812229.000.000) 2025-04-13 14:02:06 Image size of job updated: 4932
	4932  -  MemoryUsage of job (MB)
	5050640  -  ResidentSetSize of job (KB)
...
006 (52812229.004.000) 2025-04-13 14:02:12 Image size of job updated: 5615
	5615  -  MemoryUsage of job (MB)
	5750140  -  ResidentSetSize of job (KB)
...
006 (52812229.003.000) 2025-04-13 14:02:25 Image size of job updated: 5246
	5246  -  MemoryUsage of job (MB)
	5372352  -  ResidentSetSize of job (KB)
...
006 (52812229.000.000) 2025-04-13 14:03:07 Image size of job updated: 4964
	4964  -  MemoryUsage of job (MB)
	5083568  -  ResidentSetSize of job (KB)
...
006 (52812229.004.000) 2025-04-13 14:03:12 Image size of job updated: 5643
	5643  -  MemoryUsage of job (MB)
	5778688  -  ResidentSetSize of job (KB)
...
006 (52812229.003.000) 2025-04-13 14:03:26 Image size of job updated: 5277
	5277  -  MemoryUsage of job (MB)
	5403988  -  ResidentSetSize of job (KB)
...
006 (52812229.000.000) 2025-04-13 14:04:07 Image size of job updated: 4967
	4967  -  MemoryUsage of job (MB)
	5086348  -  ResidentSetSize of job (KB)
...
006 (52812229.004.000) 2025-04-13 14:04:13 Image size of job updated: 5671
	5671  -  MemoryUsage of job (MB)
	5807416  -  ResidentSetSize of job (KB)
...
006 (52812229.003.000) 2025-04-13 14:04:26 Image size of job updated: 5306
	5306  -  MemoryUsage of job (MB)
	5433968  -  ResidentSetSize of job (KB)
...
006 (52812229.000.000) 2025-04-13 14:05:07 Image size of job updated: 4968
	4968  -  MemoryUsage of job (MB)
	5087664  -  ResidentSetSize of job (KB)
...
006 (52812229.004.000) 2025-04-13 14:05:13 Image size of job updated: 5726
	5726  -  MemoryUsage of job (MB)
	5863620  -  ResidentSetSize of job (KB)
...
006 (52812229.003.000) 2025-04-13 14:05:27 Image size of job updated: 5335
	5335  -  MemoryUsage of job (MB)
	5463944  -  ResidentSetSize of job (KB)
...
006 (52812229.000.000) 2025-04-13 14:06:08 Image size of job updated: 4998
	4998  -  MemoryUsage of job (MB)
	5118752  -  ResidentSetSize of job (KB)
...
006 (52812229.004.000) 2025-04-13 14:06:13 Image size of job updated: 5753
	5753  -  MemoryUsage of job (MB)
	5891732  -  ResidentSetSize of job (KB)
...
006 (52812229.003.000) 2025-04-13 14:06:28 Image size of job updated: 5363
	5363  -  MemoryUsage of job (MB)
	5492392  -  ResidentSetSize of job (KB)
...
006 (52812229.004.000) 2025-04-13 14:07:14 Image size of job updated: 5781
	5781  -  MemoryUsage of job (MB)
	5920400  -  ResidentSetSize of job (KB)
...
006 (52812229.003.000) 2025-04-13 14:07:29 Image size of job updated: 5400
	5400  -  MemoryUsage of job (MB)
	5529688  -  ResidentSetSize of job (KB)
...
006 (52812229.004.000) 2025-04-13 14:08:15 Image size of job updated: 5836
	5836  -  MemoryUsage of job (MB)
	5976960  -  ResidentSetSize of job (KB)
...
006 (52812229.003.000) 2025-04-13 14:08:30 Image size of job updated: 5455
	5455  -  MemoryUsage of job (MB)
	5586512  -  ResidentSetSize of job (KB)
...
006 (52812229.004.000) 2025-04-13 14:09:16 Image size of job updated: 5864
	5864  -  MemoryUsage of job (MB)
	6005028  -  ResidentSetSize of job (KB)
...
006 (52812229.003.000) 2025-04-13 14:09:31 Image size of job updated: 5484
	5484  -  MemoryUsage of job (MB)
	5616016  -  ResidentSetSize of job (KB)
...
006 (52812229.004.000) 2025-04-13 14:10:16 Image size of job updated: 5891
	5891  -  MemoryUsage of job (MB)
	6032604  -  ResidentSetSize of job (KB)
...
006 (52812229.003.000) 2025-04-13 14:10:32 Image size of job updated: 5512
	5512  -  MemoryUsage of job (MB)
	5644700  -  ResidentSetSize of job (KB)
...
006 (52812229.004.000) 2025-04-13 14:11:17 Image size of job updated: 5945
	5945  -  MemoryUsage of job (MB)
	6087928  -  ResidentSetSize of job (KB)
...
006 (52812229.003.000) 2025-04-13 14:11:33 Image size of job updated: 5541
	5541  -  MemoryUsage of job (MB)
	5674520  -  ResidentSetSize of job (KB)
...
006 (52812229.004.000) 2025-04-13 14:12:17 Image size of job updated: 5972
	5972  -  MemoryUsage of job (MB)
	6116020  -  ResidentSetSize of job (KB)
...
006 (52812229.003.000) 2025-04-13 14:12:34 Image size of job updated: 5570
	5570  -  MemoryUsage of job (MB)
	5703856  -  ResidentSetSize of job (KB)
...
006 (52812229.004.000) 2025-04-13 14:13:18 Image size of job updated: 5999
	5999  -  MemoryUsage of job (MB)
	6143660  -  ResidentSetSize of job (KB)
...
006 (52812229.003.000) 2025-04-13 14:13:35 Image size of job updated: 5599
	5599  -  MemoryUsage of job (MB)
	5733556  -  ResidentSetSize of job (KB)
...
006 (52812229.004.000) 2025-04-13 14:14:18 Image size of job updated: 6028
	6028  -  MemoryUsage of job (MB)
	6172792  -  ResidentSetSize of job (KB)
...
006 (52812229.003.000) 2025-04-13 14:14:35 Image size of job updated: 5628
	5628  -  MemoryUsage of job (MB)
	5763944  -  ResidentSetSize of job (KB)
...
006 (52812229.004.000) 2025-04-13 14:15:19 Image size of job updated: 6056
	6056  -  MemoryUsage of job (MB)
	6201784  -  ResidentSetSize of job (KB)
...
006 (52812229.003.000) 2025-04-13 14:15:35 Image size of job updated: 5685
	5685  -  MemoryUsage of job (MB)
	5821496  -  ResidentSetSize of job (KB)
...
006 (52812229.004.000) 2025-04-13 14:16:20 Image size of job updated: 6083
	6083  -  MemoryUsage of job (MB)
	6229756  -  ResidentSetSize of job (KB)
...
006 (52812229.003.000) 2025-04-13 14:16:35 Image size of job updated: 5713
	5713  -  MemoryUsage of job (MB)
	5850752  -  ResidentSetSize of job (KB)
...
006 (52812229.004.000) 2025-04-13 14:17:20 Image size of job updated: 6112
	6112  -  MemoryUsage of job (MB)
	6258956  -  ResidentSetSize of job (KB)
...
006 (52812229.003.000) 2025-04-13 14:17:35 Image size of job updated: 5743
	5743  -  MemoryUsage of job (MB)
	5881476  -  ResidentSetSize of job (KB)
...
006 (52812229.004.000) 2025-04-13 14:18:20 Image size of job updated: 6140
	6140  -  MemoryUsage of job (MB)
	6288160  -  ResidentSetSize of job (KB)
...
006 (52812229.003.000) 2025-04-13 14:18:35 Image size of job updated: 5773
	5773  -  MemoryUsage of job (MB)
	5911872  -  ResidentSetSize of job (KB)
...
006 (52812229.004.000) 2025-04-13 14:19:21 Image size of job updated: 6168
	6168  -  MemoryUsage of job (MB)
	6316632  -  ResidentSetSize of job (KB)
...
006 (52812229.003.000) 2025-04-13 14:19:35 Image size of job updated: 5802
	5802  -  MemoryUsage of job (MB)
	5941764  -  ResidentSetSize of job (KB)
...
006 (52812229.004.000) 2025-04-13 14:20:22 Image size of job updated: 6168
	6168  -  MemoryUsage of job (MB)
	6316912  -  ResidentSetSize of job (KB)
...
006 (52812229.003.000) 2025-04-13 14:20:35 Image size of job updated: 5833
	5833  -  MemoryUsage of job (MB)
	5973548  -  ResidentSetSize of job (KB)
...
006 (52812229.004.000) 2025-04-13 14:21:22 Image size of job updated: 6196
	6196  -  MemoryUsage of job (MB)
	6345504  -  ResidentSetSize of job (KB)
...
006 (52812229.003.000) 2025-04-13 14:21:35 Image size of job updated: 5862
	5862  -  MemoryUsage of job (MB)
	6003412  -  ResidentSetSize of job (KB)
...
006 (52812229.004.000) 2025-04-13 14:22:22 Image size of job updated: 6224
	6224  -  MemoryUsage of job (MB)
	6374244  -  ResidentSetSize of job (KB)
...
006 (52812229.003.000) 2025-04-13 14:22:35 Image size of job updated: 5918
	5918  -  MemoryUsage of job (MB)
	6060724  -  ResidentSetSize of job (KB)
...
006 (52812229.004.000) 2025-04-13 14:23:23 Image size of job updated: 6253
	6253  -  MemoryUsage of job (MB)
	6403228  -  ResidentSetSize of job (KB)
...
006 (52812229.003.000) 2025-04-13 14:23:35 Image size of job updated: 5948
	5948  -  MemoryUsage of job (MB)
	6091260  -  ResidentSetSize of job (KB)
...
006 (52812229.004.000) 2025-04-13 14:24:24 Image size of job updated: 6281
	6281  -  MemoryUsage of job (MB)
	6432100  -  ResidentSetSize of job (KB)
...
006 (52812229.003.000) 2025-04-13 14:24:36 Image size of job updated: 5978
	5978  -  MemoryUsage of job (MB)
	6121888  -  ResidentSetSize of job (KB)
...
006 (52812229.004.000) 2025-04-13 14:25:25 Image size of job updated: 6309
	6309  -  MemoryUsage of job (MB)
	6461432  -  ResidentSetSize of job (KB)
...
006 (52812229.003.000) 2025-04-13 14:25:36 Image size of job updated: 6007
	6007  -  MemoryUsage of job (MB)
	6152040  -  ResidentSetSize of job (KB)
...
006 (52812229.004.000) 2025-04-13 14:26:25 Image size of job updated: 6337
	6337  -  MemoryUsage of job (MB)
	6490108  -  ResidentSetSize of job (KB)
...
006 (52812229.003.000) 2025-04-13 14:26:37 Image size of job updated: 6038
	6038  -  MemoryUsage of job (MB)
	6183028  -  ResidentSetSize of job (KB)
...
006 (52812229.004.000) 2025-04-13 14:27:25 Image size of job updated: 6366
	6366  -  MemoryUsage of job (MB)
	6519036  -  ResidentSetSize of job (KB)
...
006 (52812229.003.000) 2025-04-13 14:27:38 Image size of job updated: 6096
	6096  -  MemoryUsage of job (MB)
	6242464  -  ResidentSetSize of job (KB)
...
006 (52812229.004.000) 2025-04-13 14:28:26 Image size of job updated: 6394
	6394  -  MemoryUsage of job (MB)
	6548196  -  ResidentSetSize of job (KB)
...
006 (52812229.003.000) 2025-04-13 14:28:39 Image size of job updated: 6125
	6125  -  MemoryUsage of job (MB)
	6272680  -  ResidentSetSize of job (KB)
...
006 (52812229.004.000) 2025-04-13 14:29:27 Image size of job updated: 6423
	6423  -  MemoryUsage of job (MB)
	6577444  -  ResidentSetSize of job (KB)
...
006 (52812229.003.000) 2025-04-13 14:29:40 Image size of job updated: 6155
	6155  -  MemoryUsage of job (MB)
	6302944  -  ResidentSetSize of job (KB)
...
006 (52812229.004.000) 2025-04-13 14:30:27 Image size of job updated: 6451
	6451  -  MemoryUsage of job (MB)
	6606300  -  ResidentSetSize of job (KB)
...
006 (52812229.003.000) 2025-04-13 14:30:41 Image size of job updated: 6185
	6185  -  MemoryUsage of job (MB)
	6333676  -  ResidentSetSize of job (KB)
...
006 (52812229.004.000) 2025-04-13 14:31:27 Image size of job updated: 6480
	6480  -  MemoryUsage of job (MB)
	6635724  -  ResidentSetSize of job (KB)
...
006 (52812229.003.000) 2025-04-13 14:31:42 Image size of job updated: 6215
	6215  -  MemoryUsage of job (MB)
	6364836  -  ResidentSetSize of job (KB)
...
006 (52812229.004.000) 2025-04-13 14:32:28 Image size of job updated: 6508
	6508  -  MemoryUsage of job (MB)
	6664404  -  ResidentSetSize of job (KB)
...
006 (52812229.003.000) 2025-04-13 14:32:43 Image size of job updated: 6246
	6246  -  MemoryUsage of job (MB)
	6396272  -  ResidentSetSize of job (KB)
...
006 (52812229.004.000) 2025-04-13 14:33:29 Image size of job updated: 6536
	6536  -  MemoryUsage of job (MB)
	6693276  -  ResidentSetSize of job (KB)
...
006 (52812229.003.000) 2025-04-13 14:33:44 Image size of job updated: 6301
	6301  -  MemoryUsage of job (MB)
	6452976  -  ResidentSetSize of job (KB)
...
006 (52812229.004.000) 2025-04-13 14:34:30 Image size of job updated: 6574
	6574  -  MemoryUsage of job (MB)
	6732104  -  ResidentSetSize of job (KB)
...
006 (52812229.003.000) 2025-04-13 14:34:45 Image size of job updated: 6331
	6331  -  MemoryUsage of job (MB)
	6483304  -  ResidentSetSize of job (KB)
...
006 (52812229.004.000) 2025-04-13 14:35:30 Image size of job updated: 6591
	6591  -  MemoryUsage of job (MB)
	6750172  -  ResidentSetSize of job (KB)
...
006 (52812229.003.000) 2025-04-13 14:35:45 Image size of job updated: 6361
	6361  -  MemoryUsage of job (MB)
	6513680  -  ResidentSetSize of job (KB)
...
006 (52812229.004.000) 2025-04-13 14:36:30 Image size of job updated: 6602
	6602  -  MemoryUsage of job (MB)
	6760600  -  ResidentSetSize of job (KB)
...
006 (52812229.003.000) 2025-04-13 14:36:45 Image size of job updated: 6390
	6390  -  MemoryUsage of job (MB)
	6544196  -  ResidentSetSize of job (KB)
...
006 (52812229.004.000) 2025-04-13 14:37:30 Image size of job updated: 6629
	6629  -  MemoryUsage of job (MB)
	6788772  -  ResidentSetSize of job (KB)
...
006 (52812229.003.000) 2025-04-13 14:37:45 Image size of job updated: 6420
	6420  -  MemoryUsage of job (MB)
	6575000  -  ResidentSetSize of job (KB)
...
006 (52812229.004.000) 2025-04-13 14:38:31 Image size of job updated: 6657
	6657  -  MemoryUsage of job (MB)
	6817016  -  ResidentSetSize of job (KB)
...
006 (52812229.003.000) 2025-04-13 14:38:46 Image size of job updated: 6452
	6452  -  MemoryUsage of job (MB)
	6607112  -  ResidentSetSize of job (KB)
...
006 (52812229.004.000) 2025-04-13 14:39:32 Image size of job updated: 6684
	6684  -  MemoryUsage of job (MB)
	6845412  -  ResidentSetSize of job (KB)
...
006 (52812229.003.000) 2025-04-13 14:39:46 Image size of job updated: 6482
	6482  -  MemoryUsage of job (MB)
	6637692  -  ResidentSetSize of job (KB)
...
006 (52812229.004.000) 2025-04-13 14:40:33 Image size of job updated: 6712
	6712  -  MemoryUsage of job (MB)
	6873572  -  ResidentSetSize of job (KB)
...
006 (52812229.003.000) 2025-04-13 14:40:47 Image size of job updated: 6537
	6537  -  MemoryUsage of job (MB)
	6694520  -  ResidentSetSize of job (KB)
...
006 (52812229.004.000) 2025-04-13 14:41:33 Image size of job updated: 6740
	6740  -  MemoryUsage of job (MB)
	6901932  -  ResidentSetSize of job (KB)
...
006 (52812229.003.000) 2025-04-13 14:41:47 Image size of job updated: 6565
	6565  -  MemoryUsage of job (MB)
	6723448  -  ResidentSetSize of job (KB)
...
006 (52812229.004.000) 2025-04-13 14:42:33 Image size of job updated: 6786
	6786  -  MemoryUsage of job (MB)
	6949584  -  ResidentSetSize of job (KB)
...
006 (52812229.003.000) 2025-04-13 14:42:47 Image size of job updated: 6594
	6594  -  MemoryUsage of job (MB)
	6752872  -  ResidentSetSize of job (KB)
...
006 (52812229.004.000) 2025-04-13 14:43:34 Image size of job updated: 6786
	6786  -  MemoryUsage of job (MB)
	6949628  -  ResidentSetSize of job (KB)
...
006 (52812229.003.000) 2025-04-13 14:43:48 Image size of job updated: 6616
	6616  -  MemoryUsage of job (MB)
	6775284  -  ResidentSetSize of job (KB)
...
006 (52812229.004.000) 2025-04-13 14:44:35 Image size of job updated: 6814
	6814  -  MemoryUsage of job (MB)
	6977808  -  ResidentSetSize of job (KB)
...
006 (52812229.003.000) 2025-04-13 14:44:49 Image size of job updated: 6643
	6643  -  MemoryUsage of job (MB)
	6802808  -  ResidentSetSize of job (KB)
...
006 (52812229.004.000) 2025-04-13 14:45:36 Image size of job updated: 6836
	6836  -  MemoryUsage of job (MB)
	7000580  -  ResidentSetSize of job (KB)
...
006 (52812229.003.000) 2025-04-13 14:45:49 Image size of job updated: 6674
	6674  -  MemoryUsage of job (MB)
	6835012  -  ResidentSetSize of job (KB)
...
006 (52812229.004.000) 2025-04-13 14:46:36 Image size of job updated: 6864
	6864  -  MemoryUsage of job (MB)
	7029096  -  ResidentSetSize of job (KB)
...
006 (52812229.003.000) 2025-04-13 14:46:49 Image size of job updated: 6728
	6728  -  MemoryUsage of job (MB)
	6889812  -  ResidentSetSize of job (KB)
...
006 (52812229.004.000) 2025-04-13 14:47:36 Image size of job updated: 6891
	6891  -  MemoryUsage of job (MB)
	7057088  -  ResidentSetSize of job (KB)
...
006 (52812229.003.000) 2025-04-13 14:47:49 Image size of job updated: 6755
	6755  -  MemoryUsage of job (MB)
	6917432  -  ResidentSetSize of job (KB)
...
006 (52812229.004.000) 2025-04-13 14:48:36 Image size of job updated: 6919
	6919  -  MemoryUsage of job (MB)
	7085408  -  ResidentSetSize of job (KB)
...
006 (52812229.003.000) 2025-04-13 14:48:50 Image size of job updated: 6782
	6782  -  MemoryUsage of job (MB)
	6945292  -  ResidentSetSize of job (KB)
...
006 (52812229.004.000) 2025-04-13 14:49:37 Image size of job updated: 6947
	6947  -  MemoryUsage of job (MB)
	7113760  -  ResidentSetSize of job (KB)
...
006 (52812229.003.000) 2025-04-13 14:49:51 Image size of job updated: 6809
	6809  -  MemoryUsage of job (MB)
	6972620  -  ResidentSetSize of job (KB)
...
006 (52812229.004.000) 2025-04-13 14:50:38 Image size of job updated: 6974
	6974  -  MemoryUsage of job (MB)
	7141616  -  ResidentSetSize of job (KB)
...
006 (52812229.003.000) 2025-04-13 14:50:52 Image size of job updated: 6836
	6836  -  MemoryUsage of job (MB)
	7000084  -  ResidentSetSize of job (KB)
...
006 (52812229.004.000) 2025-04-13 14:51:39 Image size of job updated: 6974
	6974  -  MemoryUsage of job (MB)
	7141700  -  ResidentSetSize of job (KB)
...
006 (52812229.003.000) 2025-04-13 14:51:52 Image size of job updated: 6863
	6863  -  MemoryUsage of job (MB)
	7028340  -  ResidentSetSize of job (KB)
...
006 (52812229.004.000) 2025-04-13 14:52:39 Image size of job updated: 7001
	7001  -  MemoryUsage of job (MB)
	7169616  -  ResidentSetSize of job (KB)
...
006 (52812229.003.000) 2025-04-13 14:52:52 Image size of job updated: 6891
	6891  -  MemoryUsage of job (MB)
	7056536  -  ResidentSetSize of job (KB)
...
006 (52812229.004.000) 2025-04-13 14:53:39 Image size of job updated: 7028
	7028  -  MemoryUsage of job (MB)
	7197652  -  ResidentSetSize of job (KB)
...
006 (52812229.003.000) 2025-04-13 14:53:52 Image size of job updated: 6918
	6918  -  MemoryUsage of job (MB)
	7084164  -  ResidentSetSize of job (KB)
...
006 (52812229.004.000) 2025-04-13 14:54:39 Image size of job updated: 7056
	7056  -  MemoryUsage of job (MB)
	7226280  -  ResidentSetSize of job (KB)
...
006 (52812229.003.000) 2025-04-13 14:54:53 Image size of job updated: 6971
	6971  -  MemoryUsage of job (MB)
	7138880  -  ResidentSetSize of job (KB)
...
006 (52812229.004.000) 2025-04-13 14:55:40 Image size of job updated: 7084
	7084  -  MemoryUsage of job (MB)
	7254432  -  ResidentSetSize of job (KB)
...
006 (52812229.003.000) 2025-04-13 14:55:54 Image size of job updated: 6999
	6999  -  MemoryUsage of job (MB)
	7167004  -  ResidentSetSize of job (KB)
...
006 (52812229.004.000) 2025-04-13 14:56:41 Image size of job updated: 7112
	7112  -  MemoryUsage of job (MB)
	7282736  -  ResidentSetSize of job (KB)
...
006 (52812229.003.000) 2025-04-13 14:56:55 Image size of job updated: 7026
	7026  -  MemoryUsage of job (MB)
	7195164  -  ResidentSetSize of job (KB)
...
006 (52812229.004.000) 2025-04-13 14:57:41 Image size of job updated: 7142
	7142  -  MemoryUsage of job (MB)
	7313860  -  ResidentSetSize of job (KB)
...
006 (52812229.003.000) 2025-04-13 14:57:55 Image size of job updated: 7054
	7054  -  MemoryUsage of job (MB)
	7223416  -  ResidentSetSize of job (KB)
...
006 (52812229.004.000) 2025-04-13 14:58:41 Image size of job updated: 7143
	7143  -  MemoryUsage of job (MB)
	7315088  -  ResidentSetSize of job (KB)
...
006 (52812229.003.000) 2025-04-13 14:58:55 Image size of job updated: 7081
	7081  -  MemoryUsage of job (MB)
	7251324  -  ResidentSetSize of job (KB)
...
006 (52812229.004.000) 2025-04-13 14:59:41 Image size of job updated: 7169
	7169  -  MemoryUsage of job (MB)
	7341856  -  ResidentSetSize of job (KB)
...
006 (52812229.003.000) 2025-04-13 14:59:55 Image size of job updated: 7120
	7120  -  MemoryUsage of job (MB)
	7291896  -  ResidentSetSize of job (KB)
...
006 (52812229.004.000) 2025-04-13 15:00:42 Image size of job updated: 7197
	7197  -  MemoryUsage of job (MB)
	7370156  -  ResidentSetSize of job (KB)
...
006 (52812229.003.000) 2025-04-13 15:00:56 Image size of job updated: 7163
	7163  -  MemoryUsage of job (MB)
	7335196  -  ResidentSetSize of job (KB)
...
006 (52812229.004.000) 2025-04-13 15:01:43 Image size of job updated: 7224
	7224  -  MemoryUsage of job (MB)
	7398396  -  ResidentSetSize of job (KB)
...
006 (52812229.003.000) 2025-04-13 15:01:57 Image size of job updated: 7190
	7190  -  MemoryUsage of job (MB)
	7362960  -  ResidentSetSize of job (KB)
...
006 (52812229.004.000) 2025-04-13 15:02:43 Image size of job updated: 7252
	7252  -  MemoryUsage of job (MB)
	7427032  -  ResidentSetSize of job (KB)
...
006 (52812229.003.000) 2025-04-13 15:02:58 Image size of job updated: 7218
	7218  -  MemoryUsage of job (MB)
	7391508  -  ResidentSetSize of job (KB)
...
006 (52812229.004.000) 2025-04-13 15:03:43 Image size of job updated: 7280
	7280  -  MemoryUsage of job (MB)
	7455476  -  ResidentSetSize of job (KB)
...
006 (52812229.003.000) 2025-04-13 15:03:58 Image size of job updated: 7245
	7245  -  MemoryUsage of job (MB)
	7419652  -  ResidentSetSize of job (KB)
...
006 (52812229.004.000) 2025-04-13 15:04:43 Image size of job updated: 7308
	7308  -  MemoryUsage of job (MB)
	7483532  -  ResidentSetSize of job (KB)
...
006 (52812229.003.000) 2025-04-13 15:04:58 Image size of job updated: 7273
	7273  -  MemoryUsage of job (MB)
	7447640  -  ResidentSetSize of job (KB)
...
006 (52812229.004.000) 2025-04-13 15:05:44 Image size of job updated: 7335
	7335  -  MemoryUsage of job (MB)
	7511676  -  ResidentSetSize of job (KB)
...
006 (52812229.003.000) 2025-04-13 15:05:58 Image size of job updated: 7326
	7326  -  MemoryUsage of job (MB)
	7502772  -  ResidentSetSize of job (KB)
...
006 (52812229.004.000) 2025-04-13 15:06:45 Image size of job updated: 7363
	7363  -  MemoryUsage of job (MB)
	7540240  -  ResidentSetSize of job (KB)
...
006 (52812229.003.000) 2025-04-13 15:06:59 Image size of job updated: 7354
	7354  -  MemoryUsage of job (MB)
	7530920  -  ResidentSetSize of job (KB)
...
006 (52812229.003.000) 2025-04-13 15:08:00 Image size of job updated: 7381
	7381  -  MemoryUsage of job (MB)
	7558680  -  ResidentSetSize of job (KB)
...
006 (52812229.004.000) 2025-04-13 15:08:46 Image size of job updated: 7377
	7377  -  MemoryUsage of job (MB)
	7554592  -  ResidentSetSize of job (KB)
...
006 (52812229.003.000) 2025-04-13 15:09:01 Image size of job updated: 7408
	7408  -  MemoryUsage of job (MB)
	7586748  -  ResidentSetSize of job (KB)
...
006 (52812229.004.000) 2025-04-13 15:09:46 Image size of job updated: 7405
	7405  -  MemoryUsage of job (MB)
	7583588  -  ResidentSetSize of job (KB)
...
006 (52812229.003.000) 2025-04-13 15:10:01 Image size of job updated: 7462
	7462  -  MemoryUsage of job (MB)
	7641496  -  ResidentSetSize of job (KB)
...
006 (52812229.004.000) 2025-04-13 15:10:46 Image size of job updated: 7433
	7433  -  MemoryUsage of job (MB)
	7611956  -  ResidentSetSize of job (KB)
...
006 (52812229.003.000) 2025-04-13 15:11:01 Image size of job updated: 7489
	7489  -  MemoryUsage of job (MB)
	7669128  -  ResidentSetSize of job (KB)
...
006 (52812229.000.000) 2025-04-13 15:11:43 Image size of job updated: 5003
	5003  -  MemoryUsage of job (MB)
	5123096  -  ResidentSetSize of job (KB)
...
006 (52812229.004.000) 2025-04-13 15:11:47 Image size of job updated: 7461
	7461  -  MemoryUsage of job (MB)
	7640152  -  ResidentSetSize of job (KB)
...
006 (52812229.003.000) 2025-04-13 15:12:01 Image size of job updated: 7516
	7516  -  MemoryUsage of job (MB)
	7697384  -  ResidentSetSize of job (KB)
...
006 (52812229.000.000) 2025-04-13 15:12:44 Image size of job updated: 5035
	5035  -  MemoryUsage of job (MB)
	5155972  -  ResidentSetSize of job (KB)
...
006 (52812229.004.000) 2025-04-13 15:12:48 Image size of job updated: 7472
	7472  -  MemoryUsage of job (MB)
	7652044  -  ResidentSetSize of job (KB)
...
006 (52812229.003.000) 2025-04-13 15:13:02 Image size of job updated: 7544
	7544  -  MemoryUsage of job (MB)
	7725388  -  ResidentSetSize of job (KB)
...
006 (52812229.000.000) 2025-04-13 15:13:44 Image size of job updated: 5067
	5067  -  MemoryUsage of job (MB)
	5188856  -  ResidentSetSize of job (KB)
...
006 (52812229.004.000) 2025-04-13 15:13:48 Image size of job updated: 7489
	7489  -  MemoryUsage of job (MB)
	7669020  -  ResidentSetSize of job (KB)
...
006 (52812229.003.000) 2025-04-13 15:14:03 Image size of job updated: 7598
	7598  -  MemoryUsage of job (MB)
	7780632  -  ResidentSetSize of job (KB)
...
006 (52812229.000.000) 2025-04-13 15:14:45 Image size of job updated: 5099
	5099  -  MemoryUsage of job (MB)
	5221636  -  ResidentSetSize of job (KB)
...
006 (52812229.004.000) 2025-04-13 15:14:48 Image size of job updated: 7516
	7516  -  MemoryUsage of job (MB)
	7697172  -  ResidentSetSize of job (KB)
...
006 (52812229.003.000) 2025-04-13 15:15:04 Image size of job updated: 7626
	7626  -  MemoryUsage of job (MB)
	7809636  -  ResidentSetSize of job (KB)
...
006 (52812229.000.000) 2025-04-13 15:15:46 Image size of job updated: 5131
	5131  -  MemoryUsage of job (MB)
	5254540  -  ResidentSetSize of job (KB)
...
006 (52812229.004.000) 2025-04-13 15:15:48 Image size of job updated: 7543
	7543  -  MemoryUsage of job (MB)
	7725052  -  ResidentSetSize of job (KB)
...
006 (52812229.003.000) 2025-04-13 15:16:04 Image size of job updated: 7654
	7654  -  MemoryUsage of job (MB)
	7838620  -  ResidentSetSize of job (KB)
...
006 (52812229.000.000) 2025-04-13 15:16:47 Image size of job updated: 5133
	5133  -  MemoryUsage of job (MB)
	5256288  -  ResidentSetSize of job (KB)
...
006 (52812229.004.000) 2025-04-13 15:16:49 Image size of job updated: 7571
	7571  -  MemoryUsage of job (MB)
	7753344  -  ResidentSetSize of job (KB)
...
006 (52812229.003.000) 2025-04-13 15:17:04 Image size of job updated: 7682
	7682  -  MemoryUsage of job (MB)
	7866444  -  ResidentSetSize of job (KB)
...
006 (52812229.000.000) 2025-04-13 15:17:47 Image size of job updated: 5164
	5164  -  MemoryUsage of job (MB)
	5288364  -  ResidentSetSize of job (KB)
...
006 (52812229.004.000) 2025-04-13 15:17:50 Image size of job updated: 7599
	7599  -  MemoryUsage of job (MB)
	7781456  -  ResidentSetSize of job (KB)
...
006 (52812229.003.000) 2025-04-13 15:18:04 Image size of job updated: 7709
	7709  -  MemoryUsage of job (MB)
	7894780  -  ResidentSetSize of job (KB)
...
006 (52812229.000.000) 2025-04-13 15:18:47 Image size of job updated: 5195
	5195  -  MemoryUsage of job (MB)
	5320572  -  ResidentSetSize of job (KB)
...
006 (52812229.004.000) 2025-04-13 15:18:51 Image size of job updated: 7600
	7600  -  MemoryUsage of job (MB)
	7782664  -  ResidentSetSize of job (KB)
...
006 (52812229.003.000) 2025-04-13 15:19:04 Image size of job updated: 7738
	7738  -  MemoryUsage of job (MB)
	7923992  -  ResidentSetSize of job (KB)
...
006 (52812229.000.000) 2025-04-13 15:19:47 Image size of job updated: 5228
	5228  -  MemoryUsage of job (MB)
	5353568  -  ResidentSetSize of job (KB)
...
006 (52812229.004.000) 2025-04-13 15:19:51 Image size of job updated: 7625
	7625  -  MemoryUsage of job (MB)
	7808328  -  ResidentSetSize of job (KB)
...
006 (52812229.003.000) 2025-04-13 15:20:05 Image size of job updated: 7793
	7793  -  MemoryUsage of job (MB)
	7980140  -  ResidentSetSize of job (KB)
...
006 (52812229.000.000) 2025-04-13 15:20:47 Image size of job updated: 5260
	5260  -  MemoryUsage of job (MB)
	5386420  -  ResidentSetSize of job (KB)
...
006 (52812229.004.000) 2025-04-13 15:20:51 Image size of job updated: 7625
	7625  -  MemoryUsage of job (MB)
	7808624  -  ResidentSetSize of job (KB)
...
006 (52812229.003.000) 2025-04-13 15:21:06 Image size of job updated: 7820
	7820  -  MemoryUsage of job (MB)
	8008144  -  ResidentSetSize of job (KB)
...
006 (52812229.000.000) 2025-04-13 15:21:47 Image size of job updated: 5292
	5292  -  MemoryUsage of job (MB)
	5419348  -  ResidentSetSize of job (KB)
...
006 (52812229.004.000) 2025-04-13 15:21:51 Image size of job updated: 7637
	7637  -  MemoryUsage of job (MB)
	7821192  -  ResidentSetSize of job (KB)
...
006 (52812229.003.000) 2025-04-13 15:22:06 Image size of job updated: 7847
	7847  -  MemoryUsage of job (MB)
	8036300  -  ResidentSetSize of job (KB)
...
006 (52812229.000.000) 2025-04-13 15:22:48 Image size of job updated: 5324
	5324  -  MemoryUsage of job (MB)
	5452316  -  ResidentSetSize of job (KB)
...
006 (52812229.004.000) 2025-04-13 15:22:52 Image size of job updated: 7665
	7665  -  MemoryUsage of job (MB)
	7849836  -  ResidentSetSize of job (KB)
...
006 (52812229.003.000) 2025-04-13 15:23:06 Image size of job updated: 7896
	7896  -  MemoryUsage of job (MB)
	8085824  -  ResidentSetSize of job (KB)
...
006 (52812229.000.000) 2025-04-13 15:23:49 Image size of job updated: 5334
	5334  -  MemoryUsage of job (MB)
	5462188  -  ResidentSetSize of job (KB)
...
006 (52812229.004.000) 2025-04-13 15:23:53 Image size of job updated: 7693
	7693  -  MemoryUsage of job (MB)
	7878080  -  ResidentSetSize of job (KB)
...
006 (52812229.003.000) 2025-04-13 15:24:07 Image size of job updated: 7923
	7923  -  MemoryUsage of job (MB)
	8113956  -  ResidentSetSize of job (KB)
...
006 (52812229.000.000) 2025-04-13 15:24:49 Image size of job updated: 5358
	5358  -  MemoryUsage of job (MB)
	5486612  -  ResidentSetSize of job (KB)
...
006 (52812229.004.000) 2025-04-13 15:24:54 Image size of job updated: 7721
	7721  -  MemoryUsage of job (MB)
	7906496  -  ResidentSetSize of job (KB)
...
006 (52812229.003.000) 2025-04-13 15:25:08 Image size of job updated: 7923
	7923  -  MemoryUsage of job (MB)
	8114164  -  ResidentSetSize of job (KB)
...
006 (52812229.000.000) 2025-04-13 15:25:49 Image size of job updated: 5390
	5390  -  MemoryUsage of job (MB)
	5519540  -  ResidentSetSize of job (KB)
...
006 (52812229.004.000) 2025-04-13 15:25:54 Image size of job updated: 7748
	7748  -  MemoryUsage of job (MB)
	7934392  -  ResidentSetSize of job (KB)
...
006 (52812229.003.000) 2025-04-13 15:26:08 Image size of job updated: 7952
	7952  -  MemoryUsage of job (MB)
	8142960  -  ResidentSetSize of job (KB)
...
006 (52812229.000.000) 2025-04-13 15:26:50 Image size of job updated: 5421
	5421  -  MemoryUsage of job (MB)
	5551436  -  ResidentSetSize of job (KB)
...
006 (52812229.004.000) 2025-04-13 15:26:54 Image size of job updated: 7775
	7775  -  MemoryUsage of job (MB)
	7962440  -  ResidentSetSize of job (KB)
...
006 (52812229.003.000) 2025-04-13 15:27:08 Image size of job updated: 7980
	7980  -  MemoryUsage of job (MB)
	8171900  -  ResidentSetSize of job (KB)
...
006 (52812229.000.000) 2025-04-13 15:27:51 Image size of job updated: 5452
	5452  -  MemoryUsage of job (MB)
	5583836  -  ResidentSetSize of job (KB)
...
006 (52812229.004.000) 2025-04-13 15:27:54 Image size of job updated: 7803
	7803  -  MemoryUsage of job (MB)
	7990892  -  ResidentSetSize of job (KB)
...
006 (52812229.003.000) 2025-04-13 15:28:09 Image size of job updated: 8008
	8008  -  MemoryUsage of job (MB)
	8200536  -  ResidentSetSize of job (KB)
...
006 (52812229.000.000) 2025-04-13 15:28:52 Image size of job updated: 5485
	5485  -  MemoryUsage of job (MB)
	5616772  -  ResidentSetSize of job (KB)
...
006 (52812229.004.000) 2025-04-13 15:28:55 Image size of job updated: 7831
	7831  -  MemoryUsage of job (MB)
	8019436  -  ResidentSetSize of job (KB)
...
006 (52812229.003.000) 2025-04-13 15:29:10 Image size of job updated: 8026
	8026  -  MemoryUsage of job (MB)
	8219256  -  ResidentSetSize of job (KB)
...
006 (52812229.000.000) 2025-04-13 15:29:52 Image size of job updated: 6598
	6598  -  MemoryUsage of job (MB)
	6756904  -  ResidentSetSize of job (KB)
...
006 (52812229.004.000) 2025-04-13 15:29:56 Image size of job updated: 7859
	7859  -  MemoryUsage of job (MB)
	8047792  -  ResidentSetSize of job (KB)
...
006 (52812229.003.000) 2025-04-13 15:30:11 Image size of job updated: 8036
	8036  -  MemoryUsage of job (MB)
	8229024  -  ResidentSetSize of job (KB)
...
040 (52812229.000.000) 2025-04-13 15:30:11 Finished transferring output files
...
005 (52812229.000.000) 2025-04-13 15:30:11 Job terminated.
	(1) Normal termination (return value 0)
		Usr 0 03:42:52, Sys 0 00:04:16  -  Run Remote Usage
		Usr 0 00:00:00, Sys 0 00:00:00  -  Run Local Usage
		Usr 0 03:42:52, Sys 0 00:04:16  -  Total Remote Usage
		Usr 0 00:00:00, Sys 0 00:00:00  -  Total Local Usage
	0  -  Run Bytes Sent By Job
	744466048  -  Run Bytes Received By Job
	0  -  Total Bytes Sent By Job
	744466048  -  Total Bytes Received By Job
	Partitionable Resources :      Usage  Request Allocated 
	   Cpus                 :       0.00        1         1 
	   Disk (KB)            : 7213206    52428800  52432084 
	   GPUs                 :                             0 
	   Memory (MB)          :    6598        8192      8192 
	   TimeExecute (s)      :   15454                       
	   TimeSlotBusy (s)     :   15465                       

	Job terminated of its own accord at 2025-04-13T20:30:11Z with exit-code 0.
...
006 (52812229.004.000) 2025-04-13 15:30:57 Image size of job updated: 7859
	7859  -  MemoryUsage of job (MB)
	8047964  -  ResidentSetSize of job (KB)
...
006 (52812229.003.000) 2025-04-13 15:31:11 Image size of job updated: 8063
	8063  -  MemoryUsage of job (MB)
	8256720  -  ResidentSetSize of job (KB)
...
006 (52812229.004.000) 2025-04-13 15:31:57 Image size of job updated: 7886
	7886  -  MemoryUsage of job (MB)
	8076192  -  ResidentSetSize of job (KB)
...
006 (52812229.003.000) 2025-04-13 15:32:12 Image size of job updated: 8090
	8090  -  MemoryUsage of job (MB)
	8284312  -  ResidentSetSize of job (KB)
...
006 (52812229.004.000) 2025-04-13 15:32:57 Image size of job updated: 7914
	7914  -  MemoryUsage of job (MB)
	8104132  -  ResidentSetSize of job (KB)
...
006 (52812229.003.000) 2025-04-13 15:33:12 Image size of job updated: 8090
	8090  -  MemoryUsage of job (MB)
	8284704  -  ResidentSetSize of job (KB)
...
006 (52812229.004.000) 2025-04-13 15:33:58 Image size of job updated: 7936
	7936  -  MemoryUsage of job (MB)
	8127420  -  ResidentSetSize of job (KB)
...
006 (52812229.003.000) 2025-04-13 15:34:12 Image size of job updated: 8118
	8118  -  MemoryUsage of job (MB)
	8313304  -  ResidentSetSize of job (KB)
...
006 (52812229.004.000) 2025-04-13 15:34:59 Image size of job updated: 7961
	7961  -  MemoryUsage of job (MB)
	8153044  -  ResidentSetSize of job (KB)
...
006 (52812229.003.000) 2025-04-13 15:35:13 Image size of job updated: 8145
	8145  -  MemoryUsage of job (MB)
	8341332  -  ResidentSetSize of job (KB)
...
006 (52812229.004.000) 2025-04-13 15:35:59 Image size of job updated: 7987
	7987  -  MemoryUsage of job (MB)
	8178944  -  ResidentSetSize of job (KB)
...
006 (52812229.003.000) 2025-04-13 15:36:14 Image size of job updated: 8145
	8145  -  MemoryUsage of job (MB)
	8341340  -  ResidentSetSize of job (KB)
...
006 (52812229.004.000) 2025-04-13 15:36:59 Image size of job updated: 8014
	8014  -  MemoryUsage of job (MB)
	8206424  -  ResidentSetSize of job (KB)
...
006 (52812229.003.000) 2025-04-13 15:37:14 Image size of job updated: 8173
	8173  -  MemoryUsage of job (MB)
	8370080  -  ResidentSetSize of job (KB)
...
006 (52812229.003.000) 2025-04-13 15:38:15 Image size of job updated: 8191
	8191  -  MemoryUsage of job (MB)
	8387932  -  ResidentSetSize of job (KB)
...
006 (52812229.004.000) 2025-04-13 15:40:01 Image size of job updated: 8031
	8031  -  MemoryUsage of job (MB)
	8224424  -  ResidentSetSize of job (KB)
...
006 (52812229.004.000) 2025-04-13 15:41:02 Image size of job updated: 8059
	8059  -  MemoryUsage of job (MB)
	8253048  -  ResidentSetSize of job (KB)
...
006 (52812229.004.000) 2025-04-13 15:42:02 Image size of job updated: 8079
	8079  -  MemoryUsage of job (MB)
	8273804  -  ResidentSetSize of job (KB)
...
006 (52812229.003.000) 2025-04-13 15:42:17 Image size of job updated: 8192
	8192  -  MemoryUsage of job (MB)
	8388628  -  ResidentSetSize of job (KB)
...
006 (52812229.004.000) 2025-04-13 15:43:02 Image size of job updated: 8106
	8106  -  MemoryUsage of job (MB)
	8301316  -  ResidentSetSize of job (KB)
...
006 (52812229.004.000) 2025-04-13 15:44:03 Image size of job updated: 8107
	8107  -  MemoryUsage of job (MB)
	8301576  -  ResidentSetSize of job (KB)
...
006 (52812229.004.000) 2025-04-13 15:45:04 Image size of job updated: 8123
	8123  -  MemoryUsage of job (MB)
	8318260  -  ResidentSetSize of job (KB)
...
006 (52812229.004.000) 2025-04-13 15:46:04 Image size of job updated: 8142
	8142  -  MemoryUsage of job (MB)
	8337744  -  ResidentSetSize of job (KB)
...
006 (52812229.004.000) 2025-04-13 15:47:04 Image size of job updated: 8166
	8166  -  MemoryUsage of job (MB)
	8362856  -  ResidentSetSize of job (KB)
...
006 (52812229.003.000) 2025-04-13 15:49:20 Image size of job updated: 8192
	8192  -  MemoryUsage of job (MB)
	8388788  -  ResidentSetSize of job (KB)
...
006 (52812229.004.000) 2025-04-13 15:50:07 Image size of job updated: 8190
	8190  -  MemoryUsage of job (MB)
	8386824  -  ResidentSetSize of job (KB)
...
006 (52812229.003.000) 2025-04-13 15:50:20 Image size of job updated: 8192
	8192  -  MemoryUsage of job (MB)
	8388792  -  ResidentSetSize of job (KB)
...
006 (52812229.004.000) 2025-04-13 15:51:07 Image size of job updated: 8191
	8191  -  MemoryUsage of job (MB)
	8388332  -  ResidentSetSize of job (KB)
...
006 (52812229.004.000) 2025-04-13 15:52:07 Image size of job updated: 8191
	8191  -  MemoryUsage of job (MB)
	8388488  -  ResidentSetSize of job (KB)
...
006 (52812229.004.000) 2025-04-13 15:53:08 Image size of job updated: 8191
	8191  -  MemoryUsage of job (MB)
	8388600  -  ResidentSetSize of job (KB)
...
006 (52812229.004.000) 2025-04-13 15:55:09 Image size of job updated: 8192
	8192  -  MemoryUsage of job (MB)
	8388740  -  ResidentSetSize of job (KB)
...
006 (52812229.004.000) 2025-04-13 16:47:40 Image size of job updated: 8192
	8192  -  MemoryUsage of job (MB)
	8388768  -  ResidentSetSize of job (KB)
...
040 (52812229.004.000) 2025-04-13 17:18:26 Started transferring output files
...
040 (52812229.004.000) 2025-04-13 17:18:26 Finished transferring output files
...
004 (52812229.004.000) 2025-04-13 17:18:27 Job was evicted.
	(0) CPU times
		Usr 0 05:11:05, Sys 0 00:05:00  -  Run Remote Usage
		Usr 0 00:00:00, Sys 0 00:00:00  -  Run Local Usage
	22461  -  Run Bytes Sent By Job
	744467328  -  Run Bytes Received By Job
	Partitionable Resources :       Usage  Request Allocated 
	   Cpus                 :        0.08        1         1 
	   Disk (KB)            : 10762979    52428800  52430472 
	   GPUs                 :                              0 
	   Memory (MB)          :     8192        8192      8192 
	   TimeExecute (s)      :    21946                       
	   TimeSlotBusy (s)     :    21960                       
...
040 (52812229.003.000) 2025-04-13 17:18:27 Started transferring output files
...
009 (52812229.004.000) 2025-04-13 17:18:27 Job was aborted.
	via condor_rm (by user msahoo)
...
040 (52812229.003.000) 2025-04-13 17:18:28 Finished transferring output files
...
004 (52812229.003.000) 2025-04-13 17:18:29 Job was evicted.
	(0) CPU times
		Usr 0 05:16:11, Sys 0 00:04:38  -  Run Remote Usage
		Usr 0 00:00:00, Sys 0 00:00:00  -  Run Local Usage
	22459  -  Run Bytes Sent By Job
	744467776  -  Run Bytes Received By Job
	Partitionable Resources :       Usage  Request Allocated 
	   Cpus                 :        0.00        1         1 
	   Disk (KB)            : 10152880    52428800  52430455 
	   GPUs                 :                              0 
	   Memory (MB)          :     8192        8192      8192 
	   TimeExecute (s)      :    21942                       
	   TimeSlotBusy (s)     :    21962                       
...
009 (52812229.003.000) 2025-04-13 17:18:29 Job was aborted.
	via condor_rm (by user msahoo)
...
