000 (52851340.000.000) 2025-04-22 15:44:54 Job submitted from host: <131.225.204.62:9618?addrs=131.225.204.62-9618+[2620-6a-0-8420-f0-0-204-62]-9618&alias=lpcschedd5.fnal.gov&noUDP&sock=schedd_2236_49da>
...
000 (52851340.001.000) 2025-04-22 15:44:54 Job submitted from host: <131.225.204.62:9618?addrs=131.225.204.62-9618+[2620-6a-0-8420-f0-0-204-62]-9618&alias=lpcschedd5.fnal.gov&noUDP&sock=schedd_2236_49da>
...
000 (52851340.002.000) 2025-04-22 15:44:54 Job submitted from host: <131.225.204.62:9618?addrs=131.225.204.62-9618+[2620-6a-0-8420-f0-0-204-62]-9618&alias=lpcschedd5.fnal.gov&noUDP&sock=schedd_2236_49da>
...
000 (52851340.003.000) 2025-04-22 15:44:54 Job submitted from host: <131.225.204.62:9618?addrs=131.225.204.62-9618+[2620-6a-0-8420-f0-0-204-62]-9618&alias=lpcschedd5.fnal.gov&noUDP&sock=schedd_2236_49da>
...
000 (52851340.004.000) 2025-04-22 15:44:54 Job submitted from host: <131.225.204.62:9618?addrs=131.225.204.62-9618+[2620-6a-0-8420-f0-0-204-62]-9618&alias=lpcschedd5.fnal.gov&noUDP&sock=schedd_2236_49da>
...
040 (52851340.000.000) 2025-04-22 15:45:14 Started transferring input files
	Transferring to host: <131.225.189.172:9618?addrs=[2620-6a-0-8421-f0-0-189-172]-9618+131.225.189.172-9618&alias=cmswn2122.fnal.gov&noUDP&sock=slot1_11_2929069_d61f_27277>
...
040 (52851340.001.000) 2025-04-22 15:45:14 Started transferring input files
	Transferring to host: <131.225.189.158:9618?addrs=[2620-6a-0-8421-f0-0-189-158]-9618+131.225.189.158-9618&alias=cmswn2114.fnal.gov&noUDP&sock=slot1_9_2389_043a_902>
...
040 (52851340.004.000) 2025-04-22 15:45:14 Started transferring input files
	Transferring to host: <131.225.189.201:9618?addrs=[2620-6a-0-8421-f0-0-189-201]-9618+131.225.189.201-9618&alias=cmswn2139.fnal.gov&noUDP&sock=slot1_9_2447_e1fd_31207>
...
040 (52851340.003.000) 2025-04-22 15:45:14 Started transferring input files
	Transferring to host: <131.225.189.51:9618?addrs=[2620-6a-0-8421-f0-0-189-51]-9618+131.225.189.51-9618&alias=cmswn2097.fnal.gov&noUDP&sock=slot1_9_2610_bb23_34690>
...
040 (52851340.002.000) 2025-04-22 15:45:14 Started transferring input files
	Transferring to host: <131.225.189.197:9618?addrs=[2620-6a-0-8421-f0-0-189-197]-9618+131.225.189.197-9618&alias=cmswn2138.fnal.gov&noUDP&sock=slot1_6_2300_4ed7_33559>
...
040 (52851340.000.000) 2025-04-22 15:45:29 Finished transferring input files
...
040 (52851340.002.000) 2025-04-22 15:45:29 Finished transferring input files
...
040 (52851340.004.000) 2025-04-22 15:45:29 Finished transferring input files
...
040 (52851340.001.000) 2025-04-22 15:45:29 Finished transferring input files
...
001 (52851340.000.000) 2025-04-22 15:45:30 Job executing on host: <131.225.189.172:9618?addrs=[2620-6a-0-8421-f0-0-189-172]-9618+131.225.189.172-9618&alias=cmswn2122.fnal.gov&noUDP&sock=startd_2342_fee4>
	SlotName: slot1_11@cmswn2122.fnal.gov
	CondorScratchDir = "/storage/local/data1/condor/execute/dir_3524136"
	Cpus = 1
	Disk = 52432098
	GPUs = 0
	Memory = 8192
...
001 (52851340.002.000) 2025-04-22 15:45:30 Job executing on host: <131.225.189.197:9618?addrs=[2620-6a-0-8421-f0-0-189-197]-9618+131.225.189.197-9618&alias=cmswn2138.fnal.gov&noUDP&sock=startd_2250_e42e>
	SlotName: slot1_6@cmswn2138.fnal.gov
	CondorScratchDir = "/storage/local/data1/condor/execute/dir_1345697"
	Cpus = 1
	Disk = 52432302
	GPUs = 0
	Memory = 8192
...
040 (52851340.003.000) 2025-04-22 15:45:30 Finished transferring input files
...
001 (52851340.004.000) 2025-04-22 15:45:30 Job executing on host: <131.225.189.201:9618?addrs=[2620-6a-0-8421-f0-0-189-201]-9618+131.225.189.201-9618&alias=cmswn2139.fnal.gov&noUDP&sock=startd_2332_22f2>
	SlotName: slot1_9@cmswn2139.fnal.gov
	CondorScratchDir = "/storage/local/data1/condor/execute/dir_3344702"
	Cpus = 1
	Disk = 52432085
	GPUs = 0
	Memory = 8192
...
001 (52851340.001.000) 2025-04-22 15:45:30 Job executing on host: <131.225.189.158:9618?addrs=[2620-6a-0-8421-f0-0-189-158]-9618+131.225.189.158-9618&alias=cmswn2114.fnal.gov&noUDP&sock=startd_2033_0c20>
	SlotName: slot1_9@cmswn2114.fnal.gov
	CondorScratchDir = "/storage/local/data1/condor/execute/dir_1052815"
	Cpus = 1
	Disk = 52432084
	GPUs = 0
	Memory = 8192
...
001 (52851340.003.000) 2025-04-22 15:45:31 Job executing on host: <131.225.189.51:9618?addrs=[2620-6a-0-8421-f0-0-189-51]-9618+131.225.189.51-9618&alias=cmswn2097.fnal.gov&noUDP&sock=startd_2284_3666>
	SlotName: slot1_9@cmswn2097.fnal.gov
	CondorScratchDir = "/storage/local/data1/condor/execute/dir_913788"
	Cpus = 1
	Disk = 52430330
	GPUs = 0
	Memory = 8192
...
006 (52851340.002.000) 2025-04-22 15:45:38 Image size of job updated: 47
	47  -  MemoryUsage of job (MB)
	48748  -  ResidentSetSize of job (KB)
...
006 (52851340.000.000) 2025-04-22 15:45:38 Image size of job updated: 49
	49  -  MemoryUsage of job (MB)
	51100  -  ResidentSetSize of job (KB)
...
006 (52851340.001.000) 2025-04-22 15:45:39 Image size of job updated: 35
	35  -  MemoryUsage of job (MB)
	36508  -  ResidentSetSize of job (KB)
...
006 (52851340.004.000) 2025-04-22 15:45:39 Image size of job updated: 47
	47  -  MemoryUsage of job (MB)
	48840  -  ResidentSetSize of job (KB)
...
006 (52851340.002.000) 2025-04-22 15:46:38 Image size of job updated: 178
	178  -  MemoryUsage of job (MB)
	183012  -  ResidentSetSize of job (KB)
...
006 (52851340.000.000) 2025-04-22 15:46:39 Image size of job updated: 176
	176  -  MemoryUsage of job (MB)
	180988  -  ResidentSetSize of job (KB)
...
006 (52851340.003.000) 2025-04-22 15:46:39 Image size of job updated: 537
	537  -  MemoryUsage of job (MB)
	550436  -  ResidentSetSize of job (KB)
...
006 (52851340.001.000) 2025-04-22 15:46:39 Image size of job updated: 173
	173  -  MemoryUsage of job (MB)
	177812  -  ResidentSetSize of job (KB)
...
006 (52851340.004.000) 2025-04-22 15:46:40 Image size of job updated: 538
	538  -  MemoryUsage of job (MB)
	551536  -  ResidentSetSize of job (KB)
...
006 (52851340.000.000) 2025-04-22 15:47:39 Image size of job updated: 177
	177  -  MemoryUsage of job (MB)
	181484  -  ResidentSetSize of job (KB)
...
006 (52851340.001.000) 2025-04-22 15:47:40 Image size of job updated: 173
	173  -  MemoryUsage of job (MB)
	178164  -  ResidentSetSize of job (KB)
...
006 (52851340.004.000) 2025-04-22 15:47:41 Image size of job updated: 539
	539  -  MemoryUsage of job (MB)
	552760  -  ResidentSetSize of job (KB)
...
006 (52851340.003.000) 2025-04-22 15:48:40 Image size of job updated: 538
	538  -  MemoryUsage of job (MB)
	551380  -  ResidentSetSize of job (KB)
...
006 (52851340.000.000) 2025-04-22 15:49:40 Image size of job updated: 177
	177  -  MemoryUsage of job (MB)
	182100  -  ResidentSetSize of job (KB)
...
006 (52851340.003.000) 2025-04-22 15:49:40 Image size of job updated: 538
	538  -  MemoryUsage of job (MB)
	551864  -  ResidentSetSize of job (KB)
...
006 (52851340.004.000) 2025-04-22 15:49:42 Image size of job updated: 539
	539  -  MemoryUsage of job (MB)
	552944  -  ResidentSetSize of job (KB)
...
006 (52851340.000.000) 2025-04-22 15:50:41 Image size of job updated: 179
	179  -  MemoryUsage of job (MB)
	183620  -  ResidentSetSize of job (KB)
...
006 (52851340.003.000) 2025-04-22 15:50:41 Image size of job updated: 538
	538  -  MemoryUsage of job (MB)
	551884  -  ResidentSetSize of job (KB)
...
006 (52851340.004.000) 2025-04-22 15:50:43 Image size of job updated: 540
	540  -  MemoryUsage of job (MB)
	553844  -  ResidentSetSize of job (KB)
...
006 (52851340.000.000) 2025-04-22 15:51:42 Image size of job updated: 179
	179  -  MemoryUsage of job (MB)
	183892  -  ResidentSetSize of job (KB)
...
006 (52851340.003.000) 2025-04-22 15:51:42 Image size of job updated: 539
	539  -  MemoryUsage of job (MB)
	552284  -  ResidentSetSize of job (KB)
...
006 (52851340.004.000) 2025-04-22 15:51:43 Image size of job updated: 542
	542  -  MemoryUsage of job (MB)
	555020  -  ResidentSetSize of job (KB)
...
006 (52851340.000.000) 2025-04-22 15:52:42 Image size of job updated: 180
	180  -  MemoryUsage of job (MB)
	184484  -  ResidentSetSize of job (KB)
...
006 (52851340.003.000) 2025-04-22 15:52:42 Image size of job updated: 540
	540  -  MemoryUsage of job (MB)
	553652  -  ResidentSetSize of job (KB)
...
006 (52851340.004.000) 2025-04-22 15:52:44 Image size of job updated: 542
	542  -  MemoryUsage of job (MB)
	555692  -  ResidentSetSize of job (KB)
...
006 (52851340.000.000) 2025-04-22 15:53:42 Image size of job updated: 181
	181  -  MemoryUsage of job (MB)
	185492  -  ResidentSetSize of job (KB)
...
006 (52851340.003.000) 2025-04-22 15:53:42 Image size of job updated: 541
	541  -  MemoryUsage of job (MB)
	554572  -  ResidentSetSize of job (KB)
...
006 (52851340.004.000) 2025-04-22 15:53:45 Image size of job updated: 543
	543  -  MemoryUsage of job (MB)
	556760  -  ResidentSetSize of job (KB)
...
006 (52851340.003.000) 2025-04-22 15:54:43 Image size of job updated: 541
	541  -  MemoryUsage of job (MB)
	554892  -  ResidentSetSize of job (KB)
...
006 (52851340.000.000) 2025-04-22 15:54:43 Image size of job updated: 235
	235  -  MemoryUsage of job (MB)
	240644  -  ResidentSetSize of job (KB)
...
006 (52851340.004.000) 2025-04-22 15:54:45 Image size of job updated: 544
	544  -  MemoryUsage of job (MB)
	557820  -  ResidentSetSize of job (KB)
...
006 (52851340.002.000) 2025-04-22 15:55:42 Image size of job updated: 547
	547  -  MemoryUsage of job (MB)
	560972  -  ResidentSetSize of job (KB)
...
006 (52851340.003.000) 2025-04-22 15:55:44 Image size of job updated: 542
	542  -  MemoryUsage of job (MB)
	555988  -  ResidentSetSize of job (KB)
...
006 (52851340.000.000) 2025-04-22 15:55:44 Image size of job updated: 599
	599  -  MemoryUsage of job (MB)
	613500  -  ResidentSetSize of job (KB)
...
006 (52851340.004.000) 2025-04-22 15:55:46 Image size of job updated: 697
	697  -  MemoryUsage of job (MB)
	714036  -  ResidentSetSize of job (KB)
...
006 (52851340.002.000) 2025-04-22 15:56:43 Image size of job updated: 591
	591  -  MemoryUsage of job (MB)
	605420  -  ResidentSetSize of job (KB)
...
006 (52851340.003.000) 2025-04-22 15:56:44 Image size of job updated: 543
	543  -  MemoryUsage of job (MB)
	556660  -  ResidentSetSize of job (KB)
...
006 (52851340.000.000) 2025-04-22 15:56:44 Image size of job updated: 599
	599  -  MemoryUsage of job (MB)
	613980  -  ResidentSetSize of job (KB)
...
006 (52851340.004.000) 2025-04-22 15:56:47 Image size of job updated: 967
	967  -  MemoryUsage of job (MB)
	990476  -  ResidentSetSize of job (KB)
...
006 (52851340.002.000) 2025-04-22 15:57:44 Image size of job updated: 591
	591  -  MemoryUsage of job (MB)
	605452  -  ResidentSetSize of job (KB)
...
006 (52851340.003.000) 2025-04-22 15:57:44 Image size of job updated: 775
	775  -  MemoryUsage of job (MB)
	794172  -  ResidentSetSize of job (KB)
...
006 (52851340.001.000) 2025-04-22 15:57:45 Image size of job updated: 354
	354  -  MemoryUsage of job (MB)
	362536  -  ResidentSetSize of job (KB)
...
006 (52851340.001.000) 2025-04-22 15:58:45 Image size of job updated: 552
	552  -  MemoryUsage of job (MB)
	566252  -  ResidentSetSize of job (KB)
...
006 (52851340.003.000) 2025-04-22 15:58:45 Image size of job updated: 926
	926  -  MemoryUsage of job (MB)
	948600  -  ResidentSetSize of job (KB)
...
006 (52851340.004.000) 2025-04-22 15:58:48 Image size of job updated: 967
	967  -  MemoryUsage of job (MB)
	990500  -  ResidentSetSize of job (KB)
...
006 (52851340.004.000) 2025-04-22 15:59:48 Image size of job updated: 993
	993  -  MemoryUsage of job (MB)
	1017368  -  ResidentSetSize of job (KB)
...
006 (52851340.001.000) 2025-04-22 16:00:46 Image size of job updated: 553
	553  -  MemoryUsage of job (MB)
	566276  -  ResidentSetSize of job (KB)
...
006 (52851340.004.000) 2025-04-22 16:00:49 Image size of job updated: 993
	993  -  MemoryUsage of job (MB)
	1017520  -  ResidentSetSize of job (KB)
...
006 (52851340.002.000) 2025-04-22 16:01:46 Image size of job updated: 605
	605  -  MemoryUsage of job (MB)
	619616  -  ResidentSetSize of job (KB)
...
006 (52851340.000.000) 2025-04-22 16:01:47 Image size of job updated: 611
	611  -  MemoryUsage of job (MB)
	626076  -  ResidentSetSize of job (KB)
...
006 (52851340.001.000) 2025-04-22 16:01:47 Image size of job updated: 553
	553  -  MemoryUsage of job (MB)
	566288  -  ResidentSetSize of job (KB)
...
006 (52851340.004.000) 2025-04-22 16:01:49 Image size of job updated: 993
	993  -  MemoryUsage of job (MB)
	1017580  -  ResidentSetSize of job (KB)
...
006 (52851340.000.000) 2025-04-22 16:02:47 Image size of job updated: 611
	611  -  MemoryUsage of job (MB)
	626268  -  ResidentSetSize of job (KB)
...
006 (52851340.001.000) 2025-04-22 16:02:47 Image size of job updated: 553
	553  -  MemoryUsage of job (MB)
	566312  -  ResidentSetSize of job (KB)
...
006 (52851340.004.000) 2025-04-22 16:02:50 Image size of job updated: 993
	993  -  MemoryUsage of job (MB)
	1017840  -  ResidentSetSize of job (KB)
...
006 (52851340.003.000) 2025-04-22 16:03:48 Image size of job updated: 949
	949  -  MemoryUsage of job (MB)
	972448  -  ResidentSetSize of job (KB)
...
006 (52851340.000.000) 2025-04-22 16:03:48 Image size of job updated: 611
	611  -  MemoryUsage of job (MB)
	626348  -  ResidentSetSize of job (KB)
...
006 (52851340.003.000) 2025-04-22 16:04:49 Image size of job updated: 949
	949  -  MemoryUsage of job (MB)
	972544  -  ResidentSetSize of job (KB)
...
006 (52851340.001.000) 2025-04-22 16:04:49 Image size of job updated: 568
	568  -  MemoryUsage of job (MB)
	582024  -  ResidentSetSize of job (KB)
...
006 (52851340.000.000) 2025-04-22 16:04:49 Image size of job updated: 611
	611  -  MemoryUsage of job (MB)
	626464  -  ResidentSetSize of job (KB)
...
006 (52851340.001.000) 2025-04-22 16:05:49 Image size of job updated: 577
	577  -  MemoryUsage of job (MB)
	591068  -  ResidentSetSize of job (KB)
...
006 (52851340.003.000) 2025-04-22 16:05:49 Image size of job updated: 949
	949  -  MemoryUsage of job (MB)
	972580  -  ResidentSetSize of job (KB)
...
006 (52851340.000.000) 2025-04-22 16:05:50 Image size of job updated: 611
	611  -  MemoryUsage of job (MB)
	626552  -  ResidentSetSize of job (KB)
...
006 (52851340.001.000) 2025-04-22 16:06:49 Image size of job updated: 578
	578  -  MemoryUsage of job (MB)
	591920  -  ResidentSetSize of job (KB)
...
006 (52851340.002.000) 2025-04-22 16:06:49 Image size of job updated: 605
	605  -  MemoryUsage of job (MB)
	620416  -  ResidentSetSize of job (KB)
...
006 (52851340.000.000) 2025-04-22 16:06:51 Image size of job updated: 612
	612  -  MemoryUsage of job (MB)
	626700  -  ResidentSetSize of job (KB)
...
006 (52851340.002.000) 2025-04-22 16:07:50 Image size of job updated: 658
	658  -  MemoryUsage of job (MB)
	674428  -  ResidentSetSize of job (KB)
...
006 (52851340.000.000) 2025-04-22 16:07:52 Image size of job updated: 674
	674  -  MemoryUsage of job (MB)
	690868  -  ResidentSetSize of job (KB)
...
006 (52851340.003.000) 2025-04-22 16:08:50 Image size of job updated: 952
	952  -  MemoryUsage of job (MB)
	975076  -  ResidentSetSize of job (KB)
...
006 (52851340.002.000) 2025-04-22 16:08:51 Image size of job updated: 827
	827  -  MemoryUsage of job (MB)
	847600  -  ResidentSetSize of job (KB)
...
006 (52851340.000.000) 2025-04-22 16:08:52 Image size of job updated: 859
	859  -  MemoryUsage of job (MB)
	879684  -  ResidentSetSize of job (KB)
...
006 (52851340.003.000) 2025-04-22 16:09:51 Image size of job updated: 952
	952  -  MemoryUsage of job (MB)
	975168  -  ResidentSetSize of job (KB)
...
006 (52851340.002.000) 2025-04-22 16:09:52 Image size of job updated: 1027
	1027  -  MemoryUsage of job (MB)
	1051908  -  ResidentSetSize of job (KB)
...
006 (52851340.000.000) 2025-04-22 16:09:52 Image size of job updated: 1047
	1047  -  MemoryUsage of job (MB)
	1072840  -  ResidentSetSize of job (KB)
...
006 (52851340.003.000) 2025-04-22 16:10:51 Image size of job updated: 952
	952  -  MemoryUsage of job (MB)
	975180  -  ResidentSetSize of job (KB)
...
006 (52851340.001.000) 2025-04-22 16:10:52 Image size of job updated: 610
	610  -  MemoryUsage of job (MB)
	625296  -  ResidentSetSize of job (KB)
...
006 (52851340.002.000) 2025-04-22 16:10:53 Image size of job updated: 1028
	1028  -  MemoryUsage of job (MB)
	1053356  -  ResidentSetSize of job (KB)
...
006 (52851340.000.000) 2025-04-22 16:10:53 Image size of job updated: 1084
	1084  -  MemoryUsage of job (MB)
	1110436  -  ResidentSetSize of job (KB)
...
006 (52851340.004.000) 2025-04-22 16:10:54 Image size of job updated: 994
	994  -  MemoryUsage of job (MB)
	1017908  -  ResidentSetSize of job (KB)
...
006 (52851340.000.000) 2025-04-22 16:11:53 Image size of job updated: 1114
	1114  -  MemoryUsage of job (MB)
	1141136  -  ResidentSetSize of job (KB)
...
006 (52851340.002.000) 2025-04-22 16:11:53 Image size of job updated: 1057
	1057  -  MemoryUsage of job (MB)
	1082892  -  ResidentSetSize of job (KB)
...
006 (52851340.004.000) 2025-04-22 16:11:55 Image size of job updated: 994
	994  -  MemoryUsage of job (MB)
	1017916  -  ResidentSetSize of job (KB)
...
006 (52851340.000.000) 2025-04-22 16:12:53 Image size of job updated: 1143
	1143  -  MemoryUsage of job (MB)
	1171420  -  ResidentSetSize of job (KB)
...
006 (52851340.002.000) 2025-04-22 16:12:53 Image size of job updated: 1089
	1089  -  MemoryUsage of job (MB)
	1115336  -  ResidentSetSize of job (KB)
...
006 (52851340.004.000) 2025-04-22 16:12:55 Image size of job updated: 1019
	1019  -  MemoryUsage of job (MB)
	1044320  -  ResidentSetSize of job (KB)
...
006 (52851340.003.000) 2025-04-22 16:13:52 Image size of job updated: 952
	952  -  MemoryUsage of job (MB)
	975516  -  ResidentSetSize of job (KB)
...
006 (52851340.002.000) 2025-04-22 16:13:53 Image size of job updated: 1089
	1089  -  MemoryUsage of job (MB)
	1115416  -  ResidentSetSize of job (KB)
...
006 (52851340.000.000) 2025-04-22 16:13:53 Image size of job updated: 1173
	1173  -  MemoryUsage of job (MB)
	1201752  -  ResidentSetSize of job (KB)
...
006 (52851340.002.000) 2025-04-22 16:14:53 Image size of job updated: 1118
	1118  -  MemoryUsage of job (MB)
	1145188  -  ResidentSetSize of job (KB)
...
006 (52851340.000.000) 2025-04-22 16:14:55 Image size of job updated: 1203
	1203  -  MemoryUsage of job (MB)
	1232348  -  ResidentSetSize of job (KB)
...
006 (52851340.002.000) 2025-04-22 16:15:53 Image size of job updated: 1147
	1147  -  MemoryUsage of job (MB)
	1174624  -  ResidentSetSize of job (KB)
...
006 (52851340.000.000) 2025-04-22 16:15:55 Image size of job updated: 1203
	1203  -  MemoryUsage of job (MB)
	1232832  -  ResidentSetSize of job (KB)
...
006 (52851340.002.000) 2025-04-22 16:16:53 Image size of job updated: 1173
	1173  -  MemoryUsage of job (MB)
	1201528  -  ResidentSetSize of job (KB)
...
006 (52851340.000.000) 2025-04-22 16:16:55 Image size of job updated: 1233
	1233  -  MemoryUsage of job (MB)
	1263540  -  ResidentSetSize of job (KB)
...
006 (52851340.002.000) 2025-04-22 16:17:53 Image size of job updated: 1175
	1175  -  MemoryUsage of job (MB)
	1204048  -  ResidentSetSize of job (KB)
...
006 (52851340.000.000) 2025-04-22 16:17:55 Image size of job updated: 1263
	1263  -  MemoryUsage of job (MB)
	1294140  -  ResidentSetSize of job (KB)
...
006 (52851340.002.000) 2025-04-22 16:18:53 Image size of job updated: 1204
	1204  -  MemoryUsage of job (MB)
	1233904  -  ResidentSetSize of job (KB)
...
006 (52851340.000.000) 2025-04-22 16:18:56 Image size of job updated: 1293
	1293  -  MemoryUsage of job (MB)
	1324704  -  ResidentSetSize of job (KB)
...
006 (52851340.002.000) 2025-04-22 16:19:54 Image size of job updated: 1233
	1233  -  MemoryUsage of job (MB)
	1263312  -  ResidentSetSize of job (KB)
...
006 (52851340.003.000) 2025-04-22 16:19:55 Image size of job updated: 952
	952  -  MemoryUsage of job (MB)
	975568  -  ResidentSetSize of job (KB)
...
006 (52851340.000.000) 2025-04-22 16:19:57 Image size of job updated: 1323
	1323  -  MemoryUsage of job (MB)
	1355068  -  ResidentSetSize of job (KB)
...
006 (52851340.002.000) 2025-04-22 16:20:54 Image size of job updated: 1262
	1262  -  MemoryUsage of job (MB)
	1292728  -  ResidentSetSize of job (KB)
...
006 (52851340.000.000) 2025-04-22 16:20:57 Image size of job updated: 1323
	1323  -  MemoryUsage of job (MB)
	1355384  -  ResidentSetSize of job (KB)
...
006 (52851340.002.000) 2025-04-22 16:21:55 Image size of job updated: 1262
	1262  -  MemoryUsage of job (MB)
	1292868  -  ResidentSetSize of job (KB)
...
006 (52851340.003.000) 2025-04-22 16:21:56 Image size of job updated: 968
	968  -  MemoryUsage of job (MB)
	991300  -  ResidentSetSize of job (KB)
...
006 (52851340.000.000) 2025-04-22 16:21:57 Image size of job updated: 1353
	1353  -  MemoryUsage of job (MB)
	1385788  -  ResidentSetSize of job (KB)
...
006 (52851340.003.000) 2025-04-22 16:22:56 Image size of job updated: 1151
	1151  -  MemoryUsage of job (MB)
	1178740  -  ResidentSetSize of job (KB)
...
006 (52851340.002.000) 2025-04-22 16:22:56 Image size of job updated: 1291
	1291  -  MemoryUsage of job (MB)
	1322312  -  ResidentSetSize of job (KB)
...
006 (52851340.000.000) 2025-04-22 16:22:57 Image size of job updated: 1383
	1383  -  MemoryUsage of job (MB)
	1416488  -  ResidentSetSize of job (KB)
...
006 (52851340.004.000) 2025-04-22 16:23:00 Image size of job updated: 1021
	1021  -  MemoryUsage of job (MB)
	1045824  -  ResidentSetSize of job (KB)
...
006 (52851340.003.000) 2025-04-22 16:23:57 Image size of job updated: 1177
	1177  -  MemoryUsage of job (MB)
	1206168  -  ResidentSetSize of job (KB)
...
006 (52851340.002.000) 2025-04-22 16:23:58 Image size of job updated: 1320
	1320  -  MemoryUsage of job (MB)
	1352004  -  ResidentSetSize of job (KB)
...
006 (52851340.000.000) 2025-04-22 16:23:58 Image size of job updated: 1412
	1412  -  MemoryUsage of job (MB)
	1446632  -  ResidentSetSize of job (KB)
...
006 (52851340.004.000) 2025-04-22 16:24:00 Image size of job updated: 1193
	1193  -  MemoryUsage of job (MB)
	1221976  -  ResidentSetSize of job (KB)
...
006 (52851340.003.000) 2025-04-22 16:24:58 Image size of job updated: 1349
	1349  -  MemoryUsage of job (MB)
	1381720  -  ResidentSetSize of job (KB)
...
006 (52851340.002.000) 2025-04-22 16:24:58 Image size of job updated: 1349
	1349  -  MemoryUsage of job (MB)
	1381380  -  ResidentSetSize of job (KB)
...
006 (52851340.000.000) 2025-04-22 16:24:59 Image size of job updated: 1442
	1442  -  MemoryUsage of job (MB)
	1477424  -  ResidentSetSize of job (KB)
...
006 (52851340.004.000) 2025-04-22 16:25:01 Image size of job updated: 1215
	1215  -  MemoryUsage of job (MB)
	1244192  -  ResidentSetSize of job (KB)
...
006 (52851340.003.000) 2025-04-22 16:25:58 Image size of job updated: 1378
	1378  -  MemoryUsage of job (MB)
	1411984  -  ResidentSetSize of job (KB)
...
006 (52851340.000.000) 2025-04-22 16:25:59 Image size of job updated: 1473
	1473  -  MemoryUsage of job (MB)
	1508352  -  ResidentSetSize of job (KB)
...
006 (52851340.002.000) 2025-04-22 16:25:59 Image size of job updated: 1377
	1377  -  MemoryUsage of job (MB)
	1410696  -  ResidentSetSize of job (KB)
...
006 (52851340.001.000) 2025-04-22 16:26:01 Image size of job updated: 777
	777  -  MemoryUsage of job (MB)
	796348  -  ResidentSetSize of job (KB)
...
006 (52851340.004.000) 2025-04-22 16:26:02 Image size of job updated: 1393
	1393  -  MemoryUsage of job (MB)
	1426440  -  ResidentSetSize of job (KB)
...
006 (52851340.003.000) 2025-04-22 16:26:58 Image size of job updated: 1408
	1408  -  MemoryUsage of job (MB)
	1442296  -  ResidentSetSize of job (KB)
...
006 (52851340.000.000) 2025-04-22 16:26:59 Image size of job updated: 1503
	1503  -  MemoryUsage of job (MB)
	1539284  -  ResidentSetSize of job (KB)
...
006 (52851340.002.000) 2025-04-22 16:27:00 Image size of job updated: 1378
	1378  -  MemoryUsage of job (MB)
	1411124  -  ResidentSetSize of job (KB)
...
006 (52851340.001.000) 2025-04-22 16:27:01 Image size of job updated: 941
	941  -  MemoryUsage of job (MB)
	963644  -  ResidentSetSize of job (KB)
...
006 (52851340.004.000) 2025-04-22 16:27:02 Image size of job updated: 1422
	1422  -  MemoryUsage of job (MB)
	1456776  -  ResidentSetSize of job (KB)
...
006 (52851340.003.000) 2025-04-22 16:27:59 Image size of job updated: 1420
	1420  -  MemoryUsage of job (MB)
	1454768  -  ResidentSetSize of job (KB)
...
006 (52851340.000.000) 2025-04-22 16:28:00 Image size of job updated: 1533
	1533  -  MemoryUsage of job (MB)
	1570400  -  ResidentSetSize of job (KB)
...
006 (52851340.002.000) 2025-04-22 16:28:01 Image size of job updated: 1406
	1406  -  MemoryUsage of job (MB)
	1440656  -  ResidentSetSize of job (KB)
...
006 (52851340.004.000) 2025-04-22 16:28:02 Image size of job updated: 1452
	1452  -  MemoryUsage of job (MB)
	1487292  -  ResidentSetSize of job (KB)
...
006 (52851340.003.000) 2025-04-22 16:29:00 Image size of job updated: 1438
	1438  -  MemoryUsage of job (MB)
	1473504  -  ResidentSetSize of job (KB)
...
006 (52851340.000.000) 2025-04-22 16:29:02 Image size of job updated: 1533
	1533  -  MemoryUsage of job (MB)
	1570488  -  ResidentSetSize of job (KB)
...
006 (52851340.002.000) 2025-04-22 16:29:03 Image size of job updated: 1407
	1407  -  MemoryUsage of job (MB)
	1440792  -  ResidentSetSize of job (KB)
...
006 (52851340.004.000) 2025-04-22 16:29:03 Image size of job updated: 1481
	1481  -  MemoryUsage of job (MB)
	1517440  -  ResidentSetSize of job (KB)
...
006 (52851340.003.000) 2025-04-22 16:30:00 Image size of job updated: 1467
	1467  -  MemoryUsage of job (MB)
	1503092  -  ResidentSetSize of job (KB)
...
006 (52851340.000.000) 2025-04-22 16:30:02 Image size of job updated: 1563
	1563  -  MemoryUsage of job (MB)
	1600740  -  ResidentSetSize of job (KB)
...
006 (52851340.002.000) 2025-04-22 16:30:03 Image size of job updated: 1435
	1435  -  MemoryUsage of job (MB)
	1470300  -  ResidentSetSize of job (KB)
...
006 (52851340.004.000) 2025-04-22 16:30:04 Image size of job updated: 1511
	1511  -  MemoryUsage of job (MB)
	1547872  -  ResidentSetSize of job (KB)
...
006 (52851340.003.000) 2025-04-22 16:31:00 Image size of job updated: 1497
	1497  -  MemoryUsage of job (MB)
	1533044  -  ResidentSetSize of job (KB)
...
006 (52851340.001.000) 2025-04-22 16:31:02 Image size of job updated: 950
	950  -  MemoryUsage of job (MB)
	973284  -  ResidentSetSize of job (KB)
...
006 (52851340.000.000) 2025-04-22 16:31:03 Image size of job updated: 1593
	1593  -  MemoryUsage of job (MB)
	1631252  -  ResidentSetSize of job (KB)
...
006 (52851340.004.000) 2025-04-22 16:31:04 Image size of job updated: 1541
	1541  -  MemoryUsage of job (MB)
	1578340  -  ResidentSetSize of job (KB)
...
006 (52851340.002.000) 2025-04-22 16:31:04 Image size of job updated: 1464
	1464  -  MemoryUsage of job (MB)
	1500040  -  ResidentSetSize of job (KB)
...
006 (52851340.003.000) 2025-04-22 16:32:01 Image size of job updated: 1497
	1497  -  MemoryUsage of job (MB)
	1533200  -  ResidentSetSize of job (KB)
...
006 (52851340.000.000) 2025-04-22 16:32:04 Image size of job updated: 1623
	1623  -  MemoryUsage of job (MB)
	1662060  -  ResidentSetSize of job (KB)
...
006 (52851340.004.000) 2025-04-22 16:32:05 Image size of job updated: 1541
	1541  -  MemoryUsage of job (MB)
	1578612  -  ResidentSetSize of job (KB)
...
006 (52851340.003.000) 2025-04-22 16:33:02 Image size of job updated: 1527
	1527  -  MemoryUsage of job (MB)
	1563892  -  ResidentSetSize of job (KB)
...
006 (52851340.000.000) 2025-04-22 16:33:04 Image size of job updated: 1653
	1653  -  MemoryUsage of job (MB)
	1692820  -  ResidentSetSize of job (KB)
...
006 (52851340.004.000) 2025-04-22 16:33:05 Image size of job updated: 1571
	1571  -  MemoryUsage of job (MB)
	1609368  -  ResidentSetSize of job (KB)
...
006 (52851340.002.000) 2025-04-22 16:33:06 Image size of job updated: 1495
	1495  -  MemoryUsage of job (MB)
	1531116  -  ResidentSetSize of job (KB)
...
006 (52851340.003.000) 2025-04-22 16:34:02 Image size of job updated: 1556
	1556  -  MemoryUsage of job (MB)
	1593928  -  ResidentSetSize of job (KB)
...
006 (52851340.000.000) 2025-04-22 16:34:04 Image size of job updated: 1683
	1683  -  MemoryUsage of job (MB)
	1723696  -  ResidentSetSize of job (KB)
...
006 (52851340.004.000) 2025-04-22 16:34:05 Image size of job updated: 1600
	1600  -  MemoryUsage of job (MB)
	1639112  -  ResidentSetSize of job (KB)
...
006 (52851340.002.000) 2025-04-22 16:34:07 Image size of job updated: 1525
	1525  -  MemoryUsage of job (MB)
	1561848  -  ResidentSetSize of job (KB)
...
006 (52851340.003.000) 2025-04-22 16:35:03 Image size of job updated: 1585
	1585  -  MemoryUsage of job (MB)
	1623780  -  ResidentSetSize of job (KB)
...
006 (52851340.000.000) 2025-04-22 16:35:04 Image size of job updated: 1713
	1713  -  MemoryUsage of job (MB)
	1754296  -  ResidentSetSize of job (KB)
...
006 (52851340.004.000) 2025-04-22 16:35:06 Image size of job updated: 1629
	1629  -  MemoryUsage of job (MB)
	1669104  -  ResidentSetSize of job (KB)
...
006 (52851340.002.000) 2025-04-22 16:35:07 Image size of job updated: 1553
	1553  -  MemoryUsage of job (MB)
	1591060  -  ResidentSetSize of job (KB)
...
006 (52851340.003.000) 2025-04-22 16:36:03 Image size of job updated: 1585
	1585  -  MemoryUsage of job (MB)
	1623796  -  ResidentSetSize of job (KB)
...
006 (52851340.000.000) 2025-04-22 16:36:05 Image size of job updated: 1743
	1743  -  MemoryUsage of job (MB)
	1784884  -  ResidentSetSize of job (KB)
...
006 (52851340.004.000) 2025-04-22 16:36:06 Image size of job updated: 1659
	1659  -  MemoryUsage of job (MB)
	1699576  -  ResidentSetSize of job (KB)
...
006 (52851340.002.000) 2025-04-22 16:36:07 Image size of job updated: 1583
	1583  -  MemoryUsage of job (MB)
	1621636  -  ResidentSetSize of job (KB)
...
006 (52851340.003.000) 2025-04-22 16:37:04 Image size of job updated: 1614
	1614  -  MemoryUsage of job (MB)
	1653608  -  ResidentSetSize of job (KB)
...
006 (52851340.000.000) 2025-04-22 16:37:05 Image size of job updated: 1772
	1772  -  MemoryUsage of job (MB)
	1815172  -  ResidentSetSize of job (KB)
...
006 (52851340.004.000) 2025-04-22 16:37:06 Image size of job updated: 1689
	1689  -  MemoryUsage of job (MB)
	1729772  -  ResidentSetSize of job (KB)
...
006 (52851340.002.000) 2025-04-22 16:37:07 Image size of job updated: 1613
	1613  -  MemoryUsage of job (MB)
	1651996  -  ResidentSetSize of job (KB)
...
006 (52851340.003.000) 2025-04-22 16:38:04 Image size of job updated: 1644
	1644  -  MemoryUsage of job (MB)
	1683800  -  ResidentSetSize of job (KB)
...
006 (52851340.000.000) 2025-04-22 16:38:05 Image size of job updated: 1802
	1802  -  MemoryUsage of job (MB)
	1845280  -  ResidentSetSize of job (KB)
...
006 (52851340.004.000) 2025-04-22 16:38:07 Image size of job updated: 1719
	1719  -  MemoryUsage of job (MB)
	1760424  -  ResidentSetSize of job (KB)
...
006 (52851340.002.000) 2025-04-22 16:38:08 Image size of job updated: 1642
	1642  -  MemoryUsage of job (MB)
	1682260  -  ResidentSetSize of job (KB)
...
006 (52851340.003.000) 2025-04-22 16:39:04 Image size of job updated: 1644
	1644  -  MemoryUsage of job (MB)
	1684020  -  ResidentSetSize of job (KB)
...
006 (52851340.000.000) 2025-04-22 16:39:06 Image size of job updated: 1811
	1811  -  MemoryUsage of job (MB)
	1854764  -  ResidentSetSize of job (KB)
...
006 (52851340.004.000) 2025-04-22 16:39:07 Image size of job updated: 1719
	1719  -  MemoryUsage of job (MB)
	1760432  -  ResidentSetSize of job (KB)
...
006 (52851340.002.000) 2025-04-22 16:39:09 Image size of job updated: 1644
	1644  -  MemoryUsage of job (MB)
	1684064  -  ResidentSetSize of job (KB)
...
006 (52851340.003.000) 2025-04-22 16:40:04 Image size of job updated: 1674
	1674  -  MemoryUsage of job (MB)
	1714308  -  ResidentSetSize of job (KB)
...
006 (52851340.000.000) 2025-04-22 16:40:07 Image size of job updated: 1832
	1832  -  MemoryUsage of job (MB)
	1876200  -  ResidentSetSize of job (KB)
...
006 (52851340.004.000) 2025-04-22 16:40:08 Image size of job updated: 1749
	1749  -  MemoryUsage of job (MB)
	1791228  -  ResidentSetSize of job (KB)
...
006 (52851340.002.000) 2025-04-22 16:40:10 Image size of job updated: 1673
	1673  -  MemoryUsage of job (MB)
	1713696  -  ResidentSetSize of job (KB)
...
006 (52851340.003.000) 2025-04-22 16:41:05 Image size of job updated: 1703
	1703  -  MemoryUsage of job (MB)
	1744660  -  ResidentSetSize of job (KB)
...
006 (52851340.000.000) 2025-04-22 16:41:07 Image size of job updated: 1862
	1862  -  MemoryUsage of job (MB)
	1906980  -  ResidentSetSize of job (KB)
...
006 (52851340.004.000) 2025-04-22 16:41:09 Image size of job updated: 1778
	1778  -  MemoryUsage of job (MB)
	1821296  -  ResidentSetSize of job (KB)
...
006 (52851340.002.000) 2025-04-22 16:41:11 Image size of job updated: 1702
	1702  -  MemoryUsage of job (MB)
	1742984  -  ResidentSetSize of job (KB)
...
006 (52851340.003.000) 2025-04-22 16:42:05 Image size of job updated: 1733
	1733  -  MemoryUsage of job (MB)
	1775192  -  ResidentSetSize of job (KB)
...
006 (52851340.000.000) 2025-04-22 16:42:08 Image size of job updated: 1891
	1891  -  MemoryUsage of job (MB)
	1937380  -  ResidentSetSize of job (KB)
...
006 (52851340.004.000) 2025-04-22 16:42:09 Image size of job updated: 1808
	1808  -  MemoryUsage of job (MB)
	1851652  -  ResidentSetSize of job (KB)
...
006 (52851340.002.000) 2025-04-22 16:42:12 Image size of job updated: 1731
	1731  -  MemoryUsage of job (MB)
	1773436  -  ResidentSetSize of job (KB)
...
006 (52851340.003.000) 2025-04-22 16:43:05 Image size of job updated: 1733
	1733  -  MemoryUsage of job (MB)
	1775520  -  ResidentSetSize of job (KB)
...
006 (52851340.000.000) 2025-04-22 16:43:09 Image size of job updated: 1921
	1921  -  MemoryUsage of job (MB)
	1968032  -  ResidentSetSize of job (KB)
...
006 (52851340.004.000) 2025-04-22 16:43:10 Image size of job updated: 1838
	1838  -  MemoryUsage of job (MB)
	1882420  -  ResidentSetSize of job (KB)
...
006 (52851340.002.000) 2025-04-22 16:43:13 Image size of job updated: 1761
	1761  -  MemoryUsage of job (MB)
	1803932  -  ResidentSetSize of job (KB)
...
006 (52851340.003.000) 2025-04-22 16:44:06 Image size of job updated: 1763
	1763  -  MemoryUsage of job (MB)
	1805712  -  ResidentSetSize of job (KB)
...
006 (52851340.000.000) 2025-04-22 16:44:09 Image size of job updated: 1951
	1951  -  MemoryUsage of job (MB)
	1998700  -  ResidentSetSize of job (KB)
...
006 (52851340.004.000) 2025-04-22 16:44:10 Image size of job updated: 1868
	1868  -  MemoryUsage of job (MB)
	1913012  -  ResidentSetSize of job (KB)
...
006 (52851340.002.000) 2025-04-22 16:44:13 Image size of job updated: 1763
	1763  -  MemoryUsage of job (MB)
	1805468  -  ResidentSetSize of job (KB)
...
006 (52851340.003.000) 2025-04-22 16:45:07 Image size of job updated: 1792
	1792  -  MemoryUsage of job (MB)
	1835772  -  ResidentSetSize of job (KB)
...
006 (52851340.000.000) 2025-04-22 16:45:10 Image size of job updated: 1981
	1981  -  MemoryUsage of job (MB)
	2029188  -  ResidentSetSize of job (KB)
...
006 (52851340.002.000) 2025-04-22 16:45:13 Image size of job updated: 1791
	1791  -  MemoryUsage of job (MB)
	1834236  -  ResidentSetSize of job (KB)
...
006 (52851340.003.000) 2025-04-22 16:46:07 Image size of job updated: 1793
	1793  -  MemoryUsage of job (MB)
	1836076  -  ResidentSetSize of job (KB)
...
006 (52851340.000.000) 2025-04-22 16:46:11 Image size of job updated: 1985
	1985  -  MemoryUsage of job (MB)
	2032976  -  ResidentSetSize of job (KB)
...
006 (52851340.000.000) 2025-04-22 16:47:11 Image size of job updated: 2015
	2015  -  MemoryUsage of job (MB)
	2063612  -  ResidentSetSize of job (KB)
...
006 (52851340.002.000) 2025-04-22 16:47:15 Image size of job updated: 1817
	1817  -  MemoryUsage of job (MB)
	1861540  -  ResidentSetSize of job (KB)
...
006 (52851340.000.000) 2025-04-22 16:48:12 Image size of job updated: 2050
	2050  -  MemoryUsage of job (MB)
	2099332  -  ResidentSetSize of job (KB)
...
006 (52851340.002.000) 2025-04-22 16:48:16 Image size of job updated: 1852
	1852  -  MemoryUsage of job (MB)
	1897152  -  ResidentSetSize of job (KB)
...
006 (52851340.000.000) 2025-04-22 16:49:13 Image size of job updated: 2081
	2081  -  MemoryUsage of job (MB)
	2131844  -  ResidentSetSize of job (KB)
...
006 (52851340.002.000) 2025-04-22 16:49:16 Image size of job updated: 1881
	1881  -  MemoryUsage of job (MB)
	1926680  -  ResidentSetSize of job (KB)
...
006 (52851340.000.000) 2025-04-22 16:50:13 Image size of job updated: 2113
	2113  -  MemoryUsage of job (MB)
	2164556  -  ResidentSetSize of job (KB)
...
006 (52851340.002.000) 2025-04-22 16:50:16 Image size of job updated: 1883
	1883  -  MemoryUsage of job (MB)
	1928980  -  ResidentSetSize of job (KB)
...
006 (52851340.000.000) 2025-04-22 16:51:14 Image size of job updated: 2146
	2146  -  MemoryUsage of job (MB)
	2198060  -  ResidentSetSize of job (KB)
...
006 (52851340.002.000) 2025-04-22 16:51:17 Image size of job updated: 1912
	1912  -  MemoryUsage of job (MB)
	1958144  -  ResidentSetSize of job (KB)
...
006 (52851340.000.000) 2025-04-22 16:52:15 Image size of job updated: 2207
	2207  -  MemoryUsage of job (MB)
	2260556  -  ResidentSetSize of job (KB)
...
006 (52851340.002.000) 2025-04-22 16:52:18 Image size of job updated: 1942
	1942  -  MemoryUsage of job (MB)
	1988728  -  ResidentSetSize of job (KB)
...
006 (52851340.000.000) 2025-04-22 16:53:15 Image size of job updated: 2239
	2239  -  MemoryUsage of job (MB)
	2292992  -  ResidentSetSize of job (KB)
...
006 (52851340.002.000) 2025-04-22 16:53:19 Image size of job updated: 1971
	1971  -  MemoryUsage of job (MB)
	2019044  -  ResidentSetSize of job (KB)
...
006 (52851340.000.000) 2025-04-22 16:54:15 Image size of job updated: 2271
	2271  -  MemoryUsage of job (MB)
	2325516  -  ResidentSetSize of job (KB)
...
006 (52851340.002.000) 2025-04-22 16:54:19 Image size of job updated: 1986
	1986  -  MemoryUsage of job (MB)
	2033720  -  ResidentSetSize of job (KB)
...
006 (52851340.000.000) 2025-04-22 16:55:16 Image size of job updated: 2302
	2302  -  MemoryUsage of job (MB)
	2357760  -  ResidentSetSize of job (KB)
...
006 (52851340.002.000) 2025-04-22 16:55:19 Image size of job updated: 2002
	2002  -  MemoryUsage of job (MB)
	2050612  -  ResidentSetSize of job (KB)
...
006 (52851340.000.000) 2025-04-22 16:56:17 Image size of job updated: 2334
	2334  -  MemoryUsage of job (MB)
	2390272  -  ResidentSetSize of job (KB)
...
006 (52851340.002.000) 2025-04-22 16:56:19 Image size of job updated: 2031
	2031  -  MemoryUsage of job (MB)
	2079956  -  ResidentSetSize of job (KB)
...
006 (52851340.000.000) 2025-04-22 16:57:18 Image size of job updated: 2365
	2365  -  MemoryUsage of job (MB)
	2422508  -  ResidentSetSize of job (KB)
...
006 (52851340.002.000) 2025-04-22 16:57:20 Image size of job updated: 2061
	2061  -  MemoryUsage of job (MB)
	2110496  -  ResidentSetSize of job (KB)
...
006 (52851340.000.000) 2025-04-22 16:58:18 Image size of job updated: 2397
	2397  -  MemoryUsage of job (MB)
	2454588  -  ResidentSetSize of job (KB)
...
006 (52851340.002.000) 2025-04-22 16:58:21 Image size of job updated: 2090
	2090  -  MemoryUsage of job (MB)
	2141084  -  ResidentSetSize of job (KB)
...
006 (52851340.000.000) 2025-04-22 16:59:18 Image size of job updated: 2429
	2429  -  MemoryUsage of job (MB)
	2488196  -  ResidentSetSize of job (KB)
...
006 (52851340.004.000) 2025-04-22 16:59:19 Image size of job updated: 1871
	1871  -  MemoryUsage of job (MB)
	1916164  -  ResidentSetSize of job (KB)
...
006 (52851340.002.000) 2025-04-22 16:59:21 Image size of job updated: 2120
	2120  -  MemoryUsage of job (MB)
	2171208  -  ResidentSetSize of job (KB)
...
006 (52851340.000.000) 2025-04-22 17:00:19 Image size of job updated: 2461
	2461  -  MemoryUsage of job (MB)
	2520724  -  ResidentSetSize of job (KB)
...
006 (52851340.004.000) 2025-04-22 17:00:20 Image size of job updated: 1900
	1900  -  MemoryUsage of job (MB)
	1946316  -  ResidentSetSize of job (KB)
...
006 (52851340.002.000) 2025-04-22 17:00:21 Image size of job updated: 2121
	2121  -  MemoryUsage of job (MB)
	2172808  -  ResidentSetSize of job (KB)
...
006 (52851340.000.000) 2025-04-22 17:01:19 Image size of job updated: 2496
	2496  -  MemoryUsage of job (MB)
	2556516  -  ResidentSetSize of job (KB)
...
006 (52851340.004.000) 2025-04-22 17:01:20 Image size of job updated: 1929
	1929  -  MemoryUsage of job (MB)
	1976120  -  ResidentSetSize of job (KB)
...
006 (52851340.002.000) 2025-04-22 17:01:21 Image size of job updated: 2149
	2149  -  MemoryUsage of job (MB)
	2201472  -  ResidentSetSize of job (KB)
...
006 (52851340.003.000) 2025-04-22 17:02:17 Image size of job updated: 1811
	1811  -  MemoryUsage of job (MB)
	1854528  -  ResidentSetSize of job (KB)
...
006 (52851340.000.000) 2025-04-22 17:02:20 Image size of job updated: 2555
	2555  -  MemoryUsage of job (MB)
	2617220  -  ResidentSetSize of job (KB)
...
006 (52851340.004.000) 2025-04-22 17:02:21 Image size of job updated: 1959
	1959  -  MemoryUsage of job (MB)
	2006172  -  ResidentSetSize of job (KB)
...
006 (52851340.002.000) 2025-04-22 17:02:22 Image size of job updated: 2179
	2179  -  MemoryUsage of job (MB)
	2231596  -  ResidentSetSize of job (KB)
...
006 (52851340.003.000) 2025-04-22 17:03:17 Image size of job updated: 1811
	1811  -  MemoryUsage of job (MB)
	1854716  -  ResidentSetSize of job (KB)
...
006 (52851340.000.000) 2025-04-22 17:03:20 Image size of job updated: 2587
	2587  -  MemoryUsage of job (MB)
	2649780  -  ResidentSetSize of job (KB)
...
006 (52851340.004.000) 2025-04-22 17:03:22 Image size of job updated: 1989
	1989  -  MemoryUsage of job (MB)
	2036876  -  ResidentSetSize of job (KB)
...
006 (52851340.002.000) 2025-04-22 17:03:23 Image size of job updated: 2209
	2209  -  MemoryUsage of job (MB)
	2262132  -  ResidentSetSize of job (KB)
...
006 (52851340.003.000) 2025-04-22 17:04:18 Image size of job updated: 1840
	1840  -  MemoryUsage of job (MB)
	1884772  -  ResidentSetSize of job (KB)
...
006 (52851340.000.000) 2025-04-22 17:04:21 Image size of job updated: 2620
	2620  -  MemoryUsage of job (MB)
	2682960  -  ResidentSetSize of job (KB)
...
006 (52851340.004.000) 2025-04-22 17:04:22 Image size of job updated: 2019
	2019  -  MemoryUsage of job (MB)
	2067628  -  ResidentSetSize of job (KB)
...
006 (52851340.002.000) 2025-04-22 17:04:24 Image size of job updated: 2238
	2238  -  MemoryUsage of job (MB)
	2292464  -  ResidentSetSize of job (KB)
...
006 (52851340.003.000) 2025-04-22 17:05:19 Image size of job updated: 1870
	1870  -  MemoryUsage of job (MB)
	1915756  -  ResidentSetSize of job (KB)
...
006 (52851340.000.000) 2025-04-22 17:05:22 Image size of job updated: 2652
	2652  -  MemoryUsage of job (MB)
	2715816  -  ResidentSetSize of job (KB)
...
006 (52851340.004.000) 2025-04-22 17:05:23 Image size of job updated: 2048
	2048  -  MemoryUsage of job (MB)
	2097988  -  ResidentSetSize of job (KB)
...
006 (52851340.002.000) 2025-04-22 17:05:24 Image size of job updated: 2268
	2268  -  MemoryUsage of job (MB)
	2322884  -  ResidentSetSize of job (KB)
...
006 (52851340.003.000) 2025-04-22 17:06:19 Image size of job updated: 1870
	1870  -  MemoryUsage of job (MB)
	1915788  -  ResidentSetSize of job (KB)
...
006 (52851340.000.000) 2025-04-22 17:06:23 Image size of job updated: 2685
	2685  -  MemoryUsage of job (MB)
	2750208  -  ResidentSetSize of job (KB)
...
006 (52851340.002.000) 2025-04-22 17:06:24 Image size of job updated: 2269
	2269  -  MemoryUsage of job (MB)
	2324152  -  ResidentSetSize of job (KB)
...
006 (52851340.004.000) 2025-04-22 17:06:24 Image size of job updated: 2078
	2078  -  MemoryUsage of job (MB)
	2128504  -  ResidentSetSize of job (KB)
...
006 (52851340.003.000) 2025-04-22 17:07:19 Image size of job updated: 1900
	1900  -  MemoryUsage of job (MB)
	1945980  -  ResidentSetSize of job (KB)
...
006 (52851340.000.000) 2025-04-22 17:07:23 Image size of job updated: 2746
	2746  -  MemoryUsage of job (MB)
	2812912  -  ResidentSetSize of job (KB)
...
006 (52851340.002.000) 2025-04-22 17:07:24 Image size of job updated: 2298
	2298  -  MemoryUsage of job (MB)
	2353700  -  ResidentSetSize of job (KB)
...
006 (52851340.004.000) 2025-04-22 17:07:24 Image size of job updated: 2078
	2078  -  MemoryUsage of job (MB)
	2128664  -  ResidentSetSize of job (KB)
...
006 (52851340.003.000) 2025-04-22 17:08:19 Image size of job updated: 1929
	1929  -  MemoryUsage of job (MB)
	1976124  -  ResidentSetSize of job (KB)
...
006 (52851340.000.000) 2025-04-22 17:08:23 Image size of job updated: 2778
	2778  -  MemoryUsage of job (MB)
	2844928  -  ResidentSetSize of job (KB)
...
006 (52851340.002.000) 2025-04-22 17:08:25 Image size of job updated: 2328
	2328  -  MemoryUsage of job (MB)
	2384192  -  ResidentSetSize of job (KB)
...
006 (52851340.004.000) 2025-04-22 17:08:25 Image size of job updated: 2108
	2108  -  MemoryUsage of job (MB)
	2159248  -  ResidentSetSize of job (KB)
...
006 (52851340.000.000) 2025-04-22 17:09:23 Image size of job updated: 2809
	2809  -  MemoryUsage of job (MB)
	2876956  -  ResidentSetSize of job (KB)
...
006 (52851340.002.000) 2025-04-22 17:09:25 Image size of job updated: 2358
	2358  -  MemoryUsage of job (MB)
	2414624  -  ResidentSetSize of job (KB)
...
006 (52851340.004.000) 2025-04-22 17:09:26 Image size of job updated: 2138
	2138  -  MemoryUsage of job (MB)
	2189360  -  ResidentSetSize of job (KB)
...
006 (52851340.003.000) 2025-04-22 17:10:21 Image size of job updated: 1958
	1958  -  MemoryUsage of job (MB)
	2005528  -  ResidentSetSize of job (KB)
...
006 (52851340.000.000) 2025-04-22 17:10:24 Image size of job updated: 2843
	2843  -  MemoryUsage of job (MB)
	2911288  -  ResidentSetSize of job (KB)
...
006 (52851340.002.000) 2025-04-22 17:10:26 Image size of job updated: 2387
	2387  -  MemoryUsage of job (MB)
	2445096  -  ResidentSetSize of job (KB)
...
006 (52851340.004.000) 2025-04-22 17:10:26 Image size of job updated: 2167
	2167  -  MemoryUsage of job (MB)
	2219648  -  ResidentSetSize of job (KB)
...
006 (52851340.003.000) 2025-04-22 17:11:21 Image size of job updated: 1988
	1988  -  MemoryUsage of job (MB)
	2035920  -  ResidentSetSize of job (KB)
...
006 (52851340.000.000) 2025-04-22 17:11:25 Image size of job updated: 2904
	2904  -  MemoryUsage of job (MB)
	2974704  -  ResidentSetSize of job (KB)
...
006 (52851340.004.000) 2025-04-22 17:11:27 Image size of job updated: 2197
	2197  -  MemoryUsage of job (MB)
	2249848  -  ResidentSetSize of job (KB)
...
006 (52851340.002.000) 2025-04-22 17:11:27 Image size of job updated: 2417
	2417  -  MemoryUsage of job (MB)
	2475040  -  ResidentSetSize of job (KB)
...
006 (52851340.003.000) 2025-04-22 17:12:21 Image size of job updated: 1988
	1988  -  MemoryUsage of job (MB)
	2036216  -  ResidentSetSize of job (KB)
...
006 (52851340.000.000) 2025-04-22 17:12:26 Image size of job updated: 2936
	2936  -  MemoryUsage of job (MB)
	3007144  -  ResidentSetSize of job (KB)
...
006 (52851340.004.000) 2025-04-22 17:12:28 Image size of job updated: 2227
	2227  -  MemoryUsage of job (MB)
	2280676  -  ResidentSetSize of job (KB)
...
006 (52851340.002.000) 2025-04-22 17:12:28 Image size of job updated: 2418
	2418  -  MemoryUsage of job (MB)
	2476488  -  ResidentSetSize of job (KB)
...
006 (52851340.003.000) 2025-04-22 17:13:22 Image size of job updated: 2017
	2017  -  MemoryUsage of job (MB)
	2066312  -  ResidentSetSize of job (KB)
...
006 (52851340.000.000) 2025-04-22 17:13:26 Image size of job updated: 2969
	2969  -  MemoryUsage of job (MB)
	3041160  -  ResidentSetSize of job (KB)
...
006 (52851340.004.000) 2025-04-22 17:13:29 Image size of job updated: 2256
	2256  -  MemoryUsage of job (MB)
	2311084  -  ResidentSetSize of job (KB)
...
006 (52851340.002.000) 2025-04-22 17:13:29 Image size of job updated: 2447
	2447  -  MemoryUsage of job (MB)
	2506276  -  ResidentSetSize of job (KB)
...
006 (52851340.003.000) 2025-04-22 17:14:23 Image size of job updated: 2047
	2047  -  MemoryUsage of job (MB)
	2096916  -  ResidentSetSize of job (KB)
...
006 (52851340.000.000) 2025-04-22 17:14:26 Image size of job updated: 3031
	3031  -  MemoryUsage of job (MB)
	3104136  -  ResidentSetSize of job (KB)
...
006 (52851340.002.000) 2025-04-22 17:14:29 Image size of job updated: 2476
	2476  -  MemoryUsage of job (MB)
	2536036  -  ResidentSetSize of job (KB)
...
006 (52851340.004.000) 2025-04-22 17:14:29 Image size of job updated: 2286
	2286  -  MemoryUsage of job (MB)
	2340876  -  ResidentSetSize of job (KB)
...
006 (52851340.003.000) 2025-04-22 17:15:24 Image size of job updated: 2048
	2048  -  MemoryUsage of job (MB)
	2097256  -  ResidentSetSize of job (KB)
...
006 (52851340.000.000) 2025-04-22 17:15:26 Image size of job updated: 3063
	3063  -  MemoryUsage of job (MB)
	3136620  -  ResidentSetSize of job (KB)
...
006 (52851340.004.000) 2025-04-22 17:15:30 Image size of job updated: 2315
	2315  -  MemoryUsage of job (MB)
	2371300  -  ResidentSetSize of job (KB)
...
006 (52851340.002.000) 2025-04-22 17:15:30 Image size of job updated: 2506
	2506  -  MemoryUsage of job (MB)
	2566616  -  ResidentSetSize of job (KB)
...
006 (52851340.003.000) 2025-04-22 17:16:25 Image size of job updated: 2077
	2077  -  MemoryUsage of job (MB)
	2127596  -  ResidentSetSize of job (KB)
...
006 (52851340.000.000) 2025-04-22 17:16:26 Image size of job updated: 3094
	3094  -  MemoryUsage of job (MB)
	3169228  -  ResidentSetSize of job (KB)
...
006 (52851340.004.000) 2025-04-22 17:16:31 Image size of job updated: 2345
	2345  -  MemoryUsage of job (MB)
	2401416  -  ResidentSetSize of job (KB)
...
006 (52851340.002.000) 2025-04-22 17:16:31 Image size of job updated: 2535
	2535  -  MemoryUsage of job (MB)
	2596708  -  ResidentSetSize of job (KB)
...
006 (52851340.003.000) 2025-04-22 17:17:25 Image size of job updated: 2107
	2107  -  MemoryUsage of job (MB)
	2157944  -  ResidentSetSize of job (KB)
...
006 (52851340.000.000) 2025-04-22 17:17:27 Image size of job updated: 3127
	3127  -  MemoryUsage of job (MB)
	3202988  -  ResidentSetSize of job (KB)
...
006 (52851340.002.000) 2025-04-22 17:17:31 Image size of job updated: 2565
	2565  -  MemoryUsage of job (MB)
	2626800  -  ResidentSetSize of job (KB)
...
006 (52851340.004.000) 2025-04-22 17:17:31 Image size of job updated: 2374
	2374  -  MemoryUsage of job (MB)
	2431920  -  ResidentSetSize of job (KB)
...
006 (52851340.003.000) 2025-04-22 17:18:25 Image size of job updated: 2137
	2137  -  MemoryUsage of job (MB)
	2189148  -  ResidentSetSize of job (KB)
...
006 (52851340.000.000) 2025-04-22 17:18:28 Image size of job updated: 3190
	3190  -  MemoryUsage of job (MB)
	3266672  -  ResidentSetSize of job (KB)
...
006 (52851340.002.000) 2025-04-22 17:18:31 Image size of job updated: 2566
	2566  -  MemoryUsage of job (MB)
	2627992  -  ResidentSetSize of job (KB)
...
006 (52851340.004.000) 2025-04-22 17:18:32 Image size of job updated: 2404
	2404  -  MemoryUsage of job (MB)
	2462352  -  ResidentSetSize of job (KB)
...
006 (52851340.003.000) 2025-04-22 17:19:26 Image size of job updated: 2139
	2139  -  MemoryUsage of job (MB)
	2190896  -  ResidentSetSize of job (KB)
...
006 (52851340.000.000) 2025-04-22 17:19:29 Image size of job updated: 3221
	3221  -  MemoryUsage of job (MB)
	3298912  -  ResidentSetSize of job (KB)
...
006 (52851340.002.000) 2025-04-22 17:19:31 Image size of job updated: 2594
	2594  -  MemoryUsage of job (MB)
	2657124  -  ResidentSetSize of job (KB)
...
006 (52851340.004.000) 2025-04-22 17:19:32 Image size of job updated: 2404
	2404  -  MemoryUsage of job (MB)
	2462548  -  ResidentSetSize of job (KB)
...
006 (52851340.003.000) 2025-04-22 17:20:27 Image size of job updated: 2169
	2169  -  MemoryUsage of job (MB)
	2221772  -  ResidentSetSize of job (KB)
...
006 (52851340.000.000) 2025-04-22 17:20:30 Image size of job updated: 3255
	3255  -  MemoryUsage of job (MB)
	3333124  -  ResidentSetSize of job (KB)
...
006 (52851340.002.000) 2025-04-22 17:20:31 Image size of job updated: 2624
	2624  -  MemoryUsage of job (MB)
	2687628  -  ResidentSetSize of job (KB)
...
006 (52851340.004.000) 2025-04-22 17:20:32 Image size of job updated: 2434
	2434  -  MemoryUsage of job (MB)
	2493032  -  ResidentSetSize of job (KB)
...
006 (52851340.003.000) 2025-04-22 17:21:28 Image size of job updated: 2199
	2199  -  MemoryUsage of job (MB)
	2252120  -  ResidentSetSize of job (KB)
...
006 (52851340.000.000) 2025-04-22 17:21:30 Image size of job updated: 3288
	3288  -  MemoryUsage of job (MB)
	3367280  -  ResidentSetSize of job (KB)
...
006 (52851340.002.000) 2025-04-22 17:21:31 Image size of job updated: 2655
	2655  -  MemoryUsage of job (MB)
	2718752  -  ResidentSetSize of job (KB)
...
006 (52851340.004.000) 2025-04-22 17:21:33 Image size of job updated: 2464
	2464  -  MemoryUsage of job (MB)
	2523212  -  ResidentSetSize of job (KB)
...
006 (52851340.003.000) 2025-04-22 17:22:29 Image size of job updated: 2229
	2229  -  MemoryUsage of job (MB)
	2282692  -  ResidentSetSize of job (KB)
...
006 (52851340.000.000) 2025-04-22 17:22:30 Image size of job updated: 3348
	3348  -  MemoryUsage of job (MB)
	3429320  -  ResidentSetSize of job (KB)
...
006 (52851340.002.000) 2025-04-22 17:22:32 Image size of job updated: 2684
	2684  -  MemoryUsage of job (MB)
	2749076  -  ResidentSetSize of job (KB)
...
006 (52851340.004.000) 2025-04-22 17:22:33 Image size of job updated: 2493
	2493  -  MemoryUsage of job (MB)
	2553748  -  ResidentSetSize of job (KB)
...
006 (52851340.003.000) 2025-04-22 17:23:29 Image size of job updated: 2258
	2258  -  MemoryUsage of job (MB)
	2312484  -  ResidentSetSize of job (KB)
...
006 (52851340.000.000) 2025-04-22 17:23:31 Image size of job updated: 3380
	3380  -  MemoryUsage of job (MB)
	3461372  -  ResidentSetSize of job (KB)
...
006 (52851340.002.000) 2025-04-22 17:23:33 Image size of job updated: 2714
	2714  -  MemoryUsage of job (MB)
	2779496  -  ResidentSetSize of job (KB)
...
006 (52851340.004.000) 2025-04-22 17:23:33 Image size of job updated: 2523
	2523  -  MemoryUsage of job (MB)
	2584336  -  ResidentSetSize of job (KB)
...
006 (52851340.003.000) 2025-04-22 17:24:29 Image size of job updated: 2288
	2288  -  MemoryUsage of job (MB)
	2343308  -  ResidentSetSize of job (KB)
...
006 (52851340.000.000) 2025-04-22 17:24:32 Image size of job updated: 3412
	3412  -  MemoryUsage of job (MB)
	3494840  -  ResidentSetSize of job (KB)
...
006 (52851340.004.000) 2025-04-22 17:24:34 Image size of job updated: 2553
	2553  -  MemoryUsage of job (MB)
	2614928  -  ResidentSetSize of job (KB)
...
006 (52851340.002.000) 2025-04-22 17:24:34 Image size of job updated: 2715
	2715  -  MemoryUsage of job (MB)
	2780780  -  ResidentSetSize of job (KB)
...
006 (52851340.003.000) 2025-04-22 17:25:30 Image size of job updated: 2318
	2318  -  MemoryUsage of job (MB)
	2373720  -  ResidentSetSize of job (KB)
...
006 (52851340.000.000) 2025-04-22 17:25:33 Image size of job updated: 3475
	3475  -  MemoryUsage of job (MB)
	3558576  -  ResidentSetSize of job (KB)
...
006 (52851340.004.000) 2025-04-22 17:25:34 Image size of job updated: 2583
	2583  -  MemoryUsage of job (MB)
	2645388  -  ResidentSetSize of job (KB)
...
006 (52851340.002.000) 2025-04-22 17:25:35 Image size of job updated: 2744
	2744  -  MemoryUsage of job (MB)
	2810236  -  ResidentSetSize of job (KB)
...
006 (52851340.003.000) 2025-04-22 17:26:31 Image size of job updated: 2348
	2348  -  MemoryUsage of job (MB)
	2404632  -  ResidentSetSize of job (KB)
...
006 (52851340.000.000) 2025-04-22 17:26:34 Image size of job updated: 3506
	3506  -  MemoryUsage of job (MB)
	3590220  -  ResidentSetSize of job (KB)
...
006 (52851340.004.000) 2025-04-22 17:26:34 Image size of job updated: 2613
	2613  -  MemoryUsage of job (MB)
	2676164  -  ResidentSetSize of job (KB)
...
006 (52851340.002.000) 2025-04-22 17:26:36 Image size of job updated: 2774
	2774  -  MemoryUsage of job (MB)
	2840648  -  ResidentSetSize of job (KB)
...
006 (52851340.003.000) 2025-04-22 17:27:31 Image size of job updated: 2378
	2378  -  MemoryUsage of job (MB)
	2435456  -  ResidentSetSize of job (KB)
...
006 (52851340.000.000) 2025-04-22 17:27:34 Image size of job updated: 3538
	3538  -  MemoryUsage of job (MB)
	3623136  -  ResidentSetSize of job (KB)
...
006 (52851340.004.000) 2025-04-22 17:27:35 Image size of job updated: 2644
	2644  -  MemoryUsage of job (MB)
	2707544  -  ResidentSetSize of job (KB)
...
006 (52851340.002.000) 2025-04-22 17:27:37 Image size of job updated: 2803
	2803  -  MemoryUsage of job (MB)
	2870952  -  ResidentSetSize of job (KB)
...
006 (52851340.003.000) 2025-04-22 17:28:31 Image size of job updated: 2409
	2409  -  MemoryUsage of job (MB)
	2467324  -  ResidentSetSize of job (KB)
...
006 (52851340.000.000) 2025-04-22 17:28:34 Image size of job updated: 3600
	3600  -  MemoryUsage of job (MB)
	3686464  -  ResidentSetSize of job (KB)
...
006 (52851340.004.000) 2025-04-22 17:28:36 Image size of job updated: 2675
	2675  -  MemoryUsage of job (MB)
	2739620  -  ResidentSetSize of job (KB)
...
006 (52851340.002.000) 2025-04-22 17:28:38 Image size of job updated: 2833
	2833  -  MemoryUsage of job (MB)
	2901764  -  ResidentSetSize of job (KB)
...
006 (52851340.003.000) 2025-04-22 17:29:32 Image size of job updated: 2440
	2440  -  MemoryUsage of job (MB)
	2498732  -  ResidentSetSize of job (KB)
...
006 (52851340.000.000) 2025-04-22 17:29:34 Image size of job updated: 3631
	3631  -  MemoryUsage of job (MB)
	3719040  -  ResidentSetSize of job (KB)
...
006 (52851340.004.000) 2025-04-22 17:29:37 Image size of job updated: 2706
	2706  -  MemoryUsage of job (MB)
	2771348  -  ResidentSetSize of job (KB)
...
006 (52851340.002.000) 2025-04-22 17:29:38 Image size of job updated: 2863
	2863  -  MemoryUsage of job (MB)
	2932232  -  ResidentSetSize of job (KB)
...
006 (52851340.003.000) 2025-04-22 17:30:33 Image size of job updated: 2467
	2467  -  MemoryUsage of job (MB)
	2526592  -  ResidentSetSize of job (KB)
...
006 (52851340.000.000) 2025-04-22 17:30:35 Image size of job updated: 3664
	3664  -  MemoryUsage of job (MB)
	3752728  -  ResidentSetSize of job (KB)
...
006 (52851340.004.000) 2025-04-22 17:30:37 Image size of job updated: 2736
	2736  -  MemoryUsage of job (MB)
	2802000  -  ResidentSetSize of job (KB)
...
006 (52851340.002.000) 2025-04-22 17:30:38 Image size of job updated: 2893
	2893  -  MemoryUsage of job (MB)
	2962564  -  ResidentSetSize of job (KB)
...
006 (52851340.003.000) 2025-04-22 17:31:33 Image size of job updated: 2486
	2486  -  MemoryUsage of job (MB)
	2546000  -  ResidentSetSize of job (KB)
...
006 (52851340.000.000) 2025-04-22 17:31:36 Image size of job updated: 3726
	3726  -  MemoryUsage of job (MB)
	3816392  -  ResidentSetSize of job (KB)
...
006 (52851340.002.000) 2025-04-22 17:31:38 Image size of job updated: 2922
	2922  -  MemoryUsage of job (MB)
	2992748  -  ResidentSetSize of job (KB)
...
006 (52851340.004.000) 2025-04-22 17:31:38 Image size of job updated: 2767
	2767  -  MemoryUsage of job (MB)
	2833740  -  ResidentSetSize of job (KB)
...
006 (52851340.003.000) 2025-04-22 17:32:33 Image size of job updated: 2502
	2502  -  MemoryUsage of job (MB)
	2562824  -  ResidentSetSize of job (KB)
...
006 (52851340.000.000) 2025-04-22 17:32:37 Image size of job updated: 3758
	3758  -  MemoryUsage of job (MB)
	3849160  -  ResidentSetSize of job (KB)
...
006 (52851340.002.000) 2025-04-22 17:32:38 Image size of job updated: 2952
	2952  -  MemoryUsage of job (MB)
	3023136  -  ResidentSetSize of job (KB)
...
006 (52851340.004.000) 2025-04-22 17:32:38 Image size of job updated: 2797
	2797  -  MemoryUsage of job (MB)
	2864832  -  ResidentSetSize of job (KB)
...
006 (52851340.003.000) 2025-04-22 17:33:34 Image size of job updated: 2532
	2532  -  MemoryUsage of job (MB)
	2593524  -  ResidentSetSize of job (KB)
...
006 (52851340.000.000) 2025-04-22 17:33:37 Image size of job updated: 3790
	3790  -  MemoryUsage of job (MB)
	3881624  -  ResidentSetSize of job (KB)
...
006 (52851340.004.000) 2025-04-22 17:33:39 Image size of job updated: 2829
	2829  -  MemoryUsage of job (MB)
	2897348  -  ResidentSetSize of job (KB)
...
006 (52851340.002.000) 2025-04-22 17:33:39 Image size of job updated: 2982
	2982  -  MemoryUsage of job (MB)
	3053664  -  ResidentSetSize of job (KB)
...
006 (52851340.003.000) 2025-04-22 17:34:35 Image size of job updated: 2564
	2564  -  MemoryUsage of job (MB)
	2625728  -  ResidentSetSize of job (KB)
...
006 (52851340.000.000) 2025-04-22 17:34:37 Image size of job updated: 3822
	3822  -  MemoryUsage of job (MB)
	3914172  -  ResidentSetSize of job (KB)
...
006 (52851340.004.000) 2025-04-22 17:34:40 Image size of job updated: 2860
	2860  -  MemoryUsage of job (MB)
	2929428  -  ResidentSetSize of job (KB)
...
006 (52851340.002.000) 2025-04-22 17:34:40 Image size of job updated: 3012
	3012  -  MemoryUsage of job (MB)
	3084720  -  ResidentSetSize of job (KB)
...
006 (52851340.003.000) 2025-04-22 17:35:35 Image size of job updated: 2594
	2594  -  MemoryUsage of job (MB)
	2656920  -  ResidentSetSize of job (KB)
...
006 (52851340.000.000) 2025-04-22 17:35:37 Image size of job updated: 3855
	3855  -  MemoryUsage of job (MB)
	3947852  -  ResidentSetSize of job (KB)
...
006 (52851340.004.000) 2025-04-22 17:35:40 Image size of job updated: 2908
	2908  -  MemoryUsage of job (MB)
	2978176  -  ResidentSetSize of job (KB)
...
006 (52851340.002.000) 2025-04-22 17:35:41 Image size of job updated: 3042
	3042  -  MemoryUsage of job (MB)
	3115040  -  ResidentSetSize of job (KB)
...
006 (52851340.003.000) 2025-04-22 17:36:35 Image size of job updated: 2626
	2626  -  MemoryUsage of job (MB)
	2689248  -  ResidentSetSize of job (KB)
...
006 (52851340.000.000) 2025-04-22 17:36:38 Image size of job updated: 3916
	3916  -  MemoryUsage of job (MB)
	4010808  -  ResidentSetSize of job (KB)
...
006 (52851340.004.000) 2025-04-22 17:36:40 Image size of job updated: 2945
	2945  -  MemoryUsage of job (MB)
	3016368  -  ResidentSetSize of job (KB)
...
006 (52851340.002.000) 2025-04-22 17:36:42 Image size of job updated: 3071
	3071  -  MemoryUsage of job (MB)
	3145696  -  ResidentSetSize of job (KB)
...
006 (52851340.003.000) 2025-04-22 17:37:36 Image size of job updated: 2664
	2664  -  MemoryUsage of job (MB)
	2728952  -  ResidentSetSize of job (KB)
...
006 (52851340.000.000) 2025-04-22 17:37:38 Image size of job updated: 3948
	3948  -  MemoryUsage of job (MB)
	4043388  -  ResidentSetSize of job (KB)
...
006 (52851340.004.000) 2025-04-22 17:37:41 Image size of job updated: 2983
	2983  -  MemoryUsage of job (MB)
	3055276  -  ResidentSetSize of job (KB)
...
006 (52851340.002.000) 2025-04-22 17:37:42 Image size of job updated: 3102
	3102  -  MemoryUsage of job (MB)
	3176528  -  ResidentSetSize of job (KB)
...
006 (52851340.003.000) 2025-04-22 17:38:37 Image size of job updated: 2716
	2716  -  MemoryUsage of job (MB)
	2781320  -  ResidentSetSize of job (KB)
...
006 (52851340.000.000) 2025-04-22 17:38:38 Image size of job updated: 3980
	3980  -  MemoryUsage of job (MB)
	4075944  -  ResidentSetSize of job (KB)
...
006 (52851340.004.000) 2025-04-22 17:38:42 Image size of job updated: 3014
	3014  -  MemoryUsage of job (MB)
	3086792  -  ResidentSetSize of job (KB)
...
006 (52851340.002.000) 2025-04-22 17:38:42 Image size of job updated: 3131
	3131  -  MemoryUsage of job (MB)
	3206884  -  ResidentSetSize of job (KB)
...
006 (52851340.003.000) 2025-04-22 17:39:37 Image size of job updated: 2745
	2745  -  MemoryUsage of job (MB)
	2811636  -  ResidentSetSize of job (KB)
...
006 (52851340.000.000) 2025-04-22 17:39:38 Image size of job updated: 4012
	4012  -  MemoryUsage of job (MB)
	4108432  -  ResidentSetSize of job (KB)
...
006 (52851340.004.000) 2025-04-22 17:39:42 Image size of job updated: 3044
	3044  -  MemoryUsage of job (MB)
	3117324  -  ResidentSetSize of job (KB)
...
006 (52851340.002.000) 2025-04-22 17:39:42 Image size of job updated: 3161
	3161  -  MemoryUsage of job (MB)
	3237256  -  ResidentSetSize of job (KB)
...
006 (52851340.003.000) 2025-04-22 17:40:37 Image size of job updated: 2775
	2775  -  MemoryUsage of job (MB)
	2842324  -  ResidentSetSize of job (KB)
...
006 (52851340.000.000) 2025-04-22 17:40:39 Image size of job updated: 4043
	4043  -  MemoryUsage of job (MB)
	4140920  -  ResidentSetSize of job (KB)
...
006 (52851340.004.000) 2025-04-22 17:40:43 Image size of job updated: 3075
	3075  -  MemoryUsage of job (MB)
	3148884  -  ResidentSetSize of job (KB)
...
006 (52851340.002.000) 2025-04-22 17:40:43 Image size of job updated: 3190
	3190  -  MemoryUsage of job (MB)
	3267480  -  ResidentSetSize of job (KB)
...
006 (52851340.003.000) 2025-04-22 17:41:38 Image size of job updated: 2805
	2805  -  MemoryUsage of job (MB)
	2873164  -  ResidentSetSize of job (KB)
...
006 (52851340.000.000) 2025-04-22 17:41:40 Image size of job updated: 4106
	4106  -  MemoryUsage of job (MB)
	4204736  -  ResidentSetSize of job (KB)
...
006 (52851340.004.000) 2025-04-22 17:41:43 Image size of job updated: 3105
	3105  -  MemoryUsage of job (MB)
	3180340  -  ResidentSetSize of job (KB)
...
006 (52851340.002.000) 2025-04-22 17:41:44 Image size of job updated: 3220
	3220  -  MemoryUsage of job (MB)
	3297824  -  ResidentSetSize of job (KB)
...
006 (52851340.003.000) 2025-04-22 17:42:38 Image size of job updated: 2837
	2837  -  MemoryUsage of job (MB)
	2905748  -  ResidentSetSize of job (KB)
...
006 (52851340.000.000) 2025-04-22 17:42:40 Image size of job updated: 4137
	4137  -  MemoryUsage of job (MB)
	4237004  -  ResidentSetSize of job (KB)
...
006 (52851340.004.000) 2025-04-22 17:42:43 Image size of job updated: 3137
	3137  -  MemoryUsage of job (MB)
	3212960  -  ResidentSetSize of job (KB)
...
006 (52851340.002.000) 2025-04-22 17:42:45 Image size of job updated: 3250
	3250  -  MemoryUsage of job (MB)
	3328688  -  ResidentSetSize of job (KB)
...
006 (52851340.003.000) 2025-04-22 17:43:38 Image size of job updated: 2896
	2896  -  MemoryUsage of job (MB)
	2966420  -  ResidentSetSize of job (KB)
...
006 (52851340.000.000) 2025-04-22 17:43:40 Image size of job updated: 4169
	4169  -  MemoryUsage of job (MB)
	4269368  -  ResidentSetSize of job (KB)
...
006 (52851340.004.000) 2025-04-22 17:43:44 Image size of job updated: 3194
	3194  -  MemoryUsage of job (MB)
	3271296  -  ResidentSetSize of job (KB)
...
006 (52851340.002.000) 2025-04-22 17:43:45 Image size of job updated: 3280
	3280  -  MemoryUsage of job (MB)
	3359060  -  ResidentSetSize of job (KB)
...
006 (52851340.003.000) 2025-04-22 17:44:39 Image size of job updated: 2927
	2927  -  MemoryUsage of job (MB)
	2997472  -  ResidentSetSize of job (KB)
...
006 (52851340.000.000) 2025-04-22 17:44:41 Image size of job updated: 4200
	4200  -  MemoryUsage of job (MB)
	4301556  -  ResidentSetSize of job (KB)
...
006 (52851340.004.000) 2025-04-22 17:44:44 Image size of job updated: 3225
	3225  -  MemoryUsage of job (MB)
	3302748  -  ResidentSetSize of job (KB)
...
006 (52851340.002.000) 2025-04-22 17:44:45 Image size of job updated: 3310
	3310  -  MemoryUsage of job (MB)
	3390408  -  ResidentSetSize of job (KB)
...
006 (52851340.003.000) 2025-04-22 17:45:40 Image size of job updated: 2958
	2958  -  MemoryUsage of job (MB)
	3029664  -  ResidentSetSize of job (KB)
...
006 (52851340.000.000) 2025-04-22 17:45:42 Image size of job updated: 4232
	4232  -  MemoryUsage of job (MB)
	4333948  -  ResidentSetSize of job (KB)
...
006 (52851340.004.000) 2025-04-22 17:45:45 Image size of job updated: 3255
	3255  -  MemoryUsage of job (MB)
	3333880  -  ResidentSetSize of job (KB)
...
006 (52851340.002.000) 2025-04-22 17:45:46 Image size of job updated: 3341
	3341  -  MemoryUsage of job (MB)
	3421352  -  ResidentSetSize of job (KB)
...
006 (52851340.003.000) 2025-04-22 17:46:40 Image size of job updated: 2990
	2990  -  MemoryUsage of job (MB)
	3061912  -  ResidentSetSize of job (KB)
...
006 (52851340.000.000) 2025-04-22 17:46:42 Image size of job updated: 4262
	4262  -  MemoryUsage of job (MB)
	4364628  -  ResidentSetSize of job (KB)
...
006 (52851340.004.000) 2025-04-22 17:46:46 Image size of job updated: 3286
	3286  -  MemoryUsage of job (MB)
	3365260  -  ResidentSetSize of job (KB)
...
006 (52851340.002.000) 2025-04-22 17:46:46 Image size of job updated: 3371
	3371  -  MemoryUsage of job (MB)
	3452088  -  ResidentSetSize of job (KB)
...
006 (52851340.003.000) 2025-04-22 17:47:41 Image size of job updated: 3021
	3021  -  MemoryUsage of job (MB)
	3094116  -  ResidentSetSize of job (KB)
...
006 (52851340.000.000) 2025-04-22 17:47:43 Image size of job updated: 4292
	4292  -  MemoryUsage of job (MB)
	4395516  -  ResidentSetSize of job (KB)
...
006 (52851340.004.000) 2025-04-22 17:47:46 Image size of job updated: 3318
	3318  -  MemoryUsage of job (MB)
	3398036  -  ResidentSetSize of job (KB)
...
006 (52851340.002.000) 2025-04-22 17:47:47 Image size of job updated: 3429
	3429  -  MemoryUsage of job (MB)
	3511820  -  ResidentSetSize of job (KB)
...
006 (52851340.003.000) 2025-04-22 17:48:41 Image size of job updated: 3089
	3089  -  MemoryUsage of job (MB)
	3163744  -  ResidentSetSize of job (KB)
...
006 (52851340.000.000) 2025-04-22 17:48:44 Image size of job updated: 4322
	4322  -  MemoryUsage of job (MB)
	4426396  -  ResidentSetSize of job (KB)
...
006 (52851340.004.000) 2025-04-22 17:48:47 Image size of job updated: 3381
	3381  -  MemoryUsage of job (MB)
	3462264  -  ResidentSetSize of job (KB)
...
006 (52851340.002.000) 2025-04-22 17:48:48 Image size of job updated: 3459
	3459  -  MemoryUsage of job (MB)
	3542400  -  ResidentSetSize of job (KB)
...
006 (52851340.003.000) 2025-04-22 17:49:42 Image size of job updated: 3119
	3119  -  MemoryUsage of job (MB)
	3193968  -  ResidentSetSize of job (KB)
...
006 (52851340.000.000) 2025-04-22 17:49:44 Image size of job updated: 4327
	4327  -  MemoryUsage of job (MB)
	4431292  -  ResidentSetSize of job (KB)
...
006 (52851340.004.000) 2025-04-22 17:49:47 Image size of job updated: 3440
	3440  -  MemoryUsage of job (MB)
	3523548  -  ResidentSetSize of job (KB)
...
006 (52851340.002.000) 2025-04-22 17:49:48 Image size of job updated: 3488
	3488  -  MemoryUsage of job (MB)
	3572484  -  ResidentSetSize of job (KB)
...
006 (52851340.003.000) 2025-04-22 17:50:42 Image size of job updated: 3150
	3150  -  MemoryUsage of job (MB)
	3226428  -  ResidentSetSize of job (KB)
...
006 (52851340.000.000) 2025-04-22 17:50:45 Image size of job updated: 4366
	4366  -  MemoryUsage of job (MB)
	4470992  -  ResidentSetSize of job (KB)
...
006 (52851340.004.000) 2025-04-22 17:50:48 Image size of job updated: 3471
	3471  -  MemoryUsage of job (MB)
	3554504  -  ResidentSetSize of job (KB)
...
006 (52851340.002.000) 2025-04-22 17:50:49 Image size of job updated: 3518
	3518  -  MemoryUsage of job (MB)
	3603036  -  ResidentSetSize of job (KB)
...
006 (52851340.003.000) 2025-04-22 17:51:42 Image size of job updated: 3209
	3209  -  MemoryUsage of job (MB)
	3286368  -  ResidentSetSize of job (KB)
...
006 (52851340.000.000) 2025-04-22 17:51:46 Image size of job updated: 4396
	4396  -  MemoryUsage of job (MB)
	4501720  -  ResidentSetSize of job (KB)
...
006 (52851340.004.000) 2025-04-22 17:51:48 Image size of job updated: 3501
	3501  -  MemoryUsage of job (MB)
	3585472  -  ResidentSetSize of job (KB)
...
006 (52851340.002.000) 2025-04-22 17:51:49 Image size of job updated: 3547
	3547  -  MemoryUsage of job (MB)
	3633016  -  ResidentSetSize of job (KB)
...
006 (52851340.003.000) 2025-04-22 17:52:43 Image size of job updated: 3239
	3239  -  MemoryUsage of job (MB)
	3317056  -  ResidentSetSize of job (KB)
...
006 (52851340.000.000) 2025-04-22 17:52:47 Image size of job updated: 4426
	4426  -  MemoryUsage of job (MB)
	4532416  -  ResidentSetSize of job (KB)
...
006 (52851340.004.000) 2025-04-22 17:52:49 Image size of job updated: 3532
	3532  -  MemoryUsage of job (MB)
	3617788  -  ResidentSetSize of job (KB)
...
006 (52851340.002.000) 2025-04-22 17:52:50 Image size of job updated: 3577
	3577  -  MemoryUsage of job (MB)
	3663348  -  ResidentSetSize of job (KB)
...
006 (52851340.003.000) 2025-04-22 17:53:44 Image size of job updated: 3287
	3287  -  MemoryUsage of job (MB)
	3366636  -  ResidentSetSize of job (KB)
...
006 (52851340.000.000) 2025-04-22 17:53:47 Image size of job updated: 4456
	4456  -  MemoryUsage of job (MB)
	4563064  -  ResidentSetSize of job (KB)
...
006 (52851340.004.000) 2025-04-22 17:53:49 Image size of job updated: 3593
	3593  -  MemoryUsage of job (MB)
	3679856  -  ResidentSetSize of job (KB)
...
006 (52851340.002.000) 2025-04-22 17:53:51 Image size of job updated: 3606
	3606  -  MemoryUsage of job (MB)
	3693556  -  ResidentSetSize of job (KB)
...
006 (52851340.003.000) 2025-04-22 17:54:44 Image size of job updated: 3329
	3329  -  MemoryUsage of job (MB)
	3408920  -  ResidentSetSize of job (KB)
...
006 (52851340.000.000) 2025-04-22 17:54:48 Image size of job updated: 4456
	4456  -  MemoryUsage of job (MB)
	4563220  -  ResidentSetSize of job (KB)
...
006 (52851340.004.000) 2025-04-22 17:54:50 Image size of job updated: 3625
	3625  -  MemoryUsage of job (MB)
	3712120  -  ResidentSetSize of job (KB)
...
006 (52851340.002.000) 2025-04-22 17:54:51 Image size of job updated: 3636
	3636  -  MemoryUsage of job (MB)
	3723816  -  ResidentSetSize of job (KB)
...
006 (52851340.003.000) 2025-04-22 17:55:44 Image size of job updated: 3359
	3359  -  MemoryUsage of job (MB)
	3439968  -  ResidentSetSize of job (KB)
...
006 (52851340.000.000) 2025-04-22 17:55:48 Image size of job updated: 4486
	4486  -  MemoryUsage of job (MB)
	4594000  -  ResidentSetSize of job (KB)
...
006 (52851340.002.000) 2025-04-22 17:55:51 Image size of job updated: 3665
	3665  -  MemoryUsage of job (MB)
	3753796  -  ResidentSetSize of job (KB)
...
006 (52851340.004.000) 2025-04-22 17:55:51 Image size of job updated: 3655
	3655  -  MemoryUsage of job (MB)
	3743160  -  ResidentSetSize of job (KB)
...
006 (52851340.003.000) 2025-04-22 17:56:45 Image size of job updated: 3389
	3389  -  MemoryUsage of job (MB)
	3470556  -  ResidentSetSize of job (KB)
...
006 (52851340.000.000) 2025-04-22 17:56:49 Image size of job updated: 4515
	4515  -  MemoryUsage of job (MB)
	4624220  -  ResidentSetSize of job (KB)
...
006 (52851340.004.000) 2025-04-22 17:56:51 Image size of job updated: 3686
	3686  -  MemoryUsage of job (MB)
	3775196  -  ResidentSetSize of job (KB)
...
006 (52851340.002.000) 2025-04-22 17:56:51 Image size of job updated: 3695
	3695  -  MemoryUsage of job (MB)
	3783816  -  ResidentSetSize of job (KB)
...
006 (52851340.003.000) 2025-04-22 17:57:46 Image size of job updated: 3419
	3419  -  MemoryUsage of job (MB)
	3501580  -  ResidentSetSize of job (KB)
...
006 (52851340.000.000) 2025-04-22 17:57:50 Image size of job updated: 4545
	4545  -  MemoryUsage of job (MB)
	4654872  -  ResidentSetSize of job (KB)
...
006 (52851340.004.000) 2025-04-22 17:57:52 Image size of job updated: 3717
	3717  -  MemoryUsage of job (MB)
	3807140  -  ResidentSetSize of job (KB)
...
006 (52851340.002.000) 2025-04-22 17:57:52 Image size of job updated: 3724
	3724  -  MemoryUsage of job (MB)
	3813764  -  ResidentSetSize of job (KB)
...
006 (52851340.003.000) 2025-04-22 17:58:46 Image size of job updated: 3426
	3426  -  MemoryUsage of job (MB)
	3509116  -  ResidentSetSize of job (KB)
...
006 (52851340.000.000) 2025-04-22 17:58:50 Image size of job updated: 4545
	4545  -  MemoryUsage of job (MB)
	4655020  -  ResidentSetSize of job (KB)
...
006 (52851340.004.000) 2025-04-22 17:58:52 Image size of job updated: 3748
	3748  -  MemoryUsage of job (MB)
	3838840  -  ResidentSetSize of job (KB)
...
006 (52851340.002.000) 2025-04-22 17:58:53 Image size of job updated: 3753
	3753  -  MemoryUsage of job (MB)
	3843324  -  ResidentSetSize of job (KB)
...
006 (52851340.003.000) 2025-04-22 17:59:46 Image size of job updated: 3450
	3450  -  MemoryUsage of job (MB)
	3533692  -  ResidentSetSize of job (KB)
...
006 (52851340.000.000) 2025-04-22 17:59:50 Image size of job updated: 4576
	4576  -  MemoryUsage of job (MB)
	4686024  -  ResidentSetSize of job (KB)
...
006 (52851340.002.000) 2025-04-22 17:59:53 Image size of job updated: 3782
	3782  -  MemoryUsage of job (MB)
	3873124  -  ResidentSetSize of job (KB)
...
006 (52851340.004.000) 2025-04-22 17:59:53 Image size of job updated: 3779
	3779  -  MemoryUsage of job (MB)
	3870044  -  ResidentSetSize of job (KB)
...
006 (52851340.003.000) 2025-04-22 18:00:47 Image size of job updated: 3482
	3482  -  MemoryUsage of job (MB)
	3565764  -  ResidentSetSize of job (KB)
...
006 (52851340.000.000) 2025-04-22 18:00:51 Image size of job updated: 4606
	4606  -  MemoryUsage of job (MB)
	4716964  -  ResidentSetSize of job (KB)
...
006 (52851340.004.000) 2025-04-22 18:00:53 Image size of job updated: 3832
	3832  -  MemoryUsage of job (MB)
	3924668  -  ResidentSetSize of job (KB)
...
006 (52851340.002.000) 2025-04-22 18:00:53 Image size of job updated: 3811
	3811  -  MemoryUsage of job (MB)
	3902808  -  ResidentSetSize of job (KB)
...
006 (52851340.003.000) 2025-04-22 18:01:48 Image size of job updated: 3483
	3483  -  MemoryUsage of job (MB)
	3567400  -  ResidentSetSize of job (KB)
...
006 (52851340.000.000) 2025-04-22 18:01:52 Image size of job updated: 4631
	4631  -  MemoryUsage of job (MB)
	4742272  -  ResidentSetSize of job (KB)
...
006 (52851340.004.000) 2025-04-22 18:01:53 Image size of job updated: 3838
	3838  -  MemoryUsage of job (MB)
	3930800  -  ResidentSetSize of job (KB)
...
006 (52851340.002.000) 2025-04-22 18:01:54 Image size of job updated: 3839
	3839  -  MemoryUsage of job (MB)
	3932024  -  ResidentSetSize of job (KB)
...
006 (52851340.003.000) 2025-04-22 18:02:48 Image size of job updated: 3514
	3514  -  MemoryUsage of job (MB)
	3598344  -  ResidentSetSize of job (KB)
...
006 (52851340.000.000) 2025-04-22 18:02:52 Image size of job updated: 4649
	4649  -  MemoryUsage of job (MB)
	4760680  -  ResidentSetSize of job (KB)
...
006 (52851340.004.000) 2025-04-22 18:02:54 Image size of job updated: 3897
	3897  -  MemoryUsage of job (MB)
	3991032  -  ResidentSetSize of job (KB)
...
006 (52851340.002.000) 2025-04-22 18:02:55 Image size of job updated: 3868
	3868  -  MemoryUsage of job (MB)
	3961780  -  ResidentSetSize of job (KB)
...
006 (52851340.000.000) 2025-04-22 18:03:53 Image size of job updated: 4666
	4666  -  MemoryUsage of job (MB)
	4778236  -  ResidentSetSize of job (KB)
...
006 (52851340.004.000) 2025-04-22 18:03:54 Image size of job updated: 3928
	3928  -  MemoryUsage of job (MB)
	4022728  -  ResidentSetSize of job (KB)
...
006 (52851340.002.000) 2025-04-22 18:03:56 Image size of job updated: 3898
	3898  -  MemoryUsage of job (MB)
	3992072  -  ResidentSetSize of job (KB)
...
006 (52851340.003.000) 2025-04-22 18:04:49 Image size of job updated: 3538
	3538  -  MemoryUsage of job (MB)
	3623888  -  ResidentSetSize of job (KB)
...
006 (52851340.000.000) 2025-04-22 18:04:54 Image size of job updated: 4696
	4696  -  MemoryUsage of job (MB)
	4809104  -  ResidentSetSize of job (KB)
...
006 (52851340.004.000) 2025-04-22 18:04:55 Image size of job updated: 3959
	3959  -  MemoryUsage of job (MB)
	4054864  -  ResidentSetSize of job (KB)
...
006 (52851340.002.000) 2025-04-22 18:04:56 Image size of job updated: 3956
	3956  -  MemoryUsage of job (MB)
	4050980  -  ResidentSetSize of job (KB)
...
006 (52851340.000.000) 2025-04-22 18:05:54 Image size of job updated: 4726
	4726  -  MemoryUsage of job (MB)
	4839800  -  ResidentSetSize of job (KB)
...
006 (52851340.004.000) 2025-04-22 18:05:55 Image size of job updated: 3991
	3991  -  MemoryUsage of job (MB)
	4087388  -  ResidentSetSize of job (KB)
...
006 (52851340.002.000) 2025-04-22 18:05:57 Image size of job updated: 3984
	3984  -  MemoryUsage of job (MB)
	4080408  -  ResidentSetSize of job (KB)
...
006 (52851340.003.000) 2025-04-22 18:06:50 Image size of job updated: 3540
	3540  -  MemoryUsage of job (MB)
	3625504  -  ResidentSetSize of job (KB)
...
006 (52851340.000.000) 2025-04-22 18:06:55 Image size of job updated: 4756
	4756  -  MemoryUsage of job (MB)
	4870676  -  ResidentSetSize of job (KB)
...
006 (52851340.004.000) 2025-04-22 18:06:55 Image size of job updated: 4022
	4022  -  MemoryUsage of job (MB)
	4119380  -  ResidentSetSize of job (KB)
...
006 (52851340.002.000) 2025-04-22 18:06:58 Image size of job updated: 4013
	4013  -  MemoryUsage of job (MB)
	4109968  -  ResidentSetSize of job (KB)
...
006 (52851340.003.000) 2025-04-22 18:07:50 Image size of job updated: 3600
	3600  -  MemoryUsage of job (MB)
	3686412  -  ResidentSetSize of job (KB)
...
006 (52851340.004.000) 2025-04-22 18:07:56 Image size of job updated: 4084
	4084  -  MemoryUsage of job (MB)
	4182980  -  ResidentSetSize of job (KB)
...
006 (52851340.002.000) 2025-04-22 18:07:58 Image size of job updated: 4043
	4043  -  MemoryUsage of job (MB)
	4140232  -  ResidentSetSize of job (KB)
...
006 (52851340.003.000) 2025-04-22 18:08:51 Image size of job updated: 3631
	3631  -  MemoryUsage of job (MB)
	3718184  -  ResidentSetSize of job (KB)
...
006 (52851340.000.000) 2025-04-22 18:08:55 Image size of job updated: 4786
	4786  -  MemoryUsage of job (MB)
	4901480  -  ResidentSetSize of job (KB)
...
006 (52851340.004.000) 2025-04-22 18:08:56 Image size of job updated: 4115
	4115  -  MemoryUsage of job (MB)
	4214428  -  ResidentSetSize of job (KB)
...
006 (52851340.002.000) 2025-04-22 18:08:58 Image size of job updated: 4072
	4072  -  MemoryUsage of job (MB)
	4169972  -  ResidentSetSize of job (KB)
...
006 (52851340.003.000) 2025-04-22 18:09:53 Image size of job updated: 3664
	3664  -  MemoryUsage of job (MB)
	3752920  -  ResidentSetSize of job (KB)
...
006 (52851340.000.000) 2025-04-22 18:09:56 Image size of job updated: 4816
	4816  -  MemoryUsage of job (MB)
	4932152  -  ResidentSetSize of job (KB)
...
006 (52851340.004.000) 2025-04-22 18:09:57 Image size of job updated: 4146
	4146  -  MemoryUsage of job (MB)
	4245724  -  ResidentSetSize of job (KB)
...
006 (52851340.002.000) 2025-04-22 18:09:59 Image size of job updated: 4101
	4101  -  MemoryUsage of job (MB)
	4199608  -  ResidentSetSize of job (KB)
...
006 (52851340.003.000) 2025-04-22 18:10:53 Image size of job updated: 3694
	3694  -  MemoryUsage of job (MB)
	3783548  -  ResidentSetSize of job (KB)
...
006 (52851340.000.000) 2025-04-22 18:10:56 Image size of job updated: 4846
	4846  -  MemoryUsage of job (MB)
	4962896  -  ResidentSetSize of job (KB)
...
006 (52851340.004.000) 2025-04-22 18:10:58 Image size of job updated: 4176
	4176  -  MemoryUsage of job (MB)
	4277076  -  ResidentSetSize of job (KB)
...
006 (52851340.002.000) 2025-04-22 18:11:00 Image size of job updated: 4130
	4130  -  MemoryUsage of job (MB)
	4229376  -  ResidentSetSize of job (KB)
...
006 (52851340.003.000) 2025-04-22 18:11:54 Image size of job updated: 3725
	3725  -  MemoryUsage of job (MB)
	3815236  -  ResidentSetSize of job (KB)
...
006 (52851340.000.000) 2025-04-22 18:11:56 Image size of job updated: 4876
	4876  -  MemoryUsage of job (MB)
	4993572  -  ResidentSetSize of job (KB)
...
006 (52851340.004.000) 2025-04-22 18:11:58 Image size of job updated: 4208
	4208  -  MemoryUsage of job (MB)
	4309688  -  ResidentSetSize of job (KB)
...
006 (52851340.002.000) 2025-04-22 18:12:01 Image size of job updated: 4159
	4159  -  MemoryUsage of job (MB)
	4258952  -  ResidentSetSize of job (KB)
...
006 (52851340.003.000) 2025-04-22 18:12:55 Image size of job updated: 3758
	3758  -  MemoryUsage of job (MB)
	3848272  -  ResidentSetSize of job (KB)
...
006 (52851340.000.000) 2025-04-22 18:12:57 Image size of job updated: 4876
	4876  -  MemoryUsage of job (MB)
	4993880  -  ResidentSetSize of job (KB)
...
006 (52851340.004.000) 2025-04-22 18:12:59 Image size of job updated: 4263
	4263  -  MemoryUsage of job (MB)
	4365988  -  ResidentSetSize of job (KB)
...
006 (52851340.002.000) 2025-04-22 18:13:01 Image size of job updated: 4188
	4188  -  MemoryUsage of job (MB)
	4288756  -  ResidentSetSize of job (KB)
...
006 (52851340.003.000) 2025-04-22 18:13:55 Image size of job updated: 3820
	3820  -  MemoryUsage of job (MB)
	3911784  -  ResidentSetSize of job (KB)
...
006 (52851340.000.000) 2025-04-22 18:13:57 Image size of job updated: 4906
	4906  -  MemoryUsage of job (MB)
	5024476  -  ResidentSetSize of job (KB)
...
006 (52851340.004.000) 2025-04-22 18:13:59 Image size of job updated: 4300
	4300  -  MemoryUsage of job (MB)
	4403516  -  ResidentSetSize of job (KB)
...
006 (52851340.002.000) 2025-04-22 18:14:01 Image size of job updated: 4217
	4217  -  MemoryUsage of job (MB)
	4318684  -  ResidentSetSize of job (KB)
...
006 (52851340.003.000) 2025-04-22 18:14:56 Image size of job updated: 3851
	3851  -  MemoryUsage of job (MB)
	3943964  -  ResidentSetSize of job (KB)
...
006 (52851340.000.000) 2025-04-22 18:14:57 Image size of job updated: 4937
	4937  -  MemoryUsage of job (MB)
	5055572  -  ResidentSetSize of job (KB)
...
006 (52851340.004.000) 2025-04-22 18:15:00 Image size of job updated: 4330
	4330  -  MemoryUsage of job (MB)
	4434152  -  ResidentSetSize of job (KB)
...
006 (52851340.002.000) 2025-04-22 18:15:02 Image size of job updated: 4246
	4246  -  MemoryUsage of job (MB)
	4348184  -  ResidentSetSize of job (KB)
...
006 (52851340.003.000) 2025-04-22 18:15:57 Image size of job updated: 3906
	3906  -  MemoryUsage of job (MB)
	4000092  -  ResidentSetSize of job (KB)
...
006 (52851340.000.000) 2025-04-22 18:15:58 Image size of job updated: 4967
	4967  -  MemoryUsage of job (MB)
	5086256  -  ResidentSetSize of job (KB)
...
006 (52851340.004.000) 2025-04-22 18:16:00 Image size of job updated: 4359
	4359  -  MemoryUsage of job (MB)
	4464264  -  ResidentSetSize of job (KB)
...
006 (52851340.002.000) 2025-04-22 18:16:03 Image size of job updated: 4275
	4275  -  MemoryUsage of job (MB)
	4378004  -  ResidentSetSize of job (KB)
...
006 (52851340.003.000) 2025-04-22 18:16:57 Image size of job updated: 3942
	3942  -  MemoryUsage of job (MB)
	4037460  -  ResidentSetSize of job (KB)
...
006 (52851340.000.000) 2025-04-22 18:16:58 Image size of job updated: 4996
	4996  -  MemoryUsage of job (MB)
	5116784  -  ResidentSetSize of job (KB)
...
006 (52851340.004.000) 2025-04-22 18:17:00 Image size of job updated: 4389
	4389  -  MemoryUsage of job (MB)
	4494812  -  ResidentSetSize of job (KB)
...
006 (52851340.002.000) 2025-04-22 18:17:03 Image size of job updated: 4304
	4304  -  MemoryUsage of job (MB)
	4407628  -  ResidentSetSize of job (KB)
...
006 (52851340.003.000) 2025-04-22 18:17:58 Image size of job updated: 3975
	3975  -  MemoryUsage of job (MB)
	4071252  -  ResidentSetSize of job (KB)
...
006 (52851340.000.000) 2025-04-22 18:17:58 Image size of job updated: 4997
	4997  -  MemoryUsage of job (MB)
	5117004  -  ResidentSetSize of job (KB)
...
006 (52851340.004.000) 2025-04-22 18:18:01 Image size of job updated: 4449
	4449  -  MemoryUsage of job (MB)
	4556636  -  ResidentSetSize of job (KB)
...
006 (52851340.002.000) 2025-04-22 18:18:04 Image size of job updated: 4333
	4333  -  MemoryUsage of job (MB)
	4437356  -  ResidentSetSize of job (KB)
...
006 (52851340.000.000) 2025-04-22 18:18:59 Image size of job updated: 5027
	5027  -  MemoryUsage of job (MB)
	5147880  -  ResidentSetSize of job (KB)
...
006 (52851340.003.000) 2025-04-22 18:18:59 Image size of job updated: 4037
	4037  -  MemoryUsage of job (MB)
	4134100  -  ResidentSetSize of job (KB)
...
006 (52851340.004.000) 2025-04-22 18:19:01 Image size of job updated: 4480
	4480  -  MemoryUsage of job (MB)
	4587584  -  ResidentSetSize of job (KB)
...
006 (52851340.002.000) 2025-04-22 18:19:05 Image size of job updated: 4361
	4361  -  MemoryUsage of job (MB)
	4466512  -  ResidentSetSize of job (KB)
...
006 (52851340.000.000) 2025-04-22 18:19:59 Image size of job updated: 5057
	5057  -  MemoryUsage of job (MB)
	5178804  -  ResidentSetSize of job (KB)
...
006 (52851340.003.000) 2025-04-22 18:19:59 Image size of job updated: 4067
	4067  -  MemoryUsage of job (MB)
	4164988  -  ResidentSetSize of job (KB)
...
006 (52851340.004.000) 2025-04-22 18:20:02 Image size of job updated: 4511
	4511  -  MemoryUsage of job (MB)
	4619844  -  ResidentSetSize of job (KB)
...
006 (52851340.002.000) 2025-04-22 18:20:05 Image size of job updated: 4362
	4362  -  MemoryUsage of job (MB)
	4466736  -  ResidentSetSize of job (KB)
...
006 (52851340.000.000) 2025-04-22 18:21:00 Image size of job updated: 5087
	5087  -  MemoryUsage of job (MB)
	5209476  -  ResidentSetSize of job (KB)
...
006 (52851340.003.000) 2025-04-22 18:21:00 Image size of job updated: 4099
	4099  -  MemoryUsage of job (MB)
	4197564  -  ResidentSetSize of job (KB)
...
006 (52851340.004.000) 2025-04-22 18:21:02 Image size of job updated: 4542
	4542  -  MemoryUsage of job (MB)
	4651368  -  ResidentSetSize of job (KB)
...
006 (52851340.002.000) 2025-04-22 18:21:06 Image size of job updated: 4395
	4395  -  MemoryUsage of job (MB)
	4500944  -  ResidentSetSize of job (KB)
...
006 (52851340.000.000) 2025-04-22 18:22:00 Image size of job updated: 5087
	5087  -  MemoryUsage of job (MB)
	5209492  -  ResidentSetSize of job (KB)
...
006 (52851340.003.000) 2025-04-22 18:22:01 Image size of job updated: 4158
	4158  -  MemoryUsage of job (MB)
	4258272  -  ResidentSetSize of job (KB)
...
006 (52851340.004.000) 2025-04-22 18:22:02 Image size of job updated: 4573
	4573  -  MemoryUsage of job (MB)
	4683480  -  ResidentSetSize of job (KB)
...
006 (52851340.002.000) 2025-04-22 18:22:06 Image size of job updated: 4424
	4424  -  MemoryUsage of job (MB)
	4530300  -  ResidentSetSize of job (KB)
...
006 (52851340.003.000) 2025-04-22 18:23:01 Image size of job updated: 4190
	4190  -  MemoryUsage of job (MB)
	4290984  -  ResidentSetSize of job (KB)
...
006 (52851340.000.000) 2025-04-22 18:23:01 Image size of job updated: 5117
	5117  -  MemoryUsage of job (MB)
	5240124  -  ResidentSetSize of job (KB)
...
006 (52851340.004.000) 2025-04-22 18:23:03 Image size of job updated: 4632
	4632  -  MemoryUsage of job (MB)
	4744164  -  ResidentSetSize of job (KB)
...
006 (52851340.002.000) 2025-04-22 18:23:07 Image size of job updated: 4432
	4432  -  MemoryUsage of job (MB)
	4538872  -  ResidentSetSize of job (KB)
...
006 (52851340.003.000) 2025-04-22 18:24:01 Image size of job updated: 4250
	4250  -  MemoryUsage of job (MB)
	4352676  -  ResidentSetSize of job (KB)
...
006 (52851340.000.000) 2025-04-22 18:24:02 Image size of job updated: 5147
	5147  -  MemoryUsage of job (MB)
	5270792  -  ResidentSetSize of job (KB)
...
006 (52851340.004.000) 2025-04-22 18:24:03 Image size of job updated: 4663
	4663  -  MemoryUsage of job (MB)
	4775016  -  ResidentSetSize of job (KB)
...
006 (52851340.002.000) 2025-04-22 18:24:08 Image size of job updated: 4452
	4452  -  MemoryUsage of job (MB)
	4559716  -  ResidentSetSize of job (KB)
...
006 (52851340.003.000) 2025-04-22 18:25:02 Image size of job updated: 4280
	4280  -  MemoryUsage of job (MB)
	4382972  -  ResidentSetSize of job (KB)
...
006 (52851340.000.000) 2025-04-22 18:25:02 Image size of job updated: 5148
	5148  -  MemoryUsage of job (MB)
	5271584  -  ResidentSetSize of job (KB)
...
006 (52851340.004.000) 2025-04-22 18:25:04 Image size of job updated: 4692
	4692  -  MemoryUsage of job (MB)
	4805528  -  ResidentSetSize of job (KB)
...
006 (52851340.002.000) 2025-04-22 18:25:08 Image size of job updated: 4481
	4481  -  MemoryUsage of job (MB)
	4589316  -  ResidentSetSize of job (KB)
...
006 (52851340.003.000) 2025-04-22 18:26:02 Image size of job updated: 4312
	4312  -  MemoryUsage of job (MB)
	4416204  -  ResidentSetSize of job (KB)
...
006 (52851340.000.000) 2025-04-22 18:26:03 Image size of job updated: 5177
	5177  -  MemoryUsage of job (MB)
	5301616  -  ResidentSetSize of job (KB)
...
006 (52851340.004.000) 2025-04-22 18:26:05 Image size of job updated: 4724
	4724  -  MemoryUsage of job (MB)
	4837992  -  ResidentSetSize of job (KB)
...
006 (52851340.002.000) 2025-04-22 18:26:08 Image size of job updated: 4516
	4516  -  MemoryUsage of job (MB)
	4625232  -  ResidentSetSize of job (KB)
...
006 (52851340.003.000) 2025-04-22 18:27:02 Image size of job updated: 4373
	4373  -  MemoryUsage of job (MB)
	4478796  -  ResidentSetSize of job (KB)
...
006 (52851340.000.000) 2025-04-22 18:27:04 Image size of job updated: 5207
	5207  -  MemoryUsage of job (MB)
	5332004  -  ResidentSetSize of job (KB)
...
006 (52851340.004.000) 2025-04-22 18:27:05 Image size of job updated: 4754
	4754  -  MemoryUsage of job (MB)
	4868164  -  ResidentSetSize of job (KB)
...
006 (52851340.003.000) 2025-04-22 18:28:03 Image size of job updated: 4404
	4404  -  MemoryUsage of job (MB)
	4509956  -  ResidentSetSize of job (KB)
...
006 (52851340.000.000) 2025-04-22 18:28:04 Image size of job updated: 5236
	5236  -  MemoryUsage of job (MB)
	5362596  -  ResidentSetSize of job (KB)
...
006 (52851340.004.000) 2025-04-22 18:28:06 Image size of job updated: 4785
	4785  -  MemoryUsage of job (MB)
	4900256  -  ResidentSetSize of job (KB)
...
006 (52851340.002.000) 2025-04-22 18:28:10 Image size of job updated: 4545
	4545  -  MemoryUsage of job (MB)
	4654652  -  ResidentSetSize of job (KB)
...
006 (52851340.003.000) 2025-04-22 18:29:03 Image size of job updated: 4465
	4465  -  MemoryUsage of job (MB)
	4572472  -  ResidentSetSize of job (KB)
...
006 (52851340.000.000) 2025-04-22 18:29:05 Image size of job updated: 5266
	5266  -  MemoryUsage of job (MB)
	5393228  -  ResidentSetSize of job (KB)
...
006 (52851340.004.000) 2025-04-22 18:29:06 Image size of job updated: 4842
	4842  -  MemoryUsage of job (MB)
	4958776  -  ResidentSetSize of job (KB)
...
006 (52851340.002.000) 2025-04-22 18:29:10 Image size of job updated: 4574
	4574  -  MemoryUsage of job (MB)
	4684216  -  ResidentSetSize of job (KB)
...
006 (52851340.003.000) 2025-04-22 18:30:03 Image size of job updated: 4496
	4496  -  MemoryUsage of job (MB)
	4603908  -  ResidentSetSize of job (KB)
...
006 (52851340.000.000) 2025-04-22 18:30:06 Image size of job updated: 5266
	5266  -  MemoryUsage of job (MB)
	5393376  -  ResidentSetSize of job (KB)
...
006 (52851340.004.000) 2025-04-22 18:30:06 Image size of job updated: 4871
	4871  -  MemoryUsage of job (MB)
	4988148  -  ResidentSetSize of job (KB)
...
006 (52851340.003.000) 2025-04-22 18:31:04 Image size of job updated: 4528
	4528  -  MemoryUsage of job (MB)
	4637188  -  ResidentSetSize of job (KB)
...
006 (52851340.000.000) 2025-04-22 18:31:06 Image size of job updated: 5296
	5296  -  MemoryUsage of job (MB)
	5423996  -  ResidentSetSize of job (KB)
...
006 (52851340.004.000) 2025-04-22 18:31:07 Image size of job updated: 4901
	4901  -  MemoryUsage of job (MB)
	5019244  -  ResidentSetSize of job (KB)
...
006 (52851340.002.000) 2025-04-22 18:31:12 Image size of job updated: 4603
	4603  -  MemoryUsage of job (MB)
	4713740  -  ResidentSetSize of job (KB)
...
006 (52851340.003.000) 2025-04-22 18:32:04 Image size of job updated: 4575
	4575  -  MemoryUsage of job (MB)
	4685120  -  ResidentSetSize of job (KB)
...
006 (52851340.000.000) 2025-04-22 18:32:07 Image size of job updated: 5326
	5326  -  MemoryUsage of job (MB)
	5454468  -  ResidentSetSize of job (KB)
...
006 (52851340.004.000) 2025-04-22 18:32:08 Image size of job updated: 4933
	4933  -  MemoryUsage of job (MB)
	5051756  -  ResidentSetSize of job (KB)
...
006 (52851340.002.000) 2025-04-22 18:32:13 Image size of job updated: 4631
	4631  -  MemoryUsage of job (MB)
	4743100  -  ResidentSetSize of job (KB)
...
006 (52851340.003.000) 2025-04-22 18:33:04 Image size of job updated: 4601
	4601  -  MemoryUsage of job (MB)
	4712440  -  ResidentSetSize of job (KB)
...
006 (52851340.000.000) 2025-04-22 18:33:08 Image size of job updated: 5356
	5356  -  MemoryUsage of job (MB)
	5485480  -  ResidentSetSize of job (KB)
...
006 (52851340.004.000) 2025-04-22 18:33:08 Image size of job updated: 4994
	4994  -  MemoryUsage of job (MB)
	5114072  -  ResidentSetSize of job (KB)
...
006 (52851340.002.000) 2025-04-22 18:33:14 Image size of job updated: 4658
	4658  -  MemoryUsage of job (MB)
	4770776  -  ResidentSetSize of job (KB)
...
006 (52851340.003.000) 2025-04-22 18:34:05 Image size of job updated: 4648
	4648  -  MemoryUsage of job (MB)
	4759924  -  ResidentSetSize of job (KB)
...
006 (52851340.000.000) 2025-04-22 18:34:08 Image size of job updated: 5357
	5357  -  MemoryUsage of job (MB)
	5485584  -  ResidentSetSize of job (KB)
...
006 (52851340.004.000) 2025-04-22 18:34:09 Image size of job updated: 5025
	5025  -  MemoryUsage of job (MB)
	5145640  -  ResidentSetSize of job (KB)
...
006 (52851340.002.000) 2025-04-22 18:34:14 Image size of job updated: 4660
	4660  -  MemoryUsage of job (MB)
	4772808  -  ResidentSetSize of job (KB)
...
006 (52851340.003.000) 2025-04-22 18:35:05 Image size of job updated: 4678
	4678  -  MemoryUsage of job (MB)
	4790688  -  ResidentSetSize of job (KB)
...
006 (52851340.000.000) 2025-04-22 18:35:09 Image size of job updated: 5386
	5386  -  MemoryUsage of job (MB)
	5516180  -  ResidentSetSize of job (KB)
...
006 (52851340.004.000) 2025-04-22 18:35:09 Image size of job updated: 5055
	5055  -  MemoryUsage of job (MB)
	5177176  -  ResidentSetSize of job (KB)
...
006 (52851340.002.000) 2025-04-22 18:35:15 Image size of job updated: 4689
	4689  -  MemoryUsage of job (MB)
	4802200  -  ResidentSetSize of job (KB)
...
006 (52851340.003.000) 2025-04-22 18:36:05 Image size of job updated: 4737
	4737  -  MemoryUsage of job (MB)
	4851176  -  ResidentSetSize of job (KB)
...
006 (52851340.000.000) 2025-04-22 18:36:10 Image size of job updated: 5416
	5416  -  MemoryUsage of job (MB)
	5546488  -  ResidentSetSize of job (KB)
...
006 (52851340.004.000) 2025-04-22 18:36:10 Image size of job updated: 5086
	5086  -  MemoryUsage of job (MB)
	5208860  -  ResidentSetSize of job (KB)
...
006 (52851340.002.000) 2025-04-22 18:36:16 Image size of job updated: 4713
	4713  -  MemoryUsage of job (MB)
	4827020  -  ResidentSetSize of job (KB)
...
006 (52851340.003.000) 2025-04-22 18:37:06 Image size of job updated: 4767
	4767  -  MemoryUsage of job (MB)
	4881912  -  ResidentSetSize of job (KB)
...
006 (52851340.000.000) 2025-04-22 18:37:10 Image size of job updated: 5446
	5446  -  MemoryUsage of job (MB)
	5577600  -  ResidentSetSize of job (KB)
...
006 (52851340.004.000) 2025-04-22 18:37:10 Image size of job updated: 5116
	5116  -  MemoryUsage of job (MB)
	5239476  -  ResidentSetSize of job (KB)
...
006 (52851340.002.000) 2025-04-22 18:37:16 Image size of job updated: 4718
	4718  -  MemoryUsage of job (MB)
	4831724  -  ResidentSetSize of job (KB)
...
006 (52851340.003.000) 2025-04-22 18:38:07 Image size of job updated: 4797
	4797  -  MemoryUsage of job (MB)
	4912372  -  ResidentSetSize of job (KB)
...
006 (52851340.004.000) 2025-04-22 18:38:10 Image size of job updated: 5159
	5159  -  MemoryUsage of job (MB)
	5283532  -  ResidentSetSize of job (KB)
...
006 (52851340.000.000) 2025-04-22 18:38:10 Image size of job updated: 5476
	5476  -  MemoryUsage of job (MB)
	5608176  -  ResidentSetSize of job (KB)
...
006 (52851340.002.000) 2025-04-22 18:38:17 Image size of job updated: 4747
	4747  -  MemoryUsage of job (MB)
	4860988  -  ResidentSetSize of job (KB)
...
006 (52851340.003.000) 2025-04-22 18:39:07 Image size of job updated: 4827
	4827  -  MemoryUsage of job (MB)
	4943444  -  ResidentSetSize of job (KB)
...
006 (52851340.004.000) 2025-04-22 18:39:11 Image size of job updated: 5206
	5206  -  MemoryUsage of job (MB)
	5331224  -  ResidentSetSize of job (KB)
...
006 (52851340.000.000) 2025-04-22 18:39:11 Image size of job updated: 5476
	5476  -  MemoryUsage of job (MB)
	5608180  -  ResidentSetSize of job (KB)
...
006 (52851340.002.000) 2025-04-22 18:39:17 Image size of job updated: 4775
	4775  -  MemoryUsage of job (MB)
	4890400  -  ResidentSetSize of job (KB)
...
006 (52851340.003.000) 2025-04-22 18:40:07 Image size of job updated: 4857
	4857  -  MemoryUsage of job (MB)
	4974532  -  ResidentSetSize of job (KB)
...
006 (52851340.004.000) 2025-04-22 18:40:11 Image size of job updated: 5235
	5235  -  MemoryUsage of job (MB)
	5361600  -  ResidentSetSize of job (KB)
...
006 (52851340.000.000) 2025-04-22 18:40:12 Image size of job updated: 5506
	5506  -  MemoryUsage of job (MB)
	5638852  -  ResidentSetSize of job (KB)
...
006 (52851340.003.000) 2025-04-22 18:41:08 Image size of job updated: 4859
	4859  -  MemoryUsage of job (MB)
	4975664  -  ResidentSetSize of job (KB)
...
006 (52851340.004.000) 2025-04-22 18:41:11 Image size of job updated: 5265
	5265  -  MemoryUsage of job (MB)
	5391904  -  ResidentSetSize of job (KB)
...
006 (52851340.000.000) 2025-04-22 18:41:12 Image size of job updated: 5537
	5537  -  MemoryUsage of job (MB)
	5669916  -  ResidentSetSize of job (KB)
...
006 (52851340.002.000) 2025-04-22 18:41:19 Image size of job updated: 4804
	4804  -  MemoryUsage of job (MB)
	4919864  -  ResidentSetSize of job (KB)
...
006 (52851340.004.000) 2025-04-22 18:42:12 Image size of job updated: 5295
	5295  -  MemoryUsage of job (MB)
	5422652  -  ResidentSetSize of job (KB)
...
006 (52851340.000.000) 2025-04-22 18:42:13 Image size of job updated: 5566
	5566  -  MemoryUsage of job (MB)
	5700100  -  ResidentSetSize of job (KB)
...
006 (52851340.002.000) 2025-04-22 18:42:20 Image size of job updated: 4833
	4833  -  MemoryUsage of job (MB)
	4949308  -  ResidentSetSize of job (KB)
...
006 (52851340.004.000) 2025-04-22 18:43:12 Image size of job updated: 5326
	5326  -  MemoryUsage of job (MB)
	5454112  -  ResidentSetSize of job (KB)
...
006 (52851340.000.000) 2025-04-22 18:43:13 Image size of job updated: 5566
	5566  -  MemoryUsage of job (MB)
	5700332  -  ResidentSetSize of job (KB)
...
006 (52851340.003.000) 2025-04-22 18:44:10 Image size of job updated: 4885
	4885  -  MemoryUsage of job (MB)
	5003208  -  ResidentSetSize of job (KB)
...
006 (52851340.004.000) 2025-04-22 18:44:12 Image size of job updated: 5381
	5381  -  MemoryUsage of job (MB)
	5511156  -  ResidentSetSize of job (KB)
...
006 (52851340.000.000) 2025-04-22 18:44:13 Image size of job updated: 5596
	5596  -  MemoryUsage of job (MB)
	5730820  -  ResidentSetSize of job (KB)
...
006 (52851340.002.000) 2025-04-22 18:44:21 Image size of job updated: 4862
	4862  -  MemoryUsage of job (MB)
	4978928  -  ResidentSetSize of job (KB)
...
006 (52851340.003.000) 2025-04-22 18:45:10 Image size of job updated: 4920
	4920  -  MemoryUsage of job (MB)
	5038884  -  ResidentSetSize of job (KB)
...
006 (52851340.004.000) 2025-04-22 18:45:13 Image size of job updated: 5413
	5413  -  MemoryUsage of job (MB)
	5542964  -  ResidentSetSize of job (KB)
...
006 (52851340.000.000) 2025-04-22 18:45:14 Image size of job updated: 5626
	5626  -  MemoryUsage of job (MB)
	5761544  -  ResidentSetSize of job (KB)
...
006 (52851340.002.000) 2025-04-22 18:45:21 Image size of job updated: 4885
	4885  -  MemoryUsage of job (MB)
	5003116  -  ResidentSetSize of job (KB)
...
006 (52851340.003.000) 2025-04-22 18:46:11 Image size of job updated: 4951
	4951  -  MemoryUsage of job (MB)
	5070308  -  ResidentSetSize of job (KB)
...
006 (52851340.004.000) 2025-04-22 18:46:14 Image size of job updated: 5443
	5443  -  MemoryUsage of job (MB)
	5573672  -  ResidentSetSize of job (KB)
...
006 (52851340.000.000) 2025-04-22 18:46:14 Image size of job updated: 5651
	5651  -  MemoryUsage of job (MB)
	5786936  -  ResidentSetSize of job (KB)
...
006 (52851340.002.000) 2025-04-22 18:46:21 Image size of job updated: 4911
	4911  -  MemoryUsage of job (MB)
	5028880  -  ResidentSetSize of job (KB)
...
006 (52851340.003.000) 2025-04-22 18:47:12 Image size of job updated: 4981
	4981  -  MemoryUsage of job (MB)
	5101120  -  ResidentSetSize of job (KB)
...
006 (52851340.004.000) 2025-04-22 18:47:14 Image size of job updated: 5472
	5472  -  MemoryUsage of job (MB)
	5604244  -  ResidentSetSize of job (KB)
...
006 (52851340.000.000) 2025-04-22 18:47:15 Image size of job updated: 5681
	5681  -  MemoryUsage of job (MB)
	5817748  -  ResidentSetSize of job (KB)
...
006 (52851340.002.000) 2025-04-22 18:47:22 Image size of job updated: 4920
	4920  -  MemoryUsage of job (MB)
	5038980  -  ResidentSetSize of job (KB)
...
006 (52851340.003.000) 2025-04-22 18:48:12 Image size of job updated: 5011
	5011  -  MemoryUsage of job (MB)
	5131352  -  ResidentSetSize of job (KB)
...
006 (52851340.004.000) 2025-04-22 18:48:15 Image size of job updated: 5507
	5507  -  MemoryUsage of job (MB)
	5640060  -  ResidentSetSize of job (KB)
...
006 (52851340.000.000) 2025-04-22 18:48:15 Image size of job updated: 5711
	5711  -  MemoryUsage of job (MB)
	5848280  -  ResidentSetSize of job (KB)
...
006 (52851340.002.000) 2025-04-22 18:48:23 Image size of job updated: 4949
	4949  -  MemoryUsage of job (MB)
	5068420  -  ResidentSetSize of job (KB)
...
006 (52851340.003.000) 2025-04-22 18:49:12 Image size of job updated: 5040
	5040  -  MemoryUsage of job (MB)
	5161564  -  ResidentSetSize of job (KB)
...
006 (52851340.004.000) 2025-04-22 18:49:16 Image size of job updated: 5561
	5561  -  MemoryUsage of job (MB)
	5695364  -  ResidentSetSize of job (KB)
...
006 (52851340.000.000) 2025-04-22 18:49:16 Image size of job updated: 5739
	5739  -  MemoryUsage of job (MB)
	5877132  -  ResidentSetSize of job (KB)
...
006 (52851340.002.000) 2025-04-22 18:49:23 Image size of job updated: 4978
	4978  -  MemoryUsage of job (MB)
	5097736  -  ResidentSetSize of job (KB)
...
006 (52851340.003.000) 2025-04-22 18:50:13 Image size of job updated: 5070
	5070  -  MemoryUsage of job (MB)
	5192252  -  ResidentSetSize of job (KB)
...
006 (52851340.004.000) 2025-04-22 18:50:16 Image size of job updated: 5590
	5590  -  MemoryUsage of job (MB)
	5725140  -  ResidentSetSize of job (KB)
...
006 (52851340.000.000) 2025-04-22 18:50:16 Image size of job updated: 5780
	5780  -  MemoryUsage of job (MB)
	5919396  -  ResidentSetSize of job (KB)
...
006 (52851340.002.000) 2025-04-22 18:50:23 Image size of job updated: 4978
	4978  -  MemoryUsage of job (MB)
	5097816  -  ResidentSetSize of job (KB)
...
006 (52851340.003.000) 2025-04-22 18:51:14 Image size of job updated: 5100
	5100  -  MemoryUsage of job (MB)
	5222860  -  ResidentSetSize of job (KB)
...
006 (52851340.000.000) 2025-04-22 18:51:16 Image size of job updated: 5812
	5812  -  MemoryUsage of job (MB)
	5951496  -  ResidentSetSize of job (KB)
...
006 (52851340.004.000) 2025-04-22 18:51:16 Image size of job updated: 5620
	5620  -  MemoryUsage of job (MB)
	5755804  -  ResidentSetSize of job (KB)
...
006 (52851340.002.000) 2025-04-22 18:51:24 Image size of job updated: 5007
	5007  -  MemoryUsage of job (MB)
	5127208  -  ResidentSetSize of job (KB)
...
006 (52851340.003.000) 2025-04-22 18:52:15 Image size of job updated: 5130
	5130  -  MemoryUsage of job (MB)
	5253980  -  ResidentSetSize of job (KB)
...
006 (52851340.000.000) 2025-04-22 18:52:17 Image size of job updated: 5843
	5843  -  MemoryUsage of job (MB)
	5983972  -  ResidentSetSize of job (KB)
...
006 (52851340.004.000) 2025-04-22 18:52:17 Image size of job updated: 5651
	5651  -  MemoryUsage of job (MB)
	5786748  -  ResidentSetSize of job (KB)
...
006 (52851340.002.000) 2025-04-22 18:52:24 Image size of job updated: 5007
	5007  -  MemoryUsage of job (MB)
	5127212  -  ResidentSetSize of job (KB)
...
006 (52851340.003.000) 2025-04-22 18:53:16 Image size of job updated: 5160
	5160  -  MemoryUsage of job (MB)
	5284560  -  ResidentSetSize of job (KB)
...
006 (52851340.004.000) 2025-04-22 18:53:17 Image size of job updated: 5684
	5684  -  MemoryUsage of job (MB)
	5820488  -  ResidentSetSize of job (KB)
...
006 (52851340.000.000) 2025-04-22 18:53:17 Image size of job updated: 5874
	5874  -  MemoryUsage of job (MB)
	6015972  -  ResidentSetSize of job (KB)
...
006 (52851340.002.000) 2025-04-22 18:53:24 Image size of job updated: 5035
	5035  -  MemoryUsage of job (MB)
	5156684  -  ResidentSetSize of job (KB)
...
006 (52851340.003.000) 2025-04-22 18:54:16 Image size of job updated: 5190
	5190  -  MemoryUsage of job (MB)
	5315048  -  ResidentSetSize of job (KB)
...
006 (52851340.004.000) 2025-04-22 18:54:17 Image size of job updated: 5740
	5740  -  MemoryUsage of job (MB)
	5878596  -  ResidentSetSize of job (KB)
...
006 (52851340.000.000) 2025-04-22 18:54:18 Image size of job updated: 5876
	5876  -  MemoryUsage of job (MB)
	6017300  -  ResidentSetSize of job (KB)
...
006 (52851340.002.000) 2025-04-22 18:54:25 Image size of job updated: 5064
	5064  -  MemoryUsage of job (MB)
	5186044  -  ResidentSetSize of job (KB)
...
006 (52851340.003.000) 2025-04-22 18:55:16 Image size of job updated: 5220
	5220  -  MemoryUsage of job (MB)
	5345740  -  ResidentSetSize of job (KB)
...
006 (52851340.004.000) 2025-04-22 18:55:18 Image size of job updated: 5771
	5771  -  MemoryUsage of job (MB)
	5909576  -  ResidentSetSize of job (KB)
...
006 (52851340.000.000) 2025-04-22 18:55:18 Image size of job updated: 5907
	5907  -  MemoryUsage of job (MB)
	6049416  -  ResidentSetSize of job (KB)
...
006 (52851340.002.000) 2025-04-22 18:55:26 Image size of job updated: 5093
	5093  -  MemoryUsage of job (MB)
	5215492  -  ResidentSetSize of job (KB)
...
006 (52851340.003.000) 2025-04-22 18:56:17 Image size of job updated: 5251
	5251  -  MemoryUsage of job (MB)
	5377292  -  ResidentSetSize of job (KB)
...
006 (52851340.000.000) 2025-04-22 18:56:18 Image size of job updated: 5969
	5969  -  MemoryUsage of job (MB)
	6112912  -  ResidentSetSize of job (KB)
...
006 (52851340.004.000) 2025-04-22 18:56:18 Image size of job updated: 5800
	5800  -  MemoryUsage of job (MB)
	5939960  -  ResidentSetSize of job (KB)
...
006 (52851340.002.000) 2025-04-22 18:56:26 Image size of job updated: 5093
	5093  -  MemoryUsage of job (MB)
	5215556  -  ResidentSetSize of job (KB)
...
006 (52851340.003.000) 2025-04-22 18:57:18 Image size of job updated: 5281
	5281  -  MemoryUsage of job (MB)
	5408396  -  ResidentSetSize of job (KB)
...
006 (52851340.000.000) 2025-04-22 18:57:18 Image size of job updated: 6001
	6001  -  MemoryUsage of job (MB)
	6145384  -  ResidentSetSize of job (KB)
...
006 (52851340.004.000) 2025-04-22 18:57:18 Image size of job updated: 5830
	5830  -  MemoryUsage of job (MB)
	5970280  -  ResidentSetSize of job (KB)
...
006 (52851340.002.000) 2025-04-22 18:57:27 Image size of job updated: 5122
	5122  -  MemoryUsage of job (MB)
	5245092  -  ResidentSetSize of job (KB)
...
006 (52851340.003.000) 2025-04-22 18:58:18 Image size of job updated: 5314
	5314  -  MemoryUsage of job (MB)
	5441948  -  ResidentSetSize of job (KB)
...
006 (52851340.000.000) 2025-04-22 18:58:19 Image size of job updated: 6032
	6032  -  MemoryUsage of job (MB)
	6177732  -  ResidentSetSize of job (KB)
...
006 (52851340.004.000) 2025-04-22 18:58:19 Image size of job updated: 5860
	5860  -  MemoryUsage of job (MB)
	6001528  -  ResidentSetSize of job (KB)
...
006 (52851340.002.000) 2025-04-22 18:58:28 Image size of job updated: 5150
	5150  -  MemoryUsage of job (MB)
	5274428  -  ResidentSetSize of job (KB)
...
006 (52851340.003.000) 2025-04-22 18:59:18 Image size of job updated: 5344
	5344  -  MemoryUsage of job (MB)
	5472932  -  ResidentSetSize of job (KB)
...
006 (52851340.004.000) 2025-04-22 18:59:19 Image size of job updated: 5920
	5920  -  MemoryUsage of job (MB)
	6062204  -  ResidentSetSize of job (KB)
...
006 (52851340.000.000) 2025-04-22 18:59:19 Image size of job updated: 6064
	6064  -  MemoryUsage of job (MB)
	6210036  -  ResidentSetSize of job (KB)
...
006 (52851340.004.000) 2025-04-22 19:00:19 Image size of job updated: 5950
	5950  -  MemoryUsage of job (MB)
	6092816  -  ResidentSetSize of job (KB)
...
006 (52851340.003.000) 2025-04-22 19:00:19 Image size of job updated: 5374
	5374  -  MemoryUsage of job (MB)
	5503328  -  ResidentSetSize of job (KB)
...
006 (52851340.000.000) 2025-04-22 19:00:20 Image size of job updated: 6096
	6096  -  MemoryUsage of job (MB)
	6242392  -  ResidentSetSize of job (KB)
...
006 (52851340.002.000) 2025-04-22 19:00:28 Image size of job updated: 5179
	5179  -  MemoryUsage of job (MB)
	5303772  -  ResidentSetSize of job (KB)
...
006 (52851340.004.000) 2025-04-22 19:01:20 Image size of job updated: 5980
	5980  -  MemoryUsage of job (MB)
	6123664  -  ResidentSetSize of job (KB)
...
006 (52851340.003.000) 2025-04-22 19:01:20 Image size of job updated: 5405
	5405  -  MemoryUsage of job (MB)
	5534848  -  ResidentSetSize of job (KB)
...
006 (52851340.000.000) 2025-04-22 19:01:20 Image size of job updated: 6127
	6127  -  MemoryUsage of job (MB)
	6275000  -  ResidentSetSize of job (KB)
...
006 (52851340.002.000) 2025-04-22 19:01:29 Image size of job updated: 5208
	5208  -  MemoryUsage of job (MB)
	5333144  -  ResidentSetSize of job (KB)
...
006 (52851340.004.000) 2025-04-22 19:02:20 Image size of job updated: 6008
	6008  -  MemoryUsage of job (MB)
	6153212  -  ResidentSetSize of job (KB)
...
006 (52851340.000.000) 2025-04-22 19:02:21 Image size of job updated: 6159
	6159  -  MemoryUsage of job (MB)
	6307392  -  ResidentSetSize of job (KB)
...
006 (52851340.003.000) 2025-04-22 19:02:21 Image size of job updated: 5435
	5435  -  MemoryUsage of job (MB)
	5566384  -  ResidentSetSize of job (KB)
...
006 (52851340.002.000) 2025-04-22 19:02:30 Image size of job updated: 5236
	5236  -  MemoryUsage of job (MB)
	5362432  -  ResidentSetSize of job (KB)
...
006 (52851340.004.000) 2025-04-22 19:03:20 Image size of job updated: 6039
	6039  -  MemoryUsage of job (MB)
	6184084  -  ResidentSetSize of job (KB)
...
006 (52851340.003.000) 2025-04-22 19:03:21 Image size of job updated: 5466
	5466  -  MemoryUsage of job (MB)
	5597760  -  ResidentSetSize of job (KB)
...
006 (52851340.000.000) 2025-04-22 19:03:21 Image size of job updated: 6191
	6191  -  MemoryUsage of job (MB)
	6339696  -  ResidentSetSize of job (KB)
...
006 (52851340.002.000) 2025-04-22 19:03:30 Image size of job updated: 5238
	5238  -  MemoryUsage of job (MB)
	5364472  -  ResidentSetSize of job (KB)
...
006 (52851340.004.000) 2025-04-22 19:04:21 Image size of job updated: 6099
	6099  -  MemoryUsage of job (MB)
	6245400  -  ResidentSetSize of job (KB)
...
006 (52851340.003.000) 2025-04-22 19:04:21 Image size of job updated: 5497
	5497  -  MemoryUsage of job (MB)
	5629344  -  ResidentSetSize of job (KB)
...
006 (52851340.000.000) 2025-04-22 19:04:22 Image size of job updated: 6223
	6223  -  MemoryUsage of job (MB)
	6372432  -  ResidentSetSize of job (KB)
...
006 (52851340.002.000) 2025-04-22 19:04:31 Image size of job updated: 5275
	5275  -  MemoryUsage of job (MB)
	5402000  -  ResidentSetSize of job (KB)
...
006 (52851340.004.000) 2025-04-22 19:05:21 Image size of job updated: 6129
	6129  -  MemoryUsage of job (MB)
	6276216  -  ResidentSetSize of job (KB)
...
006 (52851340.000.000) 2025-04-22 19:05:22 Image size of job updated: 6254
	6254  -  MemoryUsage of job (MB)
	6404616  -  ResidentSetSize of job (KB)
...
006 (52851340.003.000) 2025-04-22 19:05:22 Image size of job updated: 5527
	5527  -  MemoryUsage of job (MB)
	5659844  -  ResidentSetSize of job (KB)
...
006 (52851340.002.000) 2025-04-22 19:05:31 Image size of job updated: 5304
	5304  -  MemoryUsage of job (MB)
	5431492  -  ResidentSetSize of job (KB)
...
006 (52851340.004.000) 2025-04-22 19:06:21 Image size of job updated: 6159
	6159  -  MemoryUsage of job (MB)
	6307560  -  ResidentSetSize of job (KB)
...
006 (52851340.000.000) 2025-04-22 19:06:23 Image size of job updated: 6286
	6286  -  MemoryUsage of job (MB)
	6437132  -  ResidentSetSize of job (KB)
...
006 (52851340.003.000) 2025-04-22 19:06:23 Image size of job updated: 5558
	5558  -  MemoryUsage of job (MB)
	5691700  -  ResidentSetSize of job (KB)
...
006 (52851340.004.000) 2025-04-22 19:07:22 Image size of job updated: 6189
	6189  -  MemoryUsage of job (MB)
	6337540  -  ResidentSetSize of job (KB)
...
006 (52851340.003.000) 2025-04-22 19:07:23 Image size of job updated: 5589
	5589  -  MemoryUsage of job (MB)
	5723348  -  ResidentSetSize of job (KB)
...
006 (52851340.000.000) 2025-04-22 19:07:23 Image size of job updated: 6317
	6317  -  MemoryUsage of job (MB)
	6469376  -  ResidentSetSize of job (KB)
...
006 (52851340.002.000) 2025-04-22 19:07:32 Image size of job updated: 5331
	5331  -  MemoryUsage of job (MB)
	5459836  -  ResidentSetSize of job (KB)
...
006 (52851340.004.000) 2025-04-22 19:08:22 Image size of job updated: 6228
	6228  -  MemoryUsage of job (MB)
	6378332  -  ResidentSetSize of job (KB)
...
006 (52851340.003.000) 2025-04-22 19:08:23 Image size of job updated: 5620
	5620  -  MemoryUsage of job (MB)
	5755596  -  ResidentSetSize of job (KB)
...
006 (52851340.000.000) 2025-04-22 19:08:24 Image size of job updated: 6349
	6349  -  MemoryUsage of job (MB)
	6501532  -  ResidentSetSize of job (KB)
...
006 (52851340.002.000) 2025-04-22 19:08:32 Image size of job updated: 5360
	5360  -  MemoryUsage of job (MB)
	5489372  -  ResidentSetSize of job (KB)
...
006 (52851340.004.000) 2025-04-22 19:09:23 Image size of job updated: 6278
	6278  -  MemoryUsage of job (MB)
	6429636  -  ResidentSetSize of job (KB)
...
006 (52851340.003.000) 2025-04-22 19:09:24 Image size of job updated: 5652
	5652  -  MemoryUsage of job (MB)
	5788524  -  ResidentSetSize of job (KB)
...
006 (52851340.000.000) 2025-04-22 19:09:24 Image size of job updated: 6380
	6380  -  MemoryUsage of job (MB)
	6534104  -  ResidentSetSize of job (KB)
...
006 (52851340.004.000) 2025-04-22 19:10:24 Image size of job updated: 6308
	6308  -  MemoryUsage of job (MB)
	6459620  -  ResidentSetSize of job (KB)
...
006 (52851340.000.000) 2025-04-22 19:10:25 Image size of job updated: 6412
	6412  -  MemoryUsage of job (MB)
	6566600  -  ResidentSetSize of job (KB)
...
006 (52851340.003.000) 2025-04-22 19:10:25 Image size of job updated: 5684
	5684  -  MemoryUsage of job (MB)
	5821076  -  ResidentSetSize of job (KB)
...
006 (52851340.002.000) 2025-04-22 19:10:33 Image size of job updated: 5389
	5389  -  MemoryUsage of job (MB)
	5518860  -  ResidentSetSize of job (KB)
...
006 (52851340.004.000) 2025-04-22 19:11:24 Image size of job updated: 6337
	6337  -  MemoryUsage of job (MB)
	6489436  -  ResidentSetSize of job (KB)
...
006 (52851340.003.000) 2025-04-22 19:11:25 Image size of job updated: 5714
	5714  -  MemoryUsage of job (MB)
	5852052  -  ResidentSetSize of job (KB)
...
006 (52851340.000.000) 2025-04-22 19:11:25 Image size of job updated: 6444
	6444  -  MemoryUsage of job (MB)
	6598784  -  ResidentSetSize of job (KB)
...
006 (52851340.002.000) 2025-04-22 19:11:33 Image size of job updated: 5418
	5418  -  MemoryUsage of job (MB)
	5548204  -  ResidentSetSize of job (KB)
...
006 (52851340.004.000) 2025-04-22 19:12:25 Image size of job updated: 6367
	6367  -  MemoryUsage of job (MB)
	6520524  -  ResidentSetSize of job (KB)
...
006 (52851340.003.000) 2025-04-22 19:12:25 Image size of job updated: 5745
	5745  -  MemoryUsage of job (MB)
	5883164  -  ResidentSetSize of job (KB)
...
006 (52851340.000.000) 2025-04-22 19:12:26 Image size of job updated: 6475
	6475  -  MemoryUsage of job (MB)
	6631000  -  ResidentSetSize of job (KB)
...
006 (52851340.002.000) 2025-04-22 19:12:33 Image size of job updated: 5418
	5418  -  MemoryUsage of job (MB)
	5548364  -  ResidentSetSize of job (KB)
...
006 (52851340.004.000) 2025-04-22 19:13:26 Image size of job updated: 6428
	6428  -  MemoryUsage of job (MB)
	6582624  -  ResidentSetSize of job (KB)
...
006 (52851340.003.000) 2025-04-22 19:13:26 Image size of job updated: 5776
	5776  -  MemoryUsage of job (MB)
	5914980  -  ResidentSetSize of job (KB)
...
006 (52851340.000.000) 2025-04-22 19:13:26 Image size of job updated: 6507
	6507  -  MemoryUsage of job (MB)
	6663420  -  ResidentSetSize of job (KB)
...
006 (52851340.002.000) 2025-04-22 19:13:34 Image size of job updated: 5448
	5448  -  MemoryUsage of job (MB)
	5579772  -  ResidentSetSize of job (KB)
...
006 (52851340.004.000) 2025-04-22 19:14:26 Image size of job updated: 6459
	6459  -  MemoryUsage of job (MB)
	6614052  -  ResidentSetSize of job (KB)
...
006 (52851340.003.000) 2025-04-22 19:14:26 Image size of job updated: 5807
	5807  -  MemoryUsage of job (MB)
	5946604  -  ResidentSetSize of job (KB)
...
006 (52851340.000.000) 2025-04-22 19:14:28 Image size of job updated: 6539
	6539  -  MemoryUsage of job (MB)
	6696064  -  ResidentSetSize of job (KB)
...
006 (52851340.002.000) 2025-04-22 19:14:34 Image size of job updated: 5477
	5477  -  MemoryUsage of job (MB)
	5609056  -  ResidentSetSize of job (KB)
...
006 (52851340.004.000) 2025-04-22 19:15:26 Image size of job updated: 6489
	6489  -  MemoryUsage of job (MB)
	6645500  -  ResidentSetSize of job (KB)
...
006 (52851340.003.000) 2025-04-22 19:15:26 Image size of job updated: 5838
	5838  -  MemoryUsage of job (MB)
	5978116  -  ResidentSetSize of job (KB)
...
006 (52851340.000.000) 2025-04-22 19:15:28 Image size of job updated: 6570
	6570  -  MemoryUsage of job (MB)
	6728260  -  ResidentSetSize of job (KB)
...
006 (52851340.002.000) 2025-04-22 19:15:34 Image size of job updated: 5477
	5477  -  MemoryUsage of job (MB)
	5609200  -  ResidentSetSize of job (KB)
...
006 (52851340.004.000) 2025-04-22 19:16:27 Image size of job updated: 6519
	6519  -  MemoryUsage of job (MB)
	6676012  -  ResidentSetSize of job (KB)
...
006 (52851340.003.000) 2025-04-22 19:16:27 Image size of job updated: 5869
	5869  -  MemoryUsage of job (MB)
	6010516  -  ResidentSetSize of job (KB)
...
006 (52851340.000.000) 2025-04-22 19:16:28 Image size of job updated: 6601
	6601  -  MemoryUsage of job (MB)
	6760400  -  ResidentSetSize of job (KB)
...
006 (52851340.002.000) 2025-04-22 19:16:35 Image size of job updated: 5506
	5506  -  MemoryUsage of job (MB)
	5638624  -  ResidentSetSize of job (KB)
...
006 (52851340.004.000) 2025-04-22 19:17:27 Image size of job updated: 6549
	6549  -  MemoryUsage of job (MB)
	6706276  -  ResidentSetSize of job (KB)
...
006 (52851340.003.000) 2025-04-22 19:17:27 Image size of job updated: 5900
	5900  -  MemoryUsage of job (MB)
	6041852  -  ResidentSetSize of job (KB)
...
006 (52851340.000.000) 2025-04-22 19:17:29 Image size of job updated: 6633
	6633  -  MemoryUsage of job (MB)
	6792952  -  ResidentSetSize of job (KB)
...
006 (52851340.002.000) 2025-04-22 19:17:36 Image size of job updated: 5535
	5535  -  MemoryUsage of job (MB)
	5667960  -  ResidentSetSize of job (KB)
...
006 (52851340.004.000) 2025-04-22 19:18:27 Image size of job updated: 6584
	6584  -  MemoryUsage of job (MB)
	6742892  -  ResidentSetSize of job (KB)
...
006 (52851340.003.000) 2025-04-22 19:18:27 Image size of job updated: 5931
	5931  -  MemoryUsage of job (MB)
	6073608  -  ResidentSetSize of job (KB)
...
006 (52851340.000.000) 2025-04-22 19:18:29 Image size of job updated: 6665
	6665  -  MemoryUsage of job (MB)
	6825396  -  ResidentSetSize of job (KB)
...
006 (52851340.002.000) 2025-04-22 19:18:36 Image size of job updated: 5563
	5563  -  MemoryUsage of job (MB)
	5697336  -  ResidentSetSize of job (KB)
...
006 (52851340.003.000) 2025-04-22 19:19:28 Image size of job updated: 5962
	5962  -  MemoryUsage of job (MB)
	6105748  -  ResidentSetSize of job (KB)
...
006 (52851340.004.000) 2025-04-22 19:19:28 Image size of job updated: 6637
	6637  -  MemoryUsage of job (MB)
	6796744  -  ResidentSetSize of job (KB)
...
006 (52851340.000.000) 2025-04-22 19:19:30 Image size of job updated: 6697
	6697  -  MemoryUsage of job (MB)
	6857780  -  ResidentSetSize of job (KB)
...
006 (52851340.002.000) 2025-04-22 19:19:37 Image size of job updated: 5563
	5563  -  MemoryUsage of job (MB)
	5697472  -  ResidentSetSize of job (KB)
...
006 (52851340.004.000) 2025-04-22 19:20:28 Image size of job updated: 6667
	6667  -  MemoryUsage of job (MB)
	6827088  -  ResidentSetSize of job (KB)
...
006 (52851340.003.000) 2025-04-22 19:20:29 Image size of job updated: 5993
	5993  -  MemoryUsage of job (MB)
	6137492  -  ResidentSetSize of job (KB)
...
006 (52851340.000.000) 2025-04-22 19:20:30 Image size of job updated: 6728
	6728  -  MemoryUsage of job (MB)
	6890076  -  ResidentSetSize of job (KB)
...
006 (52851340.002.000) 2025-04-22 19:20:38 Image size of job updated: 5591
	5591  -  MemoryUsage of job (MB)
	5725560  -  ResidentSetSize of job (KB)
...
006 (52851340.004.000) 2025-04-22 19:21:28 Image size of job updated: 6696
	6696  -  MemoryUsage of job (MB)
	6857016  -  ResidentSetSize of job (KB)
...
006 (52851340.003.000) 2025-04-22 19:21:29 Image size of job updated: 6025
	6025  -  MemoryUsage of job (MB)
	6169644  -  ResidentSetSize of job (KB)
...
006 (52851340.000.000) 2025-04-22 19:21:31 Image size of job updated: 6760
	6760  -  MemoryUsage of job (MB)
	6922344  -  ResidentSetSize of job (KB)
...
006 (52851340.002.000) 2025-04-22 19:21:38 Image size of job updated: 5619
	5619  -  MemoryUsage of job (MB)
	5754848  -  ResidentSetSize of job (KB)
...
006 (52851340.004.000) 2025-04-22 19:22:29 Image size of job updated: 6726
	6726  -  MemoryUsage of job (MB)
	6887940  -  ResidentSetSize of job (KB)
...
006 (52851340.003.000) 2025-04-22 19:22:30 Image size of job updated: 6056
	6056  -  MemoryUsage of job (MB)
	6201828  -  ResidentSetSize of job (KB)
...
006 (52851340.000.000) 2025-04-22 19:22:31 Image size of job updated: 6791
	6791  -  MemoryUsage of job (MB)
	6954684  -  ResidentSetSize of job (KB)
...
006 (52851340.002.000) 2025-04-22 19:22:39 Image size of job updated: 5620
	5620  -  MemoryUsage of job (MB)
	5755012  -  ResidentSetSize of job (KB)
...
006 (52851340.004.000) 2025-04-22 19:23:30 Image size of job updated: 6785
	6785  -  MemoryUsage of job (MB)
	6948832  -  ResidentSetSize of job (KB)
...
006 (52851340.003.000) 2025-04-22 19:23:30 Image size of job updated: 6087
	6087  -  MemoryUsage of job (MB)
	6234012  -  ResidentSetSize of job (KB)
...
006 (52851340.000.000) 2025-04-22 19:23:32 Image size of job updated: 6823
	6823  -  MemoryUsage of job (MB)
	6987244  -  ResidentSetSize of job (KB)
...
006 (52851340.002.000) 2025-04-22 19:23:40 Image size of job updated: 5649
	5649  -  MemoryUsage of job (MB)
	5785016  -  ResidentSetSize of job (KB)
...
006 (52851340.004.000) 2025-04-22 19:24:30 Image size of job updated: 6815
	6815  -  MemoryUsage of job (MB)
	6979160  -  ResidentSetSize of job (KB)
...
006 (52851340.003.000) 2025-04-22 19:24:31 Image size of job updated: 6119
	6119  -  MemoryUsage of job (MB)
	6266500  -  ResidentSetSize of job (KB)
...
006 (52851340.000.000) 2025-04-22 19:24:32 Image size of job updated: 6855
	6855  -  MemoryUsage of job (MB)
	7019632  -  ResidentSetSize of job (KB)
...
006 (52851340.002.000) 2025-04-22 19:24:40 Image size of job updated: 5678
	5678  -  MemoryUsage of job (MB)
	5815136  -  ResidentSetSize of job (KB)
...
006 (52851340.004.000) 2025-04-22 19:25:31 Image size of job updated: 6846
	6846  -  MemoryUsage of job (MB)
	7010348  -  ResidentSetSize of job (KB)
...
006 (52851340.003.000) 2025-04-22 19:25:32 Image size of job updated: 6178
	6178  -  MemoryUsage of job (MB)
	6327048  -  ResidentSetSize of job (KB)
...
006 (52851340.000.000) 2025-04-22 19:25:33 Image size of job updated: 6886
	6886  -  MemoryUsage of job (MB)
	7051856  -  ResidentSetSize of job (KB)
...
006 (52851340.002.000) 2025-04-22 19:25:40 Image size of job updated: 5708
	5708  -  MemoryUsage of job (MB)
	5845548  -  ResidentSetSize of job (KB)
...
006 (52851340.004.000) 2025-04-22 19:26:32 Image size of job updated: 6876
	6876  -  MemoryUsage of job (MB)
	7041840  -  ResidentSetSize of job (KB)
...
006 (52851340.003.000) 2025-04-22 19:26:32 Image size of job updated: 6208
	6208  -  MemoryUsage of job (MB)
	6357672  -  ResidentSetSize of job (KB)
...
006 (52851340.000.000) 2025-04-22 19:26:33 Image size of job updated: 6918
	6918  -  MemoryUsage of job (MB)
	7084208  -  ResidentSetSize of job (KB)
...
006 (52851340.002.000) 2025-04-22 19:26:41 Image size of job updated: 5738
	5738  -  MemoryUsage of job (MB)
	5876032  -  ResidentSetSize of job (KB)
...
006 (52851340.004.000) 2025-04-22 19:27:32 Image size of job updated: 6907
	6907  -  MemoryUsage of job (MB)
	7072900  -  ResidentSetSize of job (KB)
...
006 (52851340.003.000) 2025-04-22 19:27:33 Image size of job updated: 6214
	6214  -  MemoryUsage of job (MB)
	6363780  -  ResidentSetSize of job (KB)
...
006 (52851340.002.000) 2025-04-22 19:27:41 Image size of job updated: 5768
	5768  -  MemoryUsage of job (MB)
	5906636  -  ResidentSetSize of job (KB)
...
006 (52851340.004.000) 2025-04-22 19:28:32 Image size of job updated: 6966
	6966  -  MemoryUsage of job (MB)
	7134020  -  ResidentSetSize of job (KB)
...
006 (52851340.003.000) 2025-04-22 19:28:33 Image size of job updated: 6269
	6269  -  MemoryUsage of job (MB)
	6419584  -  ResidentSetSize of job (KB)
...
006 (52851340.002.000) 2025-04-22 19:28:41 Image size of job updated: 5797
	5797  -  MemoryUsage of job (MB)
	5936872  -  ResidentSetSize of job (KB)
...
006 (52851340.004.000) 2025-04-22 19:29:33 Image size of job updated: 6996
	6996  -  MemoryUsage of job (MB)
	7164568  -  ResidentSetSize of job (KB)
...
006 (52851340.003.000) 2025-04-22 19:29:33 Image size of job updated: 6298
	6298  -  MemoryUsage of job (MB)
	6449868  -  ResidentSetSize of job (KB)
...
006 (52851340.000.000) 2025-04-22 19:29:34 Image size of job updated: 6931
	6931  -  MemoryUsage of job (MB)
	7098132  -  ResidentSetSize of job (KB)
...
006 (52851340.002.000) 2025-04-22 19:29:42 Image size of job updated: 5799
	5799  -  MemoryUsage of job (MB)
	5938240  -  ResidentSetSize of job (KB)
...
006 (52851340.004.000) 2025-04-22 19:30:33 Image size of job updated: 7025
	7025  -  MemoryUsage of job (MB)
	7194552  -  ResidentSetSize of job (KB)
...
006 (52851340.003.000) 2025-04-22 19:30:34 Image size of job updated: 6328
	6328  -  MemoryUsage of job (MB)
	6480816  -  ResidentSetSize of job (KB)
...
006 (52851340.000.000) 2025-04-22 19:30:35 Image size of job updated: 6964
	6964  -  MemoryUsage of job (MB)
	7131256  -  ResidentSetSize of job (KB)
...
006 (52851340.002.000) 2025-04-22 19:30:43 Image size of job updated: 5828
	5828  -  MemoryUsage of job (MB)
	5968076  -  ResidentSetSize of job (KB)
...
006 (52851340.004.000) 2025-04-22 19:31:33 Image size of job updated: 7054
	7054  -  MemoryUsage of job (MB)
	7224072  -  ResidentSetSize of job (KB)
...
006 (52851340.003.000) 2025-04-22 19:31:34 Image size of job updated: 6359
	6359  -  MemoryUsage of job (MB)
	6511616  -  ResidentSetSize of job (KB)
...
006 (52851340.000.000) 2025-04-22 19:31:36 Image size of job updated: 6995
	6995  -  MemoryUsage of job (MB)
	7163776  -  ResidentSetSize of job (KB)
...
006 (52851340.002.000) 2025-04-22 19:31:43 Image size of job updated: 5857
	5857  -  MemoryUsage of job (MB)
	5998212  -  ResidentSetSize of job (KB)
...
006 (52851340.004.000) 2025-04-22 19:32:34 Image size of job updated: 7113
	7113  -  MemoryUsage of job (MB)
	7284176  -  ResidentSetSize of job (KB)
...
006 (52851340.003.000) 2025-04-22 19:32:34 Image size of job updated: 6388
	6388  -  MemoryUsage of job (MB)
	6541592  -  ResidentSetSize of job (KB)
...
006 (52851340.000.000) 2025-04-22 19:32:36 Image size of job updated: 7043
	7043  -  MemoryUsage of job (MB)
	7212668  -  ResidentSetSize of job (KB)
...
006 (52851340.002.000) 2025-04-22 19:32:44 Image size of job updated: 5887
	5887  -  MemoryUsage of job (MB)
	6028872  -  ResidentSetSize of job (KB)
...
006 (52851340.004.000) 2025-04-22 19:33:34 Image size of job updated: 7143
	7143  -  MemoryUsage of job (MB)
	7314836  -  ResidentSetSize of job (KB)
...
006 (52851340.003.000) 2025-04-22 19:33:35 Image size of job updated: 6418
	6418  -  MemoryUsage of job (MB)
	6572840  -  ResidentSetSize of job (KB)
...
006 (52851340.000.000) 2025-04-22 19:33:37 Image size of job updated: 7058
	7058  -  MemoryUsage of job (MB)
	7227812  -  ResidentSetSize of job (KB)
...
006 (52851340.002.000) 2025-04-22 19:33:44 Image size of job updated: 5917
	5917  -  MemoryUsage of job (MB)
	6059120  -  ResidentSetSize of job (KB)
...
006 (52851340.004.000) 2025-04-22 19:34:35 Image size of job updated: 7172
	7172  -  MemoryUsage of job (MB)
	7344652  -  ResidentSetSize of job (KB)
...
006 (52851340.003.000) 2025-04-22 19:34:35 Image size of job updated: 6448
	6448  -  MemoryUsage of job (MB)
	6603044  -  ResidentSetSize of job (KB)
...
006 (52851340.002.000) 2025-04-22 19:34:45 Image size of job updated: 5946
	5946  -  MemoryUsage of job (MB)
	6089484  -  ResidentSetSize of job (KB)
...
006 (52851340.001.000) 2025-04-22 19:35:33 Image size of job updated: 953
	953  -  MemoryUsage of job (MB)
	976264  -  ResidentSetSize of job (KB)
...
006 (52851340.004.000) 2025-04-22 19:35:35 Image size of job updated: 7202
	7202  -  MemoryUsage of job (MB)
	7375616  -  ResidentSetSize of job (KB)
...
006 (52851340.003.000) 2025-04-22 19:35:36 Image size of job updated: 6478
	6478  -  MemoryUsage of job (MB)
	6634280  -  ResidentSetSize of job (KB)
...
006 (52851340.000.000) 2025-04-22 19:35:38 Image size of job updated: 7085
	7085  -  MemoryUsage of job (MB)
	7255416  -  ResidentSetSize of job (KB)
...
006 (52851340.002.000) 2025-04-22 19:35:46 Image size of job updated: 5976
	5976  -  MemoryUsage of job (MB)
	6120128  -  ResidentSetSize of job (KB)
...
006 (52851340.001.000) 2025-04-22 19:36:33 Image size of job updated: 953
	953  -  MemoryUsage of job (MB)
	976308  -  ResidentSetSize of job (KB)
...
006 (52851340.004.000) 2025-04-22 19:36:35 Image size of job updated: 7228
	7228  -  MemoryUsage of job (MB)
	7402172  -  ResidentSetSize of job (KB)
...
006 (52851340.003.000) 2025-04-22 19:36:37 Image size of job updated: 6508
	6508  -  MemoryUsage of job (MB)
	6664688  -  ResidentSetSize of job (KB)
...
006 (52851340.000.000) 2025-04-22 19:36:38 Image size of job updated: 7120
	7120  -  MemoryUsage of job (MB)
	7291396  -  ResidentSetSize of job (KB)
...
006 (52851340.002.000) 2025-04-22 19:36:46 Image size of job updated: 5980
	5980  -  MemoryUsage of job (MB)
	6123528  -  ResidentSetSize of job (KB)
...
006 (52851340.001.000) 2025-04-22 19:37:34 Image size of job updated: 953
	953  -  MemoryUsage of job (MB)
	976424  -  ResidentSetSize of job (KB)
...
006 (52851340.004.000) 2025-04-22 19:37:36 Image size of job updated: 7232
	7232  -  MemoryUsage of job (MB)
	7406324  -  ResidentSetSize of job (KB)
...
006 (52851340.003.000) 2025-04-22 19:37:37 Image size of job updated: 6538
	6538  -  MemoryUsage of job (MB)
	6695384  -  ResidentSetSize of job (KB)
...
006 (52851340.000.000) 2025-04-22 19:37:38 Image size of job updated: 7131
	7131  -  MemoryUsage of job (MB)
	7302904  -  ResidentSetSize of job (KB)
...
006 (52851340.002.000) 2025-04-22 19:37:46 Image size of job updated: 6007
	6007  -  MemoryUsage of job (MB)
	6151728  -  ResidentSetSize of job (KB)
...
006 (52851340.001.000) 2025-04-22 19:38:35 Image size of job updated: 953
	953  -  MemoryUsage of job (MB)
	976432  -  ResidentSetSize of job (KB)
...
006 (52851340.004.000) 2025-04-22 19:38:36 Image size of job updated: 7261
	7261  -  MemoryUsage of job (MB)
	7436084  -  ResidentSetSize of job (KB)
...
006 (52851340.003.000) 2025-04-22 19:38:38 Image size of job updated: 6568
	6568  -  MemoryUsage of job (MB)
	6726412  -  ResidentSetSize of job (KB)
...
006 (52851340.000.000) 2025-04-22 19:38:39 Image size of job updated: 7163
	7163  -  MemoryUsage of job (MB)
	7334976  -  ResidentSetSize of job (KB)
...
006 (52851340.002.000) 2025-04-22 19:38:47 Image size of job updated: 6036
	6036  -  MemoryUsage of job (MB)
	6181296  -  ResidentSetSize of job (KB)
...
006 (52851340.001.000) 2025-04-22 19:39:35 Image size of job updated: 953
	953  -  MemoryUsage of job (MB)
	976520  -  ResidentSetSize of job (KB)
...
006 (52851340.004.000) 2025-04-22 19:39:37 Image size of job updated: 7291
	7291  -  MemoryUsage of job (MB)
	7466888  -  ResidentSetSize of job (KB)
...
006 (52851340.003.000) 2025-04-22 19:39:39 Image size of job updated: 6599
	6599  -  MemoryUsage of job (MB)
	6757980  -  ResidentSetSize of job (KB)
...
006 (52851340.000.000) 2025-04-22 19:39:39 Image size of job updated: 7194
	7194  -  MemoryUsage of job (MB)
	7367616  -  ResidentSetSize of job (KB)
...
006 (52851340.002.000) 2025-04-22 19:39:47 Image size of job updated: 6065
	6065  -  MemoryUsage of job (MB)
	6211444  -  ResidentSetSize of job (KB)
...
006 (52851340.004.000) 2025-04-22 19:40:37 Image size of job updated: 7322
	7322  -  MemoryUsage of job (MB)
	7498004  -  ResidentSetSize of job (KB)
...
006 (52851340.003.000) 2025-04-22 19:40:39 Image size of job updated: 6629
	6629  -  MemoryUsage of job (MB)
	6789036  -  ResidentSetSize of job (KB)
...
006 (52851340.000.000) 2025-04-22 19:40:40 Image size of job updated: 7226
	7226  -  MemoryUsage of job (MB)
	7400144  -  ResidentSetSize of job (KB)
...
006 (52851340.002.000) 2025-04-22 19:40:47 Image size of job updated: 6095
	6095  -  MemoryUsage of job (MB)
	6241760  -  ResidentSetSize of job (KB)
...
006 (52851340.004.000) 2025-04-22 19:41:37 Image size of job updated: 7351
	7351  -  MemoryUsage of job (MB)
	7528268  -  ResidentSetSize of job (KB)
...
006 (52851340.003.000) 2025-04-22 19:41:40 Image size of job updated: 6660
	6660  -  MemoryUsage of job (MB)
	6820804  -  ResidentSetSize of job (KB)
...
006 (52851340.000.000) 2025-04-22 19:41:40 Image size of job updated: 7258
	7258  -  MemoryUsage of job (MB)
	7432364  -  ResidentSetSize of job (KB)
...
006 (52851340.002.000) 2025-04-22 19:41:48 Image size of job updated: 6125
	6125  -  MemoryUsage of job (MB)
	6272252  -  ResidentSetSize of job (KB)
...
006 (52851340.004.000) 2025-04-22 19:42:38 Image size of job updated: 7381
	7381  -  MemoryUsage of job (MB)
	7558908  -  ResidentSetSize of job (KB)
...
006 (52851340.003.000) 2025-04-22 19:42:40 Image size of job updated: 6706
	6706  -  MemoryUsage of job (MB)
	6866992  -  ResidentSetSize of job (KB)
...
006 (52851340.000.000) 2025-04-22 19:42:40 Image size of job updated: 7259
	7259  -  MemoryUsage of job (MB)
	7433484  -  ResidentSetSize of job (KB)
...
006 (52851340.002.000) 2025-04-22 19:42:48 Image size of job updated: 6155
	6155  -  MemoryUsage of job (MB)
	6302864  -  ResidentSetSize of job (KB)
...
006 (52851340.004.000) 2025-04-22 19:43:38 Image size of job updated: 7411
	7411  -  MemoryUsage of job (MB)
	7588904  -  ResidentSetSize of job (KB)
...
006 (52851340.003.000) 2025-04-22 19:43:40 Image size of job updated: 6752
	6752  -  MemoryUsage of job (MB)
	6914256  -  ResidentSetSize of job (KB)
...
006 (52851340.002.000) 2025-04-22 19:43:48 Image size of job updated: 6176
	6176  -  MemoryUsage of job (MB)
	6324884  -  ResidentSetSize of job (KB)
...
006 (52851340.004.000) 2025-04-22 19:44:39 Image size of job updated: 7417
	7417  -  MemoryUsage of job (MB)
	7595888  -  ResidentSetSize of job (KB)
...
006 (52851340.003.000) 2025-04-22 19:44:41 Image size of job updated: 6783
	6783  -  MemoryUsage of job (MB)
	6945976  -  ResidentSetSize of job (KB)
...
006 (52851340.000.000) 2025-04-22 19:44:41 Image size of job updated: 7267
	7267  -  MemoryUsage of job (MB)
	7442028  -  ResidentSetSize of job (KB)
...
006 (52851340.002.000) 2025-04-22 19:44:49 Image size of job updated: 6185
	6185  -  MemoryUsage of job (MB)
	6333652  -  ResidentSetSize of job (KB)
...
006 (52851340.004.000) 2025-04-22 19:45:40 Image size of job updated: 7440
	7440  -  MemoryUsage of job (MB)
	7619572  -  ResidentSetSize of job (KB)
...
006 (52851340.003.000) 2025-04-22 19:45:41 Image size of job updated: 6813
	6813  -  MemoryUsage of job (MB)
	6976680  -  ResidentSetSize of job (KB)
...
006 (52851340.000.000) 2025-04-22 19:45:42 Image size of job updated: 7299
	7299  -  MemoryUsage of job (MB)
	7474704  -  ResidentSetSize of job (KB)
...
006 (52851340.002.000) 2025-04-22 19:45:49 Image size of job updated: 6210
	6210  -  MemoryUsage of job (MB)
	6359112  -  ResidentSetSize of job (KB)
...
006 (52851340.004.000) 2025-04-22 19:46:40 Image size of job updated: 7470
	7470  -  MemoryUsage of job (MB)
	7650280  -  ResidentSetSize of job (KB)
...
006 (52851340.003.000) 2025-04-22 19:46:41 Image size of job updated: 6843
	6843  -  MemoryUsage of job (MB)
	7007452  -  ResidentSetSize of job (KB)
...
006 (52851340.000.000) 2025-04-22 19:46:42 Image size of job updated: 7326
	7326  -  MemoryUsage of job (MB)
	7502280  -  ResidentSetSize of job (KB)
...
006 (52851340.002.000) 2025-04-22 19:46:49 Image size of job updated: 6239
	6239  -  MemoryUsage of job (MB)
	6389184  -  ResidentSetSize of job (KB)
...
006 (52851340.004.000) 2025-04-22 19:47:41 Image size of job updated: 7500
	7500  -  MemoryUsage of job (MB)
	7681000  -  ResidentSetSize of job (KB)
...
006 (52851340.003.000) 2025-04-22 19:47:42 Image size of job updated: 6868
	6868  -  MemoryUsage of job (MB)
	7033516  -  ResidentSetSize of job (KB)
...
006 (52851340.000.000) 2025-04-22 19:47:44 Image size of job updated: 7358
	7358  -  MemoryUsage of job (MB)
	7534860  -  ResidentSetSize of job (KB)
...
006 (52851340.002.000) 2025-04-22 19:47:50 Image size of job updated: 6269
	6269  -  MemoryUsage of job (MB)
	6419576  -  ResidentSetSize of job (KB)
...
006 (52851340.004.000) 2025-04-22 19:48:41 Image size of job updated: 7531
	7531  -  MemoryUsage of job (MB)
	7712048  -  ResidentSetSize of job (KB)
...
006 (52851340.003.000) 2025-04-22 19:48:42 Image size of job updated: 6898
	6898  -  MemoryUsage of job (MB)
	7063892  -  ResidentSetSize of job (KB)
...
006 (52851340.000.000) 2025-04-22 19:48:44 Image size of job updated: 7389
	7389  -  MemoryUsage of job (MB)
	7567080  -  ResidentSetSize of job (KB)
...
006 (52851340.002.000) 2025-04-22 19:48:50 Image size of job updated: 6299
	6299  -  MemoryUsage of job (MB)
	6450192  -  ResidentSetSize of job (KB)
...
006 (52851340.004.000) 2025-04-22 19:49:42 Image size of job updated: 7555
	7555  -  MemoryUsage of job (MB)
	7736860  -  ResidentSetSize of job (KB)
...
006 (52851340.003.000) 2025-04-22 19:49:43 Image size of job updated: 6920
	6920  -  MemoryUsage of job (MB)
	7086476  -  ResidentSetSize of job (KB)
...
006 (52851340.000.000) 2025-04-22 19:49:44 Image size of job updated: 7440
	7440  -  MemoryUsage of job (MB)
	7618664  -  ResidentSetSize of job (KB)
...
006 (52851340.002.000) 2025-04-22 19:49:51 Image size of job updated: 6328
	6328  -  MemoryUsage of job (MB)
	6480536  -  ResidentSetSize of job (KB)
...
006 (52851340.004.000) 2025-04-22 19:50:42 Image size of job updated: 7585
	7585  -  MemoryUsage of job (MB)
	7767556  -  ResidentSetSize of job (KB)
...
006 (52851340.003.000) 2025-04-22 19:50:44 Image size of job updated: 6950
	6950  -  MemoryUsage of job (MB)
	7117800  -  ResidentSetSize of job (KB)
...
006 (52851340.000.000) 2025-04-22 19:50:45 Image size of job updated: 7483
	7483  -  MemoryUsage of job (MB)
	7663520  -  ResidentSetSize of job (KB)
...
006 (52851340.002.000) 2025-04-22 19:50:52 Image size of job updated: 6358
	6358  -  MemoryUsage of job (MB)
	6511232  -  ResidentSetSize of job (KB)
...
006 (52851340.004.000) 2025-04-22 19:51:42 Image size of job updated: 7615
	7615  -  MemoryUsage of job (MB)
	7798044  -  ResidentSetSize of job (KB)
...
006 (52851340.003.000) 2025-04-22 19:51:44 Image size of job updated: 6981
	6981  -  MemoryUsage of job (MB)
	7148836  -  ResidentSetSize of job (KB)
...
006 (52851340.000.000) 2025-04-22 19:51:45 Image size of job updated: 7515
	7515  -  MemoryUsage of job (MB)
	7695476  -  ResidentSetSize of job (KB)
...
006 (52851340.002.000) 2025-04-22 19:51:52 Image size of job updated: 6393
	6393  -  MemoryUsage of job (MB)
	6547232  -  ResidentSetSize of job (KB)
...
006 (52851340.004.000) 2025-04-22 19:52:43 Image size of job updated: 7645
	7645  -  MemoryUsage of job (MB)
	7828984  -  ResidentSetSize of job (KB)
...
006 (52851340.003.000) 2025-04-22 19:52:45 Image size of job updated: 7012
	7012  -  MemoryUsage of job (MB)
	7180476  -  ResidentSetSize of job (KB)
...
006 (52851340.000.000) 2025-04-22 19:52:46 Image size of job updated: 7516
	7516  -  MemoryUsage of job (MB)
	7696476  -  ResidentSetSize of job (KB)
...
006 (52851340.002.000) 2025-04-22 19:52:53 Image size of job updated: 6423
	6423  -  MemoryUsage of job (MB)
	6577412  -  ResidentSetSize of job (KB)
...
006 (52851340.004.000) 2025-04-22 19:53:43 Image size of job updated: 7675
	7675  -  MemoryUsage of job (MB)
	7860104  -  ResidentSetSize of job (KB)
...
006 (52851340.003.000) 2025-04-22 19:53:45 Image size of job updated: 7043
	7043  -  MemoryUsage of job (MB)
	7212280  -  ResidentSetSize of job (KB)
...
006 (52851340.002.000) 2025-04-22 19:53:54 Image size of job updated: 6453
	6453  -  MemoryUsage of job (MB)
	6607992  -  ResidentSetSize of job (KB)
...
006 (52851340.004.000) 2025-04-22 19:54:43 Image size of job updated: 7691
	7691  -  MemoryUsage of job (MB)
	7876324  -  ResidentSetSize of job (KB)
...
006 (52851340.003.000) 2025-04-22 19:54:46 Image size of job updated: 7073
	7073  -  MemoryUsage of job (MB)
	7243312  -  ResidentSetSize of job (KB)
...
006 (52851340.002.000) 2025-04-22 19:54:55 Image size of job updated: 6482
	6482  -  MemoryUsage of job (MB)
	6638556  -  ResidentSetSize of job (KB)
...
006 (52851340.004.000) 2025-04-22 19:55:44 Image size of job updated: 7706
	7706  -  MemoryUsage of job (MB)
	7890948  -  ResidentSetSize of job (KB)
...
006 (52851340.003.000) 2025-04-22 19:55:47 Image size of job updated: 7104
	7104  -  MemoryUsage of job (MB)
	7274700  -  ResidentSetSize of job (KB)
...
006 (52851340.000.000) 2025-04-22 19:55:47 Image size of job updated: 7540
	7540  -  MemoryUsage of job (MB)
	7721140  -  ResidentSetSize of job (KB)
...
006 (52851340.002.000) 2025-04-22 19:55:55 Image size of job updated: 6512
	6512  -  MemoryUsage of job (MB)
	6669028  -  ResidentSetSize of job (KB)
...
006 (52851340.004.000) 2025-04-22 19:56:44 Image size of job updated: 7736
	7736  -  MemoryUsage of job (MB)
	7922008  -  ResidentSetSize of job (KB)
...
006 (52851340.003.000) 2025-04-22 19:56:47 Image size of job updated: 7131
	7131  -  MemoryUsage of job (MB)
	7302528  -  ResidentSetSize of job (KB)
...
006 (52851340.000.000) 2025-04-22 19:56:48 Image size of job updated: 7571
	7571  -  MemoryUsage of job (MB)
	7753416  -  ResidentSetSize of job (KB)
...
006 (52851340.002.000) 2025-04-22 19:56:56 Image size of job updated: 6543
	6543  -  MemoryUsage of job (MB)
	6700720  -  ResidentSetSize of job (KB)
...
006 (52851340.004.000) 2025-04-22 19:57:45 Image size of job updated: 7766
	7766  -  MemoryUsage of job (MB)
	7952508  -  ResidentSetSize of job (KB)
...
006 (52851340.003.000) 2025-04-22 19:57:48 Image size of job updated: 7133
	7133  -  MemoryUsage of job (MB)
	7304876  -  ResidentSetSize of job (KB)
...
006 (52851340.000.000) 2025-04-22 19:57:48 Image size of job updated: 7608
	7608  -  MemoryUsage of job (MB)
	7791152  -  ResidentSetSize of job (KB)
...
006 (52851340.002.000) 2025-04-22 19:57:56 Image size of job updated: 6573
	6573  -  MemoryUsage of job (MB)
	6731268  -  ResidentSetSize of job (KB)
...
006 (52851340.004.000) 2025-04-22 19:58:46 Image size of job updated: 7795
	7795  -  MemoryUsage of job (MB)
	7982752  -  ResidentSetSize of job (KB)
...
006 (52851340.003.000) 2025-04-22 19:58:49 Image size of job updated: 7148
	7148  -  MemoryUsage of job (MB)
	7319652  -  ResidentSetSize of job (KB)
...
006 (52851340.000.000) 2025-04-22 19:58:49 Image size of job updated: 7640
	7640  -  MemoryUsage of job (MB)
	7823436  -  ResidentSetSize of job (KB)
...
006 (52851340.002.000) 2025-04-22 19:58:57 Image size of job updated: 6602
	6602  -  MemoryUsage of job (MB)
	6761292  -  ResidentSetSize of job (KB)
...
006 (52851340.004.000) 2025-04-22 19:59:46 Image size of job updated: 7831
	7831  -  MemoryUsage of job (MB)
	8019220  -  ResidentSetSize of job (KB)
...
006 (52851340.000.000) 2025-04-22 19:59:49 Image size of job updated: 7671
	7671  -  MemoryUsage of job (MB)
	7855872  -  ResidentSetSize of job (KB)
...
006 (52851340.003.000) 2025-04-22 19:59:49 Image size of job updated: 7178
	7178  -  MemoryUsage of job (MB)
	7350592  -  ResidentSetSize of job (KB)
...
006 (52851340.002.000) 2025-04-22 19:59:57 Image size of job updated: 6632
	6632  -  MemoryUsage of job (MB)
	6791908  -  ResidentSetSize of job (KB)
...
006 (52851340.004.000) 2025-04-22 20:00:47 Image size of job updated: 7860
	7860  -  MemoryUsage of job (MB)
	8049344  -  ResidentSetSize of job (KB)
...
006 (52851340.000.000) 2025-04-22 20:00:50 Image size of job updated: 7703
	7703  -  MemoryUsage of job (MB)
	7888232  -  ResidentSetSize of job (KB)
...
006 (52851340.003.000) 2025-04-22 20:00:50 Image size of job updated: 7233
	7233  -  MemoryUsage of job (MB)
	7406904  -  ResidentSetSize of job (KB)
...
006 (52851340.002.000) 2025-04-22 20:00:58 Image size of job updated: 6662
	6662  -  MemoryUsage of job (MB)
	6822728  -  ResidentSetSize of job (KB)
...
006 (52851340.004.000) 2025-04-22 20:01:47 Image size of job updated: 7889
	7889  -  MemoryUsage of job (MB)
	8078976  -  ResidentSetSize of job (KB)
...
006 (52851340.000.000) 2025-04-22 20:01:50 Image size of job updated: 7734
	7734  -  MemoryUsage of job (MB)
	7920260  -  ResidentSetSize of job (KB)
...
006 (52851340.003.000) 2025-04-22 20:01:51 Image size of job updated: 7259
	7259  -  MemoryUsage of job (MB)
	7434236  -  ResidentSetSize of job (KB)
...
006 (52851340.002.000) 2025-04-22 20:01:58 Image size of job updated: 6692
	6692  -  MemoryUsage of job (MB)
	6853436  -  ResidentSetSize of job (KB)
...
006 (52851340.004.000) 2025-04-22 20:02:47 Image size of job updated: 7889
	7889  -  MemoryUsage of job (MB)
	8079244  -  ResidentSetSize of job (KB)
...
006 (52851340.000.000) 2025-04-22 20:02:51 Image size of job updated: 7734
	7734  -  MemoryUsage of job (MB)
	7920464  -  ResidentSetSize of job (KB)
...
006 (52851340.003.000) 2025-04-22 20:02:51 Image size of job updated: 7291
	7291  -  MemoryUsage of job (MB)
	7466512  -  ResidentSetSize of job (KB)
...
006 (52851340.002.000) 2025-04-22 20:02:59 Image size of job updated: 6723
	6723  -  MemoryUsage of job (MB)
	6884532  -  ResidentSetSize of job (KB)
...
006 (52851340.004.000) 2025-04-22 20:03:48 Image size of job updated: 7919
	7919  -  MemoryUsage of job (MB)
	8109220  -  ResidentSetSize of job (KB)
...
006 (52851340.003.000) 2025-04-22 20:03:52 Image size of job updated: 7319
	7319  -  MemoryUsage of job (MB)
	7495532  -  ResidentSetSize of job (KB)
...
006 (52851340.002.000) 2025-04-22 20:03:59 Image size of job updated: 6753
	6753  -  MemoryUsage of job (MB)
	6915212  -  ResidentSetSize of job (KB)
...
006 (52851340.004.000) 2025-04-22 20:04:48 Image size of job updated: 7948
	7948  -  MemoryUsage of job (MB)
	8138860  -  ResidentSetSize of job (KB)
...
006 (52851340.003.000) 2025-04-22 20:04:52 Image size of job updated: 7348
	7348  -  MemoryUsage of job (MB)
	7524504  -  ResidentSetSize of job (KB)
...
006 (52851340.002.000) 2025-04-22 20:05:00 Image size of job updated: 6811
	6811  -  MemoryUsage of job (MB)
	6975000  -  ResidentSetSize of job (KB)
...
006 (52851340.004.000) 2025-04-22 20:05:49 Image size of job updated: 7977
	7977  -  MemoryUsage of job (MB)
	8169456  -  ResidentSetSize of job (KB)
...
006 (52851340.003.000) 2025-04-22 20:05:52 Image size of job updated: 7376
	7376  -  MemoryUsage of job (MB)
	7553396  -  ResidentSetSize of job (KB)
...
006 (52851340.002.000) 2025-04-22 20:06:00 Image size of job updated: 6841
	6841  -  MemoryUsage of job (MB)
	7005432  -  ResidentSetSize of job (KB)
...
006 (52851340.004.000) 2025-04-22 20:06:49 Image size of job updated: 8006
	8006  -  MemoryUsage of job (MB)
	8198972  -  ResidentSetSize of job (KB)
...
006 (52851340.003.000) 2025-04-22 20:06:53 Image size of job updated: 7405
	7405  -  MemoryUsage of job (MB)
	7583412  -  ResidentSetSize of job (KB)
...
006 (52851340.002.000) 2025-04-22 20:07:01 Image size of job updated: 6870
	6870  -  MemoryUsage of job (MB)
	7035192  -  ResidentSetSize of job (KB)
...
006 (52851340.004.000) 2025-04-22 20:07:49 Image size of job updated: 8035
	8035  -  MemoryUsage of job (MB)
	8228832  -  ResidentSetSize of job (KB)
...
006 (52851340.003.000) 2025-04-22 20:07:53 Image size of job updated: 7436
	7436  -  MemoryUsage of job (MB)
	7614928  -  ResidentSetSize of job (KB)
...
006 (52851340.002.000) 2025-04-22 20:08:01 Image size of job updated: 6872
	6872  -  MemoryUsage of job (MB)
	7037152  -  ResidentSetSize of job (KB)
...
006 (52851340.004.000) 2025-04-22 20:08:50 Image size of job updated: 8036
	8036  -  MemoryUsage of job (MB)
	8229232  -  ResidentSetSize of job (KB)
...
006 (52851340.003.000) 2025-04-22 20:08:53 Image size of job updated: 7466
	7466  -  MemoryUsage of job (MB)
	7645768  -  ResidentSetSize of job (KB)
...
006 (52851340.002.000) 2025-04-22 20:09:01 Image size of job updated: 6901
	6901  -  MemoryUsage of job (MB)
	7067640  -  ResidentSetSize of job (KB)
...
006 (52851340.004.000) 2025-04-22 20:09:50 Image size of job updated: 8080
	8080  -  MemoryUsage of job (MB)
	8274276  -  ResidentSetSize of job (KB)
...
006 (52851340.003.000) 2025-04-22 20:09:54 Image size of job updated: 7495
	7495  -  MemoryUsage of job (MB)
	7675660  -  ResidentSetSize of job (KB)
...
006 (52851340.002.000) 2025-04-22 20:10:02 Image size of job updated: 6931
	6931  -  MemoryUsage of job (MB)
	7097888  -  ResidentSetSize of job (KB)
...
006 (52851340.004.000) 2025-04-22 20:10:51 Image size of job updated: 8109
	8109  -  MemoryUsage of job (MB)
	8304176  -  ResidentSetSize of job (KB)
...
006 (52851340.000.000) 2025-04-22 20:10:54 Image size of job updated: 7758
	7758  -  MemoryUsage of job (MB)
	7944844  -  ResidentSetSize of job (KB)
...
006 (52851340.003.000) 2025-04-22 20:10:54 Image size of job updated: 7525
	7525  -  MemoryUsage of job (MB)
	7706172  -  ResidentSetSize of job (KB)
...
006 (52851340.002.000) 2025-04-22 20:11:02 Image size of job updated: 6961
	6961  -  MemoryUsage of job (MB)
	7128724  -  ResidentSetSize of job (KB)
...
006 (52851340.004.000) 2025-04-22 20:11:51 Image size of job updated: 8138
	8138  -  MemoryUsage of job (MB)
	8334036  -  ResidentSetSize of job (KB)
...
006 (52851340.000.000) 2025-04-22 20:11:54 Image size of job updated: 7790
	7790  -  MemoryUsage of job (MB)
	7977296  -  ResidentSetSize of job (KB)
...
006 (52851340.003.000) 2025-04-22 20:11:55 Image size of job updated: 7556
	7556  -  MemoryUsage of job (MB)
	7737700  -  ResidentSetSize of job (KB)
...
006 (52851340.002.000) 2025-04-22 20:12:03 Image size of job updated: 6991
	6991  -  MemoryUsage of job (MB)
	7159200  -  ResidentSetSize of job (KB)
...
006 (52851340.004.000) 2025-04-22 20:12:51 Image size of job updated: 8168
	8168  -  MemoryUsage of job (MB)
	8364256  -  ResidentSetSize of job (KB)
...
006 (52851340.000.000) 2025-04-22 20:12:55 Image size of job updated: 7821
	7821  -  MemoryUsage of job (MB)
	8009420  -  ResidentSetSize of job (KB)
...
006 (52851340.003.000) 2025-04-22 20:12:56 Image size of job updated: 7584
	7584  -  MemoryUsage of job (MB)
	7766376  -  ResidentSetSize of job (KB)
...
006 (52851340.002.000) 2025-04-22 20:13:03 Image size of job updated: 7020
	7020  -  MemoryUsage of job (MB)
	7188628  -  ResidentSetSize of job (KB)
...
006 (52851340.004.000) 2025-04-22 20:13:52 Image size of job updated: 8168
	8168  -  MemoryUsage of job (MB)
	8364480  -  ResidentSetSize of job (KB)
...
006 (52851340.000.000) 2025-04-22 20:13:55 Image size of job updated: 7853
	7853  -  MemoryUsage of job (MB)
	8041916  -  ResidentSetSize of job (KB)
...
006 (52851340.003.000) 2025-04-22 20:13:56 Image size of job updated: 7611
	7611  -  MemoryUsage of job (MB)
	7793840  -  ResidentSetSize of job (KB)
...
006 (52851340.002.000) 2025-04-22 20:14:04 Image size of job updated: 7050
	7050  -  MemoryUsage of job (MB)
	7219324  -  ResidentSetSize of job (KB)
...
006 (52851340.004.000) 2025-04-22 20:14:52 Image size of job updated: 8191
	8191  -  MemoryUsage of job (MB)
	8387816  -  ResidentSetSize of job (KB)
...
006 (52851340.000.000) 2025-04-22 20:14:56 Image size of job updated: 7884
	7884  -  MemoryUsage of job (MB)
	8073924  -  ResidentSetSize of job (KB)
...
006 (52851340.003.000) 2025-04-22 20:14:57 Image size of job updated: 7639
	7639  -  MemoryUsage of job (MB)
	7822704  -  ResidentSetSize of job (KB)
...
006 (52851340.002.000) 2025-04-22 20:15:05 Image size of job updated: 7079
	7079  -  MemoryUsage of job (MB)
	7249892  -  ResidentSetSize of job (KB)
...
006 (52851340.004.000) 2025-04-22 20:15:53 Image size of job updated: 8191
	8191  -  MemoryUsage of job (MB)
	8388368  -  ResidentSetSize of job (KB)
...
006 (52851340.000.000) 2025-04-22 20:15:56 Image size of job updated: 7915
	7915  -  MemoryUsage of job (MB)
	8105684  -  ResidentSetSize of job (KB)
...
006 (52851340.003.000) 2025-04-22 20:15:58 Image size of job updated: 7646
	7646  -  MemoryUsage of job (MB)
	7830320  -  ResidentSetSize of job (KB)
...
006 (52851340.002.000) 2025-04-22 20:16:05 Image size of job updated: 7109
	7109  -  MemoryUsage of job (MB)
	7280508  -  ResidentSetSize of job (KB)
...
006 (52851340.004.000) 2025-04-22 20:16:54 Image size of job updated: 8192
	8192  -  MemoryUsage of job (MB)
	8388792  -  ResidentSetSize of job (KB)
...
006 (52851340.000.000) 2025-04-22 20:16:57 Image size of job updated: 7947
	7947  -  MemoryUsage of job (MB)
	8138208  -  ResidentSetSize of job (KB)
...
006 (52851340.003.000) 2025-04-22 20:16:58 Image size of job updated: 7675
	7675  -  MemoryUsage of job (MB)
	7859356  -  ResidentSetSize of job (KB)
...
006 (52851340.002.000) 2025-04-22 20:17:06 Image size of job updated: 7139
	7139  -  MemoryUsage of job (MB)
	7310760  -  ResidentSetSize of job (KB)
...
006 (52851340.004.000) 2025-04-22 20:17:54 Image size of job updated: 8192
	8192  -  MemoryUsage of job (MB)
	8388796  -  ResidentSetSize of job (KB)
...
006 (52851340.000.000) 2025-04-22 20:17:58 Image size of job updated: 7978
	7978  -  MemoryUsage of job (MB)
	8170420  -  ResidentSetSize of job (KB)
...
006 (52851340.003.000) 2025-04-22 20:17:59 Image size of job updated: 7702
	7702  -  MemoryUsage of job (MB)
	7886956  -  ResidentSetSize of job (KB)
...
006 (52851340.002.000) 2025-04-22 20:18:06 Image size of job updated: 7169
	7169  -  MemoryUsage of job (MB)
	7341392  -  ResidentSetSize of job (KB)
...
006 (52851340.000.000) 2025-04-22 20:18:58 Image size of job updated: 8010
	8010  -  MemoryUsage of job (MB)
	8202920  -  ResidentSetSize of job (KB)
...
006 (52851340.003.000) 2025-04-22 20:18:59 Image size of job updated: 7727
	7727  -  MemoryUsage of job (MB)
	7912892  -  ResidentSetSize of job (KB)
...
006 (52851340.002.000) 2025-04-22 20:19:07 Image size of job updated: 7198
	7198  -  MemoryUsage of job (MB)
	7371704  -  ResidentSetSize of job (KB)
...
006 (52851340.000.000) 2025-04-22 20:19:59 Image size of job updated: 8045
	8045  -  MemoryUsage of job (MB)
	8238964  -  ResidentSetSize of job (KB)
...
006 (52851340.003.000) 2025-04-22 20:19:59 Image size of job updated: 7756
	7756  -  MemoryUsage of job (MB)
	7942248  -  ResidentSetSize of job (KB)
...
006 (52851340.002.000) 2025-04-22 20:20:08 Image size of job updated: 7228
	7228  -  MemoryUsage of job (MB)
	7402156  -  ResidentSetSize of job (KB)
...
006 (52851340.000.000) 2025-04-22 20:20:59 Image size of job updated: 8077
	8077  -  MemoryUsage of job (MB)
	8271500  -  ResidentSetSize of job (KB)
...
006 (52851340.003.000) 2025-04-22 20:21:00 Image size of job updated: 7783
	7783  -  MemoryUsage of job (MB)
	7970812  -  ResidentSetSize of job (KB)
...
006 (52851340.002.000) 2025-04-22 20:21:08 Image size of job updated: 7258
	7258  -  MemoryUsage of job (MB)
	7432564  -  ResidentSetSize of job (KB)
...
006 (52851340.003.000) 2025-04-22 20:22:00 Image size of job updated: 7813
	7813  -  MemoryUsage of job (MB)
	8000512  -  ResidentSetSize of job (KB)
...
006 (52851340.000.000) 2025-04-22 20:22:00 Image size of job updated: 8109
	8109  -  MemoryUsage of job (MB)
	8303836  -  ResidentSetSize of job (KB)
...
006 (52851340.002.000) 2025-04-22 20:22:09 Image size of job updated: 7286
	7286  -  MemoryUsage of job (MB)
	7461668  -  ResidentSetSize of job (KB)
...
006 (52851340.003.000) 2025-04-22 20:23:00 Image size of job updated: 7816
	7816  -  MemoryUsage of job (MB)
	8004496  -  ResidentSetSize of job (KB)
...
006 (52851340.000.000) 2025-04-22 20:23:00 Image size of job updated: 8140
	8140  -  MemoryUsage of job (MB)
	8336172  -  ResidentSetSize of job (KB)
...
006 (52851340.002.000) 2025-04-22 20:23:09 Image size of job updated: 7316
	7316  -  MemoryUsage of job (MB)
	7492308  -  ResidentSetSize of job (KB)
...
006 (52851340.003.000) 2025-04-22 20:24:01 Image size of job updated: 7824
	7824  -  MemoryUsage of job (MB)
	8011876  -  ResidentSetSize of job (KB)
...
006 (52851340.000.000) 2025-04-22 20:24:01 Image size of job updated: 8172
	8172  -  MemoryUsage of job (MB)
	8368876  -  ResidentSetSize of job (KB)
...
006 (52851340.002.000) 2025-04-22 20:24:10 Image size of job updated: 7346
	7346  -  MemoryUsage of job (MB)
	7522828  -  ResidentSetSize of job (KB)
...
006 (52851340.000.000) 2025-04-22 20:25:01 Image size of job updated: 8190
	8190  -  MemoryUsage of job (MB)
	8387156  -  ResidentSetSize of job (KB)
...
006 (52851340.003.000) 2025-04-22 20:25:02 Image size of job updated: 7852
	7852  -  MemoryUsage of job (MB)
	8040740  -  ResidentSetSize of job (KB)
...
006 (52851340.002.000) 2025-04-22 20:25:11 Image size of job updated: 7376
	7376  -  MemoryUsage of job (MB)
	7553328  -  ResidentSetSize of job (KB)
...
006 (52851340.000.000) 2025-04-22 20:26:01 Image size of job updated: 8192
	8192  -  MemoryUsage of job (MB)
	8388608  -  ResidentSetSize of job (KB)
...
006 (52851340.003.000) 2025-04-22 20:26:02 Image size of job updated: 7881
	7881  -  MemoryUsage of job (MB)
	8070488  -  ResidentSetSize of job (KB)
...
006 (52851340.002.000) 2025-04-22 20:26:11 Image size of job updated: 7406
	7406  -  MemoryUsage of job (MB)
	7583764  -  ResidentSetSize of job (KB)
...
006 (52851340.000.000) 2025-04-22 20:27:02 Image size of job updated: 8192
	8192  -  MemoryUsage of job (MB)
	8388612  -  ResidentSetSize of job (KB)
...
006 (52851340.003.000) 2025-04-22 20:27:03 Image size of job updated: 7910
	7910  -  MemoryUsage of job (MB)
	8100252  -  ResidentSetSize of job (KB)
...
006 (52851340.002.000) 2025-04-22 20:27:12 Image size of job updated: 7407
	7407  -  MemoryUsage of job (MB)
	7585064  -  ResidentSetSize of job (KB)
...
006 (52851340.003.000) 2025-04-22 20:28:03 Image size of job updated: 7940
	7940  -  MemoryUsage of job (MB)
	8130804  -  ResidentSetSize of job (KB)
...
006 (52851340.002.000) 2025-04-22 20:28:12 Image size of job updated: 7436
	7436  -  MemoryUsage of job (MB)
	7615184  -  ResidentSetSize of job (KB)
...
006 (52851340.003.000) 2025-04-22 20:29:04 Image size of job updated: 7969
	7969  -  MemoryUsage of job (MB)
	8160332  -  ResidentSetSize of job (KB)
...
006 (52851340.002.000) 2025-04-22 20:29:13 Image size of job updated: 7466
	7466  -  MemoryUsage of job (MB)
	7645752  -  ResidentSetSize of job (KB)
...
006 (52851340.003.000) 2025-04-22 20:30:05 Image size of job updated: 8024
	8024  -  MemoryUsage of job (MB)
	8216924  -  ResidentSetSize of job (KB)
...
006 (52851340.002.000) 2025-04-22 20:30:13 Image size of job updated: 7495
	7495  -  MemoryUsage of job (MB)
	7675432  -  ResidentSetSize of job (KB)
...
006 (52851340.003.000) 2025-04-22 20:31:05 Image size of job updated: 8053
	8053  -  MemoryUsage of job (MB)
	8246768  -  ResidentSetSize of job (KB)
...
006 (52851340.002.000) 2025-04-22 20:31:13 Image size of job updated: 7529
	7529  -  MemoryUsage of job (MB)
	7710404  -  ResidentSetSize of job (KB)
...
006 (52851340.003.000) 2025-04-22 20:32:06 Image size of job updated: 8081
	8081  -  MemoryUsage of job (MB)
	8275872  -  ResidentSetSize of job (KB)
...
006 (52851340.002.000) 2025-04-22 20:32:14 Image size of job updated: 7559
	7559  -  MemoryUsage of job (MB)
	7741020  -  ResidentSetSize of job (KB)
...
006 (52851340.003.000) 2025-04-22 20:33:07 Image size of job updated: 8109
	8109  -  MemoryUsage of job (MB)
	8304236  -  ResidentSetSize of job (KB)
...
006 (52851340.002.000) 2025-04-22 20:33:14 Image size of job updated: 7589
	7589  -  MemoryUsage of job (MB)
	7771668  -  ResidentSetSize of job (KB)
...
040 (52851340.000.000) 2025-04-22 20:33:38 Finished transferring output files
...
005 (52851340.000.000) 2025-04-22 20:33:38 Job terminated.
	(1) Normal termination (return value 0)
		Usr 0 04:11:41, Sys 0 00:04:04  -  Run Remote Usage
		Usr 0 00:00:00, Sys 0 00:00:00  -  Run Local Usage
		Usr 0 04:11:41, Sys 0 00:04:04  -  Total Remote Usage
		Usr 0 00:00:00, Sys 0 00:00:00  -  Total Local Usage
	0  -  Run Bytes Sent By Job
	774306112  -  Run Bytes Received By Job
	0  -  Total Bytes Sent By Job
	774306112  -  Total Bytes Received By Job
	Partitionable Resources :      Usage  Request Allocated 
	   Cpus                 :       0.02        1         1 
	   Disk (KB)            : 8758296    52428800  52432098 
	   GPUs                 :                             0 
	   Memory (MB)          :    8192        8192      8192 
	   TimeExecute (s)      :   17288                       
	   TimeSlotBusy (s)     :   17305                       

	Job terminated of its own accord at 2025-04-23T01:33:38Z with exit-code 0.
...
006 (52851340.003.000) 2025-04-22 20:34:07 Image size of job updated: 8138
	8138  -  MemoryUsage of job (MB)
	8333680  -  ResidentSetSize of job (KB)
...
006 (52851340.002.000) 2025-04-22 20:34:15 Image size of job updated: 7619
	7619  -  MemoryUsage of job (MB)
	7802164  -  ResidentSetSize of job (KB)
...
006 (52851340.003.000) 2025-04-22 20:35:08 Image size of job updated: 8168
	8168  -  MemoryUsage of job (MB)
	8364160  -  ResidentSetSize of job (KB)
...
006 (52851340.002.000) 2025-04-22 20:35:16 Image size of job updated: 7649
	7649  -  MemoryUsage of job (MB)
	7832676  -  ResidentSetSize of job (KB)
...
006 (52851340.003.000) 2025-04-22 20:36:09 Image size of job updated: 8190
	8190  -  MemoryUsage of job (MB)
	8387468  -  ResidentSetSize of job (KB)
...
006 (52851340.002.000) 2025-04-22 20:36:16 Image size of job updated: 7678
	7678  -  MemoryUsage of job (MB)
	7863044  -  ResidentSetSize of job (KB)
...
006 (52851340.003.000) 2025-04-22 20:37:09 Image size of job updated: 8191
	8191  -  MemoryUsage of job (MB)
	8387612  -  ResidentSetSize of job (KB)
...
006 (52851340.002.000) 2025-04-22 20:37:17 Image size of job updated: 7708
	7708  -  MemoryUsage of job (MB)
	7893616  -  ResidentSetSize of job (KB)
...
006 (52851340.003.000) 2025-04-22 20:38:10 Image size of job updated: 8191
	8191  -  MemoryUsage of job (MB)
	8388184  -  ResidentSetSize of job (KB)
...
006 (52851340.002.000) 2025-04-22 20:38:17 Image size of job updated: 7738
	7738  -  MemoryUsage of job (MB)
	7924040  -  ResidentSetSize of job (KB)
...
006 (52851340.001.000) 2025-04-22 20:39:03 Image size of job updated: 957
	957  -  MemoryUsage of job (MB)
	980292  -  ResidentSetSize of job (KB)
...
006 (52851340.003.000) 2025-04-22 20:39:11 Image size of job updated: 8191
	8191  -  MemoryUsage of job (MB)
	8388352  -  ResidentSetSize of job (KB)
...
006 (52851340.002.000) 2025-04-22 20:39:18 Image size of job updated: 7768
	7768  -  MemoryUsage of job (MB)
	7954552  -  ResidentSetSize of job (KB)
...
006 (52851340.002.000) 2025-04-22 20:40:19 Image size of job updated: 7797
	7797  -  MemoryUsage of job (MB)
	7985068  -  ResidentSetSize of job (KB)
...
006 (52851340.003.000) 2025-04-22 20:41:12 Image size of job updated: 8191
	8191  -  MemoryUsage of job (MB)
	8388412  -  ResidentSetSize of job (KB)
...
006 (52851340.002.000) 2025-04-22 20:41:19 Image size of job updated: 7827
	7827  -  MemoryUsage of job (MB)
	8015344  -  ResidentSetSize of job (KB)
...
006 (52851340.003.000) 2025-04-22 20:42:12 Image size of job updated: 8191
	8191  -  MemoryUsage of job (MB)
	8388592  -  ResidentSetSize of job (KB)
...
006 (52851340.002.000) 2025-04-22 20:42:20 Image size of job updated: 7857
	7857  -  MemoryUsage of job (MB)
	8045912  -  ResidentSetSize of job (KB)
...
006 (52851340.002.000) 2025-04-22 20:43:20 Image size of job updated: 7858
	7858  -  MemoryUsage of job (MB)
	8047116  -  ResidentSetSize of job (KB)
...
006 (52851340.002.000) 2025-04-22 20:44:21 Image size of job updated: 7888
	7888  -  MemoryUsage of job (MB)
	8077520  -  ResidentSetSize of job (KB)
...
006 (52851340.002.000) 2025-04-22 20:45:21 Image size of job updated: 7917
	7917  -  MemoryUsage of job (MB)
	8107124  -  ResidentSetSize of job (KB)
...
006 (52851340.002.000) 2025-04-22 20:46:22 Image size of job updated: 7941
	7941  -  MemoryUsage of job (MB)
	8132216  -  ResidentSetSize of job (KB)
...
006 (52851340.002.000) 2025-04-22 20:47:23 Image size of job updated: 7971
	7971  -  MemoryUsage of job (MB)
	8162940  -  ResidentSetSize of job (KB)
...
006 (52851340.002.000) 2025-04-22 20:48:23 Image size of job updated: 8001
	8001  -  MemoryUsage of job (MB)
	8193464  -  ResidentSetSize of job (KB)
...
006 (52851340.002.000) 2025-04-22 20:49:24 Image size of job updated: 8031
	8031  -  MemoryUsage of job (MB)
	8223856  -  ResidentSetSize of job (KB)
...
006 (52851340.002.000) 2025-04-22 20:50:24 Image size of job updated: 8060
	8060  -  MemoryUsage of job (MB)
	8254276  -  ResidentSetSize of job (KB)
...
006 (52851340.002.000) 2025-04-22 20:51:25 Image size of job updated: 8090
	8090  -  MemoryUsage of job (MB)
	8284888  -  ResidentSetSize of job (KB)
...
006 (52851340.002.000) 2025-04-22 20:52:26 Image size of job updated: 8120
	8120  -  MemoryUsage of job (MB)
	8315284  -  ResidentSetSize of job (KB)
...
006 (52851340.003.000) 2025-04-22 20:53:18 Image size of job updated: 8191
	8191  -  MemoryUsage of job (MB)
	8388604  -  ResidentSetSize of job (KB)
...
006 (52851340.002.000) 2025-04-22 20:53:26 Image size of job updated: 8150
	8150  -  MemoryUsage of job (MB)
	8345676  -  ResidentSetSize of job (KB)
...
006 (52851340.002.000) 2025-04-22 20:54:27 Image size of job updated: 8180
	8180  -  MemoryUsage of job (MB)
	8376404  -  ResidentSetSize of job (KB)
...
006 (52851340.002.000) 2025-04-22 20:55:27 Image size of job updated: 8191
	8191  -  MemoryUsage of job (MB)
	8388508  -  ResidentSetSize of job (KB)
...
006 (52851340.002.000) 2025-04-22 20:57:28 Image size of job updated: 8192
	8192  -  MemoryUsage of job (MB)
	8388612  -  ResidentSetSize of job (KB)
...
006 (52851340.003.000) 2025-04-22 20:58:20 Image size of job updated: 8192
	8192  -  MemoryUsage of job (MB)
	8388796  -  ResidentSetSize of job (KB)
...
006 (52851340.002.000) 2025-04-22 20:58:28 Image size of job updated: 8192
	8192  -  MemoryUsage of job (MB)
	8388636  -  ResidentSetSize of job (KB)
...
006 (52851340.002.000) 2025-04-22 21:04:31 Image size of job updated: 8192
	8192  -  MemoryUsage of job (MB)
	8388684  -  ResidentSetSize of job (KB)
...
040 (52851340.002.000) 2025-04-22 21:04:58 Finished transferring output files
...
005 (52851340.002.000) 2025-04-22 21:04:59 Job terminated.
	(1) Normal termination (return value 0)
		Usr 0 04:45:11, Sys 0 00:04:12  -  Run Remote Usage
		Usr 0 00:00:00, Sys 0 00:00:00  -  Run Local Usage
		Usr 0 04:45:11, Sys 0 00:04:12  -  Total Remote Usage
		Usr 0 00:00:00, Sys 0 00:00:00  -  Total Local Usage
	0  -  Run Bytes Sent By Job
	774306112  -  Run Bytes Received By Job
	0  -  Total Bytes Sent By Job
	774306112  -  Total Bytes Received By Job
	Partitionable Resources :      Usage  Request Allocated 
	   Cpus                 :       0.00        1         1 
	   Disk (KB)            : 8425991    52428800  52432302 
	   GPUs                 :                             0 
	   Memory (MB)          :    8192        8192      8192 
	   TimeExecute (s)      :   19168                       
	   TimeSlotBusy (s)     :   19186                       

	Job terminated of its own accord at 2025-04-23T02:04:58Z with exit-code 0.
...
006 (52851340.001.000) 2025-04-22 22:13:53 Image size of job updated: 957
	957  -  MemoryUsage of job (MB)
	980296  -  ResidentSetSize of job (KB)
...
006 (52851340.001.000) 2025-04-22 22:17:56 Image size of job updated: 957
	957  -  MemoryUsage of job (MB)
	980300  -  ResidentSetSize of job (KB)
...
006 (52851340.001.000) 2025-04-22 22:19:57 Image size of job updated: 963
	963  -  MemoryUsage of job (MB)
	986288  -  ResidentSetSize of job (KB)
...
006 (52851340.003.000) 2025-04-22 22:25:08 Image size of job updated: 8192
	8192  -  MemoryUsage of job (MB)
	8388812  -  ResidentSetSize of job (KB)
...
006 (52851340.001.000) 2025-04-22 22:28:01 Image size of job updated: 969
	969  -  MemoryUsage of job (MB)
	992904  -  ResidentSetSize of job (KB)
...
006 (52851340.001.000) 2025-04-22 22:39:08 Image size of job updated: 982
	982  -  MemoryUsage of job (MB)
	1005764  -  ResidentSetSize of job (KB)
...
006 (52851340.001.000) 2025-04-22 22:58:17 Image size of job updated: 985
	985  -  MemoryUsage of job (MB)
	1009000  -  ResidentSetSize of job (KB)
...
006 (52851340.001.000) 2025-04-22 23:17:24 Image size of job updated: 986
	986  -  MemoryUsage of job (MB)
	1009884  -  ResidentSetSize of job (KB)
...
006 (52851340.001.000) 2025-04-22 23:35:32 Image size of job updated: 989
	989  -  MemoryUsage of job (MB)
	1013568  -  ResidentSetSize of job (KB)
...
006 (52851340.001.000) 2025-04-22 23:54:42 Image size of job updated: 990
	990  -  MemoryUsage of job (MB)
	1014544  -  ResidentSetSize of job (KB)
...
006 (52851340.004.000) 2025-04-23 00:04:50 Image size of job updated: 8192
	8192  -  MemoryUsage of job (MB)
	8388812  -  ResidentSetSize of job (KB)
...
040 (52851340.001.000) 2025-04-23 00:06:46 Started transferring output files
...
040 (52851340.001.000) 2025-04-23 00:06:46 Finished transferring output files
...
004 (52851340.001.000) 2025-04-23 00:06:47 Job was evicted.
	(0) CPU times
		Usr 0 07:34:27, Sys 0 00:06:26  -  Run Remote Usage
		Usr 0 00:00:00, Sys 0 00:00:00  -  Run Local Usage
	28086  -  Run Bytes Sent By Job
	774306240  -  Run Bytes Received By Job
	Partitionable Resources :       Usage  Request Allocated 
	   Cpus                 :        0.00        1         1 
	   Disk (KB)            : 11420718    52428800  52432084 
	   GPUs                 :                              0 
	   Memory (MB)          :      990        8192      8192 
	   TimeExecute (s)      :    30076                       
	   TimeSlotBusy (s)     :    30094                       
...
009 (52851340.001.000) 2025-04-23 00:06:47 Job was aborted.
	via condor_rm (by user msahoo)
...
006 (52851340.003.000) 2025-04-23 00:32:15 Image size of job updated: 8192
	8192  -  MemoryUsage of job (MB)
	8388832  -  ResidentSetSize of job (KB)
...
006 (52851340.004.000) 2025-04-23 03:21:33 Image size of job updated: 8192
	8192  -  MemoryUsage of job (MB)
	8388832  -  ResidentSetSize of job (KB)
...
040 (52851340.004.000) 2025-04-23 03:33:49 Finished transferring output files
...
005 (52851340.004.000) 2025-04-23 03:33:49 Job terminated.
	(1) Normal termination (return value 0)
		Usr 0 10:28:08, Sys 0 00:10:46  -  Run Remote Usage
		Usr 0 00:00:00, Sys 0 00:00:00  -  Run Local Usage
		Usr 0 10:28:08, Sys 0 00:10:46  -  Total Remote Usage
		Usr 0 00:00:00, Sys 0 00:00:00  -  Total Local Usage
	0  -  Run Bytes Sent By Job
	774306112  -  Run Bytes Received By Job
	0  -  Total Bytes Sent By Job
	774306112  -  Total Bytes Received By Job
	Partitionable Resources :       Usage  Request Allocated 
	   Cpus                 :        0.01        1         1 
	   Disk (KB)            : 20664607    52428800  52432085 
	   GPUs                 :                              0 
	   Memory (MB)          :     8192        8192      8192 
	   TimeExecute (s)      :    42498                       
	   TimeSlotBusy (s)     :    42516                       

	Job terminated of its own accord at 2025-04-23T08:33:48Z with exit-code 0.
...
040 (52851340.003.000) 2025-04-23 04:40:11 Finished transferring output files
...
005 (52851340.003.000) 2025-04-23 04:40:11 Job terminated.
	(1) Normal termination (return value 0)
		Usr 0 11:23:10, Sys 0 00:11:19  -  Run Remote Usage
		Usr 0 00:00:00, Sys 0 00:00:00  -  Run Local Usage
		Usr 0 11:23:10, Sys 0 00:11:19  -  Total Remote Usage
		Usr 0 00:00:00, Sys 0 00:00:00  -  Total Local Usage
	0  -  Run Bytes Sent By Job
	774306432  -  Run Bytes Received By Job
	0  -  Total Bytes Sent By Job
	774306432  -  Total Bytes Received By Job
	Partitionable Resources :    Usage  Request Allocated 
	   Cpus                 :        0        1         1 
	   Disk (KB)            : 19704458 52428800  52430330 
	   GPUs                 :                           0 
	   Memory (MB)          :     8192     8192      8192 
	   TimeExecute (s)      :    46479                    
	   TimeSlotBusy (s)     :    46498                    

	Job terminated of its own accord at 2025-04-23T09:40:10Z with exit-code 0.
...
